{"type": "FeatureCollection", "features": [{"id": "0", "type": "Feature", "properties": {"name": "\u042e\u0436\u043d\u044b\u0439 \u0430\u0434\u043c\u0438\u043d\u0438\u0441\u0442\u0440\u0430\u0442\u0438\u0432\u043d\u044b\u0439 \u043e\u043a\u0440\u0443\u0433"}, "geometry": {"type": "MultiPolygon", "coordinates": [[[[37.5736159, 55.6059499], [37.5718677, 55.6059887], [37.5712989, 55.6067178], [37.5701402, 55.6071541], [37.5698954, 55.607243], [37.5699062, 55.6073702], [37.5699656, 55.6075291], [37.5698498, 55.6075581], [37.5698841, 55.6077177], [37.5697983, 55.6080693], [37.5699163, 55.6084693], [37.5709543, 55.6085132], [37.5717053, 55.6083799], [37.5719867, 55.6083093], [37.5732882, 55.6083088], [37.5736164, 55.6083608], [37.5742437, 55.6086923], [37.5746859, 55.6088169], [37.5755756, 55.6109835], [37.5756342, 55.6114468], [37.5756781, 55.6117933], [37.5756842, 55.6118865], [37.5757104, 55.6122829], [37.575229, 55.6126364], [37.5746262, 55.6132284], [37.5775274, 55.6143282], [37.577792, 55.6145257], [37.5780866, 55.614758], [37.5776933, 55.6148621], [37.5759344, 55.6155066], [37.5783978, 55.6186731], [37.5784625, 55.6187563], [37.5786883, 55.6189757], [37.5794246, 55.6196914], [37.580422, 55.6193292], [37.5804986, 55.6193862], [37.579517, 55.6198313], [37.5788851, 55.6200949], [37.5778947, 55.619345], [37.5775512, 55.6192541], [37.5773218, 55.6192619], [37.5769765, 55.6193082], [37.5756783, 55.6196778], [37.5749917, 55.6198232], [37.5747449, 55.6200473], [37.5750561, 55.6205441], [37.5755603, 55.6210227], [37.5759466, 55.6214225], [37.5763972, 55.6217557], [37.5769209, 55.6219629], [37.5779348, 55.6217396], [37.5780788, 55.621908], [37.5785887, 55.6217688], [37.5788427, 55.6217451], [37.5783079, 55.622052], [37.5783812, 55.6222139], [37.5787147, 55.6222363], [37.5788799, 55.622119], [37.5791708, 55.6221094], [37.5796675, 55.6219386], [37.5796706, 55.6218476], [37.5799078, 55.6217421], [37.5801119, 55.6217013], [37.5802912, 55.6217814], [37.5805351, 55.6217889], [37.5812583, 55.6222291], [37.5817505, 55.6225927], [37.5826328, 55.6232446], [37.5822191, 55.6233277], [37.5816588, 55.6229194], [37.581544, 55.6230362], [37.5818278, 55.6232463], [37.5818813, 55.6233534], [37.5817207, 55.623388], [37.5819263, 55.6236362], [37.5817785, 55.6238466], [37.5813931, 55.6240714], [37.5819864, 55.6242456], [37.5823541, 55.6243623], [37.5820297, 55.6245849], [37.5824207, 55.6248027], [37.5827831, 55.6251651], [37.5828853, 55.6254039], [37.5832426, 55.6262311], [37.5834473, 55.6262846], [37.5836353, 55.626329], [37.5838163, 55.6269123], [37.5840441, 55.6268863], [37.5842062, 55.6266933], [37.5843504, 55.6266836], [37.5846822, 55.6277039], [37.5846277, 55.6277403], [37.5843489, 55.6276415], [37.5841913, 55.6275846], [37.5840257, 55.6277789], [37.5840881, 55.627995], [37.5844474, 55.6280008], [37.5847404, 55.6279252], [37.5849169, 55.6283455], [37.5850271, 55.628723], [37.5848356, 55.6287675], [37.584672, 55.6284764], [37.5843504, 55.6285628], [37.5842214, 55.6284348], [37.5841652, 55.6286932], [37.5845884, 55.6289691], [37.5851467, 55.6292006], [37.585284, 55.6293994], [37.5852598, 55.6295397], [37.5853956, 55.6297962], [37.5855103, 55.6300194], [37.5857961, 55.6306214], [37.5858754, 55.6308714], [37.5858587, 55.6311686], [37.5855818, 55.6314101], [37.5852426, 55.6314864], [37.58382, 55.6314728], [37.5772657, 55.6326769], [37.577406, 55.6343603], [37.57757, 55.6344539], [37.5777813, 55.6346988], [37.5781386, 55.6347387], [37.5787978, 55.6353579], [37.5790579, 55.6354051], [37.5792055, 55.6355529], [37.5791407, 55.6356592], [37.5792797, 55.6357806], [37.5801575, 55.6355635], [37.5805943, 55.6359109], [37.5798445, 55.6360225], [37.5803196, 55.6365674], [37.5805255, 55.6365883], [37.5806218, 55.6367698], [37.5808298, 55.6368147], [37.5811042, 55.6372783], [37.5816658, 55.6372003], [37.5816654, 55.6372042], [37.5822546, 55.638467], [37.5819071, 55.6386913], [37.5814906, 55.6389599], [37.5814476, 55.6394871], [37.5816208, 55.6394753], [37.5820567, 55.6395444], [37.5821552, 55.6396523], [37.5821194, 55.6397349], [37.5820024, 55.6398242], [37.5816157, 55.6399652], [37.5812617, 55.640895], [37.581923, 55.6408999], [37.5819116, 55.6409906], [37.582001, 55.6412221], [37.5807066, 55.6423331], [37.5792903, 55.6428011], [37.5793621, 55.6436151], [37.580003, 55.6438218], [37.5800958, 55.6448098], [37.5801146, 55.6449409], [37.5804123, 55.6449224], [37.5804285, 55.6451109], [37.5803883, 55.6453261], [37.5826672, 55.6446347], [37.5865866, 55.6434339], [37.5894152, 55.6425789], [37.5902235, 55.6423971], [37.5916831, 55.6421885], [37.594513, 55.6419631], [37.5948164, 55.6419459], [37.6056701, 55.6413716], [37.6056462, 55.6433403], [37.6056083, 55.6445012], [37.6055981, 55.6448199], [37.6055888, 55.6453814], [37.6055654, 55.6473845], [37.6054803, 55.6510624], [37.6054514, 55.6530715], [37.6054489, 55.6533881], [37.6054398, 55.6537329], [37.6054158, 55.6547951], [37.6053943, 55.6562206], [37.6053949, 55.6564187], [37.6054137, 55.65653], [37.6054466, 55.6566175], [37.6056145, 55.6568169], [37.6058225, 55.6570437], [37.6068603, 55.6579293], [37.6080582, 55.6588985], [37.608115, 55.6589478], [37.6099599, 55.6604496], [37.6102368, 55.6606777], [37.6105353, 55.6609003], [37.6113748, 55.6615981], [37.6131638, 55.6631281], [37.6133979, 55.6633318], [37.613497, 55.6634142], [37.6135717, 55.6634792], [37.6076463, 55.664083], [37.6078499, 55.6642966], [37.6080471, 55.6644866], [37.6088027, 55.6651214], [37.6096955, 55.6652214], [37.6099964, 55.6651614], [37.6106439, 55.6649643], [37.6108762, 55.6651932], [37.6108547, 55.6653097], [37.6108252, 55.665442], [37.6108049, 55.665498], [37.6110172, 55.6656747], [37.6116351, 55.6661287], [37.6106909, 55.6665542], [37.6070449, 55.668189], [37.6061238, 55.668915], [37.6062978, 55.6708251], [37.6062278, 55.6716954], [37.6060946, 55.6724949], [37.6061664, 55.6728697], [37.6067054, 55.6728336], [37.6069147, 55.6738731], [37.6072285, 55.6741797], [37.6073743, 55.6744852], [37.6073782, 55.6746682], [37.6077371, 55.6747118], [37.6081015, 55.6749551], [37.6083793, 55.675234], [37.6085901, 55.6753362], [37.608593, 55.6754577], [37.6084808, 55.6756786], [37.6085336, 55.6758092], [37.6087795, 55.6760004], [37.6089553, 55.6763047], [37.6091225, 55.6764084], [37.6092477, 55.6764783], [37.6094396, 55.6766155], [37.6099334, 55.6767357], [37.6100304, 55.6768254], [37.6101848, 55.6769658], [37.6104767, 55.6770723], [37.6108972, 55.67714], [37.6112921, 55.6772175], [37.6114228, 55.6773191], [37.6115212, 55.6775203], [37.6115444, 55.6779144], [37.6115061, 55.6780989], [37.6114758, 55.6783295], [37.6117106, 55.6786056], [37.612013, 55.6788105], [37.6123593, 55.6789646], [37.6126654, 55.6792742], [37.6132233, 55.6796517], [37.6137782, 55.6799858], [37.6141473, 55.6803811], [37.6144722, 55.6804385], [37.6146941, 55.6805557], [37.614737, 55.6806375], [37.6149209, 55.6809259], [37.6147008, 55.6815983], [37.6147315, 55.6817773], [37.6147741, 55.6818926], [37.6147606, 55.6819975], [37.6146515, 55.6821498], [37.6145549, 55.6824292], [37.6145803, 55.6826895], [37.6144989, 55.6827704], [37.6144031, 55.6828654], [37.6142883, 55.6829497], [37.614198, 55.6830158], [37.6141105, 55.6830969], [37.6139701, 55.6831716], [37.6139286, 55.6833515], [37.6138313, 55.68368], [37.6137717, 55.6840146], [37.6137436, 55.6842015], [37.6137023, 55.6844758], [37.613156, 55.6843777], [37.6125961, 55.6842769], [37.6120808, 55.6841842], [37.6113805, 55.6840735], [37.6106537, 55.6839671], [37.6099105, 55.6838812], [37.6093448, 55.6838665], [37.6090241, 55.6838718], [37.6086083, 55.6838867], [37.6081206, 55.6839452], [37.6076158, 55.6840609], [37.6071679, 55.684196], [37.6067489, 55.6843561], [37.6064313, 55.6845105], [37.6060047, 55.6847503], [37.6057129, 55.6849572], [37.6054762, 55.6851869], [37.6052716, 55.6854176], [37.6050227, 55.6857954], [37.604949, 55.6860546], [37.6049147, 55.6863256], [37.6049318, 55.6866554], [37.6049833, 55.6869795], [37.6050849, 55.6873154], [37.6052165, 55.6877218], [37.6052902, 55.6880743], [37.6052852, 55.6884461], [37.6052441, 55.688807], [37.6051741, 55.6890097], [37.6051011, 55.6891501], [37.6047415, 55.6895644], [37.6044926, 55.6897973], [37.6040149, 55.6900694], [37.6035131, 55.6903468], [37.6037381, 55.6905249], [37.6037862, 55.6906298], [37.603272, 55.6908552], [37.6026056, 55.6912173], [37.6019757, 55.6915366], [37.6015421, 55.6915515], [37.6012404, 55.6917549], [37.600685, 55.6922024], [37.5999503, 55.6927588], [37.5995197, 55.6931261], [37.5991282, 55.6934459], [37.5988438, 55.6936938], [37.598404, 55.6940702], [37.5980599, 55.694353], [37.5974813, 55.6948291], [37.597028, 55.6952161], [37.5969259, 55.6953234], [37.5964835, 55.695789], [37.5961214, 55.6961337], [37.5957781, 55.6965358], [37.5951933, 55.697234], [37.5948393, 55.6976483], [37.5940052, 55.6986202], [37.5932272, 55.6994938], [37.5925729, 55.7002693], [37.589841, 55.703506], [37.5884653, 55.705105], [37.5878804, 55.7057732], [37.587705, 55.70595], [37.587621, 55.7060686], [37.5873424, 55.7063265], [37.5877268, 55.7065411], [37.5887529, 55.7071218], [37.5853645, 55.7088144], [37.5842269, 55.7095136], [37.5834012, 55.7100423], [37.5821396, 55.7109925], [37.582267, 55.7110348], [37.5827864, 55.7112279], [37.5839253, 55.7110137], [37.5851013, 55.7112334], [37.5851709, 55.7112041], [37.5852018, 55.7112269], [37.5852319, 55.7112481], [37.5853471, 55.7111972], [37.5854287, 55.7111634], [37.5854794, 55.7111405], [37.585594, 55.7110909], [37.5883361, 55.7130958], [37.5882421, 55.7131353], [37.5878736, 55.7132951], [37.5879122, 55.7133267], [37.5884453, 55.7137628], [37.5879383, 55.7139531], [37.5899321, 55.7153367], [37.5904085, 55.7156775], [37.5905036, 55.7157456], [37.5906914, 55.7156866], [37.5917206, 55.7164483], [37.5919056, 55.7163791], [37.5926712, 55.7168706], [37.5925443, 55.7169478], [37.5925046, 55.7169234], [37.592419, 55.7169684], [37.5924591, 55.7169919], [37.5916661, 55.7174589], [37.5908118, 55.7177464], [37.5907951, 55.717873], [37.5914256, 55.7183392], [37.5914581, 55.7183647], [37.5921326, 55.7188278], [37.5922069, 55.719293], [37.5922284, 55.7194285], [37.5924789, 55.7195611], [37.5927146, 55.719686], [37.5927473, 55.7196718], [37.5928184, 55.7196453], [37.5929726, 55.7195751], [37.5926185, 55.7194059], [37.5925649, 55.719146], [37.5940838, 55.7183252], [37.5944117, 55.7185393], [37.5944729, 55.7185793], [37.595022, 55.7189378], [37.5957372, 55.7194047], [37.5957666, 55.7194239], [37.5958694, 55.7194985], [37.5968012, 55.7200931], [37.5968553, 55.7201303], [37.5972367, 55.7199632], [37.5974936, 55.7201418], [37.598128, 55.7198467], [37.6003099, 55.7213012], [37.6004261, 55.7212786], [37.600683, 55.7212122], [37.6014639, 55.7210339], [37.6015681, 55.7210149], [37.6023836, 55.7208503], [37.6034349, 55.7206447], [37.6051458, 55.7202975], [37.6052622, 55.7202755], [37.6053873, 55.7202515], [37.6066878, 55.7199943], [37.6070227, 55.7199427], [37.607511, 55.7198492], [37.6085199, 55.7196637], [37.6089062, 55.7195926], [37.608995, 55.7195767], [37.6092691, 55.7195326], [37.6093139, 55.7195261], [37.6093473, 55.7195213], [37.609654, 55.7203025], [37.6098889, 55.7208967], [37.6099925, 55.7211624], [37.6100957, 55.7214266], [37.6101202, 55.7214238], [37.6101834, 55.7214179], [37.6103739, 55.7213999], [37.6104382, 55.721394], [37.6104659, 55.7213915], [37.6108795, 55.7213536], [37.6111515, 55.7213309], [37.6116236, 55.7212915], [37.6119223, 55.7212635], [37.6121968, 55.7212378], [37.6141691, 55.7210527], [37.6142451, 55.7210391], [37.6143041, 55.7210255], [37.6143913, 55.7209991], [37.6144777, 55.7209563], [37.6148015, 55.7206912], [37.6149946, 55.7205473], [37.6154863, 55.7201681], [37.6155388, 55.7200789], [37.6157048, 55.7200999], [37.615804, 55.7201084], [37.6169635, 55.7202078], [37.6173353, 55.7202408], [37.6175472, 55.7202602], [37.6177488, 55.7202788], [37.6178584, 55.7202913], [37.6178976, 55.7202963], [37.619102, 55.7204579], [37.6197048, 55.7205387], [37.6202361, 55.7206099], [37.6213345, 55.7207572], [37.6213415, 55.7207585], [37.6221726, 55.7208718], [37.6222489, 55.7208828], [37.6223978, 55.7209029], [37.6225805, 55.720932], [37.6233191, 55.7210003], [37.6235854, 55.7210249], [37.6238069, 55.721043], [37.6239383, 55.7210537], [37.6240863, 55.7210657], [37.6256769, 55.7211947], [37.6264035, 55.7212464], [37.6268215, 55.7212762], [37.6270447, 55.7212929], [37.6270899, 55.7212963], [37.6273067, 55.7213126], [37.6276274, 55.7213366], [37.6278928, 55.7213649], [37.6279359, 55.7213743], [37.6297229, 55.7217654], [37.6302228, 55.7218748], [37.6311221, 55.7220819], [37.6314058, 55.7221496], [37.6315352, 55.72218], [37.6317556, 55.7222349], [37.6318754, 55.7222635], [37.6330619, 55.7225646], [37.6337153, 55.7224541], [37.633988, 55.7223979], [37.6343872, 55.7223137], [37.6356664, 55.7220411], [37.6358021, 55.72202], [37.6358306, 55.7220865], [37.6360627, 55.7226174], [37.6360924, 55.7226843], [37.6363798, 55.7233358], [37.6364041, 55.7233913], [37.6364244, 55.7235433], [37.6366034, 55.7235278], [37.6366707, 55.7235184], [37.6372098, 55.7234306], [37.6377185, 55.7233472], [37.6379142, 55.7233176], [37.6382286, 55.7232642], [37.638375, 55.7232395], [37.6390914, 55.7230994], [37.6398038, 55.72295], [37.6400072, 55.7229008], [37.6400841, 55.7228801], [37.6409978, 55.7225805], [37.6411964, 55.7224965], [37.6412627, 55.7224649], [37.6416225, 55.7222507], [37.6416908, 55.7222247], [37.6417644, 55.7222108], [37.6418821, 55.7221974], [37.6419745, 55.7221997], [37.6420645, 55.7222074], [37.642886, 55.7223279], [37.6434012, 55.7223923], [37.6437422, 55.7224037], [37.6438086, 55.7226214], [37.6439832, 55.7234127], [37.6440463, 55.7237262], [37.6440594, 55.7237913], [37.6440666, 55.7238281], [37.6440761, 55.7238759], [37.6441042, 55.724015], [37.6441337, 55.7242038], [37.6441788, 55.7244932], [37.6443198, 55.7253695], [37.6443898, 55.725714], [37.644462, 55.7260664], [37.6445229, 55.7263336], [37.6446414, 55.7268559], [37.6447237, 55.7272113], [37.6447869, 55.7274824], [37.6448724, 55.7278199], [37.6448797, 55.7278566], [37.6448981, 55.7279684], [37.644911, 55.7280118], [37.644943, 55.7280767], [37.6455742, 55.7289148], [37.6456661, 55.7290353], [37.6459446, 55.7293997], [37.645964, 55.7294248], [37.6459844, 55.7294513], [37.645995, 55.729465], [37.6507319, 55.728317], [37.6507803, 55.7283045], [37.6509685, 55.7283021], [37.6511295, 55.7282575], [37.6515535, 55.7281441], [37.6516458, 55.7281303], [37.6517504, 55.7281281], [37.6518488, 55.7281335], [37.6519972, 55.7281598], [37.6521256, 55.7281997], [37.6522857, 55.7280661], [37.6542108, 55.7288214], [37.6557668, 55.7276236], [37.6562105, 55.7270994], [37.6567175, 55.7263724], [37.6598892, 55.7266764], [37.6619943, 55.7267136], [37.6623635, 55.7267149], [37.6626316, 55.7267269], [37.6627505, 55.726731], [37.6629455, 55.7267454], [37.6631267, 55.7267583], [37.6634106, 55.7260038], [37.6635975, 55.7252211], [37.6636391, 55.7248896], [37.6636755, 55.724564], [37.6636767, 55.7239223], [37.6636784, 55.7230679], [37.6636574, 55.7224992], [37.6636425, 55.721949], [37.6636525, 55.720869], [37.6635834, 55.7190069], [37.6636206, 55.7184525], [37.6636775, 55.7181319], [37.6639467, 55.7174168], [37.6650128, 55.7140529], [37.6658801, 55.7112053], [37.6661257, 55.7104931], [37.6662648, 55.7100974], [37.6663559, 55.7097949], [37.6672947, 55.706948], [37.6674301, 55.7065678], [37.667811, 55.7052823], [37.6675631, 55.7031389], [37.6673529, 55.7012703], [37.667289, 55.7007414], [37.6709547, 55.7005006], [37.6729337, 55.6996768], [37.6744854, 55.6985084], [37.6790112, 55.6981916], [37.6842701, 55.6974223], [37.6885131, 55.6965787], [37.6947839, 55.6953505], [37.7075727, 55.6932704], [37.7121217, 55.6884567], [37.7123792, 55.6846585], [37.71195, 55.6813197], [37.7079298, 55.6791007], [37.7072418, 55.6788002], [37.7047616, 55.6773626], [37.7026565, 55.6765772], [37.7003413, 55.6758865], [37.6972824, 55.6750684], [37.6926177, 55.6738005], [37.6907474, 55.6732397], [37.6893415, 55.6727018], [37.6885428, 55.6720653], [37.6874025, 55.6711563], [37.6824243, 55.6706238], [37.6818852, 55.6704262], [37.6781327, 55.6690507], [37.6750428, 55.6676468], [37.6732404, 55.6651054], [37.6731553, 55.6647962], [37.6723821, 55.6619827], [37.6716318, 55.6565742], [37.6716026, 55.6563637], [37.6715218, 55.6557792], [37.6716505, 55.6543507], [37.6725947, 55.6532127], [37.6745688, 55.6517599], [37.6780449, 55.6499439], [37.6889454, 55.6452217], [37.6929061, 55.6438288], [37.6944815, 55.6432842], [37.6994168, 55.6421217], [37.7132784, 55.6394574], [37.7264697, 55.6406196], [37.7290341, 55.6408512], [37.7295024, 55.6408924], [37.7453811, 55.6398993], [37.7495868, 55.6406259], [37.766195, 55.6454456], [37.7669191, 55.645621], [37.7673684, 55.6457297], [37.7792313, 55.6486015], [37.7797992, 55.648739], [37.783447, 55.6485453], [37.7853353, 55.6473345], [37.7855069, 55.6451065], [37.7851215, 55.6444988], [37.7838332, 55.6425878], [37.7842624, 55.6383249], [37.7850349, 55.6332622], [37.7867086, 55.6302581], [37.7897556, 55.6257516], [37.7925319, 55.6237146], [37.793561, 55.6229597], [37.7921271, 55.6221692], [37.7919923, 55.6223069], [37.7884278, 55.6205113], [37.7882884, 55.6204411], [37.788356, 55.6203781], [37.7875206, 55.6200178], [37.786825, 55.6196597], [37.786594, 55.6195349], [37.7848537, 55.6185952], [37.7847041, 55.6186675], [37.7840772, 55.6183469], [37.783851, 55.6182265], [37.7837363, 55.618106], [37.7837049, 55.6179699], [37.783729, 55.6178842], [37.7838083, 55.6177631], [37.7839601, 55.6176293], [37.7841284, 55.6175417], [37.784361, 55.6174671], [37.7846494, 55.6174273], [37.7849068, 55.6174032], [37.7852019, 55.6173861], [37.7854679, 55.6173674], [37.7857186, 55.6173532], [37.786014, 55.6173311], [37.786333, 55.6172982], [37.7865953, 55.6172294], [37.7868295, 55.6171253], [37.7870561, 55.6169901], [37.7871859, 55.6169066], [37.7871216, 55.6168475], [37.7869298, 55.6166549], [37.786726, 55.6167027], [37.7865344, 55.6167436], [37.7862831, 55.6167731], [37.7857686, 55.6167969], [37.7853894, 55.6168076], [37.7850531, 55.6168196], [37.7842848, 55.6168461], [37.7840115, 55.6168206], [37.783783, 55.616762], [37.7835832, 55.6166728], [37.7833583, 55.6165668], [37.7830304, 55.6164361], [37.7827613, 55.616339], [37.7822937, 55.6162429], [37.7816889, 55.6161491], [37.7811217, 55.6160798], [37.780543, 55.6160112], [37.7800722, 55.6158902], [37.7795842, 55.6156566], [37.7779169, 55.6147828], [37.7759097, 55.6137839], [37.7713054, 55.6112744], [37.7667229, 55.6086402], [37.7650518, 55.6077506], [37.763028, 55.6066095], [37.7622816, 55.6062489], [37.762271, 55.6061494], [37.7610889, 55.6055198], [37.7572892, 55.603425], [37.7538313, 55.6015974], [37.7507262, 55.6002133], [37.7484849, 55.5992737], [37.746705, 55.5985276], [37.74118, 55.5962142], [37.7369501, 55.5944435], [37.7335289, 55.5929779], [37.733199, 55.5927468], [37.7329246, 55.5925209], [37.7327443, 55.5923436], [37.7325458, 55.5921338], [37.7324699, 55.5919253], [37.7323984, 55.5917251], [37.7323144, 55.5915102], [37.7322362, 55.5912954], [37.7321658, 55.5911024], [37.7320985, 55.5909144], [37.7320417, 55.5907099], [37.7320141, 55.5905853], [37.7319992, 55.5904545], [37.7319945, 55.5903581], [37.7319906, 55.5902632], [37.7319959, 55.5900768], [37.7320405, 55.5899349], [37.7321391, 55.5897707], [37.7322421, 55.5896419], [37.7323246, 55.5895438], [37.7324137, 55.5894466], [37.7325737, 55.5893185], [37.7328041, 55.5891672], [37.7321734, 55.5887973], [37.7315405, 55.5891003], [37.7312786, 55.5892202], [37.7311441, 55.589309], [37.730844, 55.5894677], [37.7306337, 55.5895625], [37.7304368, 55.5896722], [37.7302522, 55.5897125], [37.7288607, 55.5898756], [37.7283699, 55.5899339], [37.7269731, 55.5900823], [37.7263488, 55.5900666], [37.7252713, 55.5896181], [37.7245036, 55.5893131], [37.7240509, 55.5891333], [37.719658, 55.5873263], [37.7161643, 55.5860004], [37.715998, 55.5858934], [37.7155509, 55.5857414], [37.7129494, 55.584803], [37.7113803, 55.5842369], [37.7101098, 55.58377], [37.7082444, 55.5830899], [37.7075248, 55.5828219], [37.7062192, 55.5823338], [37.704644, 55.581748], [37.7047479, 55.5816565], [37.7034258, 55.5811787], [37.7032963, 55.5812799], [37.700929, 55.5803959], [37.7010582, 55.5802729], [37.7002971, 55.5799928], [37.6994007, 55.5796826], [37.6990521, 55.5795532], [37.6964363, 55.5785494], [37.6926913, 55.5771598], [37.6925642, 55.5771246], [37.6922377, 55.5768748], [37.6920914, 55.5767525], [37.6919121, 55.5766055], [37.6917886, 55.5764074], [37.691762, 55.5761893], [37.6916837, 55.5759929], [37.6916375, 55.5758125], [37.691601, 55.5756505], [37.6915592, 55.5754958], [37.691507, 55.5753211], [37.6914688, 55.5750966], [37.6914205, 55.5749429], [37.6913798, 55.5747847], [37.6913783, 55.5746384], [37.6913698, 55.5744407], [37.691364, 55.574262], [37.6914081, 55.5741023], [37.6914449, 55.5739205], [37.6914794, 55.5737855], [37.6915183, 55.5736787], [37.6915537, 55.5735887], [37.691585, 55.5734044], [37.6916003, 55.5732358], [37.6916532, 55.5731273], [37.6917206, 55.5729498], [37.6909246, 55.572319], [37.6907794, 55.5724783], [37.6906463, 55.5726666], [37.6905057, 55.5728355], [37.6904332, 55.572925], [37.6902705, 55.5730156], [37.6899395, 55.5731851], [37.6896363, 55.5732939], [37.6894471, 55.5733803], [37.6891552, 55.5734795], [37.6887522, 55.5735789], [37.688405, 55.5736595], [37.6881509, 55.5737166], [37.6876848, 55.5738046], [37.687388, 55.5738591], [37.6869446, 55.5739271], [37.6864905, 55.5740027], [37.6858455, 55.5740918], [37.6855442, 55.5741089], [37.6851822, 55.5741203], [37.6849025, 55.5740905], [37.6845672, 55.5740546], [37.6830843, 55.5736685], [37.6807341, 55.5729178], [37.6760494, 55.5720884], [37.6707236, 55.5716683], [37.6663747, 55.5716676], [37.664279, 55.5716295], [37.6634287, 55.5716593], [37.6590501, 55.5719243], [37.6568675, 55.5721218], [37.655794, 55.5721808], [37.6545428, 55.5722495], [37.653897, 55.572285], [37.6531628, 55.5720761], [37.6528297, 55.5719994], [37.6526468, 55.5720043], [37.6522806, 55.5720045], [37.6517895, 55.572002], [37.6515648, 55.5719909], [37.6512684, 55.5719788], [37.6511322, 55.5719649], [37.6509784, 55.5719198], [37.6508588, 55.5718381], [37.6507517, 55.5717346], [37.6504911, 55.5718316], [37.6505331, 55.5719236], [37.6505588, 55.5720054], [37.6504831, 55.572163], [37.6503512, 55.5722851], [37.650235, 55.5723383], [37.6500034, 55.5724198], [37.6496649, 55.5724788], [37.6456679, 55.5727127], [37.6424402, 55.572906], [37.637766, 55.5731755], [37.6350318, 55.573336], [37.6350401, 55.5734491], [37.6329013, 55.5735341], [37.6329296, 55.5734593], [37.6307328, 55.5735881], [37.6307833, 55.573624], [37.6285031, 55.5737578], [37.6284301, 55.5737233], [37.6233083, 55.5740243], [37.6178511, 55.5743618], [37.6131252, 55.5746309], [37.6110919, 55.5747441], [37.6064866, 55.5750039], [37.6055415, 55.5750574], [37.6054914, 55.5750458], [37.6050413, 55.5748936], [37.6047304, 55.5747622], [37.6044255, 55.5745995], [37.6044517, 55.5745825], [37.6041628, 55.5744193], [37.6041122, 55.5744261], [37.6040772, 55.5744821], [37.6041801, 55.5747589], [37.6040492, 55.5748439], [37.6039597, 55.5749672], [37.6038329, 55.5751005], [37.6036849, 55.5752108], [37.6031908, 55.5752348], [37.6003202, 55.5753745], [37.5994046, 55.5749003], [37.5984891, 55.5744262], [37.5983198, 55.5743151], [37.5979575, 55.5740332], [37.5978592, 55.5739406], [37.5978046, 55.5738788], [37.5977935, 55.5738108], [37.5977879, 55.57378], [37.5978042, 55.5737336], [37.5978588, 55.5735129], [37.5979456, 55.5732936], [37.5980909, 55.5728823], [37.5981528, 55.5727566], [37.5981943, 55.5726662], [37.5982772, 55.5725209], [37.5983808, 55.5723559], [37.5985121, 55.5721869], [37.5994671, 55.5714282], [37.5999584, 55.5710076], [37.6002003, 55.5707011], [37.600563, 55.5707352], [37.600597, 55.5705701], [37.60062, 55.5701805], [37.6008504, 55.5696671], [37.6009769, 55.5690877], [37.6010965, 55.568416], [37.6016746, 55.5672282], [37.6022875, 55.5663726], [37.5983969, 55.5666054], [37.5974675, 55.5668717], [37.5975531, 55.5678881], [37.5971962, 55.569083], [37.5949874, 55.5717836], [37.5940995, 55.5729337], [37.5937007, 55.5735419], [37.59283, 55.5746647], [37.5925252, 55.5750355], [37.5922403, 55.5753998], [37.592098, 55.5755528], [37.5918516, 55.5757745], [37.5915215, 55.5760759], [37.5912074, 55.5762538], [37.5900931, 55.5768957], [37.5866644, 55.5777032], [37.5781401, 55.5797322], [37.5729398, 55.5809668], [37.573581, 55.5814982], [37.5737428, 55.5816951], [37.5738297, 55.581876], [37.573827, 55.5820357], [37.5736776, 55.5822095], [37.575612, 55.5839059], [37.5760749, 55.5842567], [37.5774787, 55.5863495], [37.5774664, 55.5867442], [37.5774655, 55.5867723], [37.5774764, 55.5869894], [37.5770667, 55.5872209], [37.5770596, 55.5874442], [37.5767865, 55.5878666], [37.5769208, 55.5880715], [37.5772147, 55.5886894], [37.5773087, 55.5887966], [37.5776216, 55.5892198], [37.5768642, 55.5893149], [37.5769809, 55.589872], [37.5769243, 55.5902534], [37.5769986, 55.5908576], [37.5771504, 55.5912501], [37.5771393, 55.5916342], [37.5774122, 55.5920789], [37.5775262, 55.5924126], [37.5778687, 55.593164], [37.5779132, 55.5936257], [37.5781785, 55.594213], [37.5783665, 55.5948214], [37.5785864, 55.5952236], [37.5786078, 55.5952615], [37.5788564, 55.595704], [37.5789739, 55.5959133], [37.5802367, 55.5958132], [37.5801978, 55.5968987], [37.5804659, 55.5975179], [37.580571, 55.5977608], [37.5766634, 55.5978687], [37.57643, 55.598155], [37.5764882, 55.5986537], [37.5767146, 55.5992865], [37.5770422, 55.5995228], [37.5773289, 55.5998064], [37.5773848, 55.5998209], [37.5776733, 55.6001699], [37.5788793, 55.6008521], [37.5792964, 55.6010331], [37.5817703, 55.6034936], [37.5815647, 55.6043427], [37.5815302, 55.604343], [37.5778221, 55.6043664], [37.5757622, 55.6062573], [37.5748995, 55.606596], [37.5742126, 55.6066376], [37.5739862, 55.6066512], [37.5736159, 55.6059499]]]]}}, {"id": "0", "type": "Feature", "properties": {"name": "\u0412\u043e\u0441\u0442\u043e\u0447\u043d\u044b\u0439 \u0430\u0434\u043c\u0438\u043d\u0438\u0441\u0442\u0440\u0430\u0442\u0438\u0432\u043d\u044b\u0439 \u043e\u043a\u0440\u0443\u0433"}, "geometry": {"type": "MultiPolygon", "coordinates": [[[[37.6507092, 55.7909339], [37.6504514, 55.7916395], [37.6501162, 55.7927927], [37.650136, 55.7932139], [37.6501578, 55.7940082], [37.6503576, 55.796136], [37.6503617, 55.7972106], [37.6504697, 55.7980169], [37.6504891, 55.7987596], [37.65072, 55.7994188], [37.651284, 55.8004205], [37.6525991, 55.8021111], [37.6538241, 55.8038637], [37.6548995, 55.8051109], [37.6578185, 55.8080219], [37.6581186, 55.8083604], [37.659441, 55.8098593], [37.6600552, 55.8105554], [37.6627618, 55.8136658], [37.6631078, 55.8140457], [37.6636629, 55.8147035], [37.6680768, 55.819874], [37.6680637, 55.8199145], [37.6682997, 55.8201784], [37.6690882, 55.8213356], [37.6695228, 55.822153], [37.6704285, 55.824076], [37.6704689, 55.824192], [37.6706941, 55.8243936], [37.6707973, 55.8248211], [37.6708388, 55.8249572], [37.6710217, 55.8256718], [37.6712823, 55.8266039], [37.67152, 55.8273625], [37.6715749, 55.8290255], [37.6715397, 55.8292742], [37.6714319, 55.8300367], [37.671274, 55.8308872], [37.6710663, 55.8322989], [37.6710273, 55.8325648], [37.6708873, 55.833602], [37.6707673, 55.8345082], [37.6706272, 55.8356501], [37.6705206, 55.8365487], [37.6703805, 55.8376758], [37.6702253, 55.8386456], [37.6702103, 55.8387395], [37.6707205, 55.8386349], [37.6721513, 55.8384431], [37.6728571, 55.8383528], [37.6734162, 55.8383395], [37.6734473, 55.8383388], [37.6735686, 55.8383359], [37.6742599, 55.8383702], [37.6746471, 55.8384076], [37.6750964, 55.8384732], [37.6753955, 55.8385435], [37.6754746, 55.838559], [37.6756893, 55.838614], [37.6763165, 55.8388216], [37.676898, 55.8390942], [37.6773835, 55.8393897], [37.6777381, 55.8396758], [37.6780064, 55.839942], [37.6781648, 55.8401721], [37.6782686, 55.8403445], [37.6784034, 55.8407005], [37.6784553, 55.8410173], [37.6784626, 55.8412338], [37.6784482, 55.8414271], [37.6784116, 55.8416314], [37.6783464, 55.8418159], [37.6802575, 55.8424747], [37.6813889, 55.8432124], [37.6853622, 55.8452913], [37.6856774, 55.8454549], [37.6858622, 55.8455547], [37.6860087, 55.8456364], [37.6861631, 55.8457172], [37.6866191, 55.8459631], [37.6888898, 55.8472], [37.6890677, 55.8472882], [37.6891152, 55.8473165], [37.6903182, 55.8480055], [37.6903038, 55.8481063], [37.690215, 55.8481906], [37.6912759, 55.8493461], [37.6922263, 55.8503066], [37.6899703, 55.851223], [37.6913965, 55.8522582], [37.6922843, 55.8529088], [37.6883278, 55.8539259], [37.6867678, 55.8545128], [37.6867899, 55.8547733], [37.6878597, 55.8554915], [37.6879812, 55.8555163], [37.6886033, 55.8552848], [37.6894095, 55.8559565], [37.6902429, 55.8558957], [37.6905982, 55.8560843], [37.6907471, 55.8561773], [37.6916306, 55.8560298], [37.6925214, 55.8561332], [37.6931331, 55.8557965], [37.6930691, 55.8556986], [37.6928954, 55.8555677], [37.6926339, 55.8555097], [37.6924302, 55.8553302], [37.6927736, 55.8551669], [37.6938021, 55.8540104], [37.6947455, 55.8533753], [37.6937646, 55.8520726], [37.6968228, 55.8481608], [37.7035866, 55.8487732], [37.7052438, 55.8480435], [37.7056434, 55.8479445], [37.7068677, 55.8478345], [37.7104244, 55.8475046], [37.7105938, 55.8474372], [37.7107057, 55.8473926], [37.7107732, 55.8473869], [37.7109999, 55.8473814], [37.7120984, 55.8473548], [37.7123876, 55.8474329], [37.712503, 55.8475275], [37.7127062, 55.8474396], [37.714075, 55.8469148], [37.7171277, 55.8490573], [37.7177561, 55.8493449], [37.7179781, 55.8494465], [37.7193496, 55.8500088], [37.7201692, 55.8505716], [37.7197732, 55.8511819], [37.719405, 55.8514226], [37.7210049, 55.8522056], [37.7216393, 55.8529241], [37.7214562, 55.8533644], [37.7187936, 55.858975], [37.7187853, 55.8589926], [37.7182989, 55.8600171], [37.7180172, 55.8606072], [37.7176294, 55.8606215], [37.7153282, 55.8607056], [37.7094382, 55.8609111], [37.7093251, 55.8625665], [37.7091864, 55.8629558], [37.7077052, 55.8639354], [37.7068678, 55.864348], [37.7068126, 55.8644903], [37.7072119, 55.8647584], [37.7073468, 55.8648575], [37.7078356, 55.8652652], [37.7079241, 55.8653369], [37.7076994, 55.8655185], [37.709035, 55.8662523], [37.7111427, 55.867432], [37.715232, 55.8698021], [37.7158133, 55.8701542], [37.7165045, 55.8708995], [37.7183851, 55.872565], [37.7189352, 55.8730415], [37.719672, 55.8736992], [37.7210651, 55.8732066], [37.7210817, 55.8732214], [37.7218127, 55.873875], [37.7227584, 55.8735577], [37.7229899, 55.8734709], [37.7237328, 55.8732719], [37.7242556, 55.873008], [37.7253004, 55.8733524], [37.7265802, 55.8737555], [37.7270818, 55.873855], [37.72734, 55.8739218], [37.7279264, 55.8739004], [37.728542, 55.874259], [37.7290471, 55.8746469], [37.7298325, 55.8746654], [37.7318196, 55.8749451], [37.7310769, 55.875716], [37.7310813, 55.87596], [37.7310234, 55.876804], [37.7310102, 55.8768929], [37.7312514, 55.8769952], [37.7324971, 55.8777126], [37.7327664, 55.877921], [37.7328953, 55.8780489], [37.7333987, 55.8781054], [37.7337763, 55.877913], [37.7347837, 55.8784053], [37.7355052, 55.8779994], [37.744659, 55.8733246], [37.7684983, 55.8608921], [37.7774058, 55.8564418], [37.7826108, 55.8537732], [37.7852979, 55.8524037], [37.7878981, 55.8510784], [37.7895455, 55.8502388], [37.7954104, 55.8471925], [37.8022311, 55.8436698], [37.8079606, 55.8407403], [37.8138961, 55.8376639], [37.8185855, 55.8352952], [37.823348, 55.8327712], [37.825519, 55.8316033], [37.8273855, 55.8305991], [37.8297437, 55.8305581], [37.8301389, 55.8303025], [37.8300501, 55.8297218], [37.8300815, 55.829153], [37.8323383, 55.8275673], [37.8343899, 55.8259607], [37.8360495, 55.8242231], [37.8373695, 55.8224895], [37.8380944, 55.8209717], [37.8383896, 55.8199271], [37.8385906, 55.8193212], [37.8387065, 55.8191063], [37.8391745, 55.8162614], [37.8398088, 55.8158697], [37.8419914, 55.8151815], [37.8427273, 55.8151176], [37.8433024, 55.8152074], [37.8434312, 55.8150862], [37.8435518, 55.8149721], [37.8436234, 55.8149043], [37.8437616, 55.8147737], [37.8430436, 55.814365], [37.8414487, 55.8128948], [37.840632, 55.8124517], [37.8400458, 55.8120783], [37.8397912, 55.8117391], [37.839762, 55.8116246], [37.8399519, 55.8090301], [37.8402067, 55.8061351], [37.8404123, 55.8036859], [37.8405143, 55.8024711], [37.8409022, 55.7988647], [37.8413183, 55.7951447], [37.8417789, 55.7911564], [37.8420251, 55.7889633], [37.8422267, 55.7871678], [37.8426787, 55.7832224], [37.8431377, 55.7792395], [37.8446216, 55.7785005], [37.8455574, 55.7782082], [37.8458615, 55.7781853], [37.8460519, 55.7781713], [37.8463818, 55.7781993], [37.8484251, 55.7786517], [37.8500041, 55.7789285], [37.8504731, 55.7789035], [37.8506785, 55.7785629], [37.8504091, 55.7784786], [37.8498828, 55.778297], [37.8493188, 55.7780975], [37.8489351, 55.7779667], [37.8487356, 55.7778961], [37.8486518, 55.7778663], [37.8474736, 55.7774868], [37.8471787, 55.7773925], [37.8466903, 55.7772539], [37.8463712, 55.7771698], [37.8457574, 55.7770064], [37.845396, 55.7764586], [37.8450368, 55.7759794], [37.8438087, 55.7753145], [37.8435134, 55.7750577], [37.8434007, 55.7747345], [37.8434588, 55.7739616], [37.843565, 55.773852], [37.8435059, 55.7736677], [37.8435715, 55.7728397], [37.8436249, 55.7725572], [37.8444528, 55.7711373], [37.8445267, 55.7711306], [37.844591, 55.771021], [37.844519, 55.771002], [37.8451374, 55.7700364], [37.8455912, 55.769254], [37.8459341, 55.7686144], [37.845698, 55.7680709], [37.8451879, 55.7679693], [37.8444223, 55.767597], [37.8438285, 55.7672789], [37.8436108, 55.7671079], [37.8434979, 55.7669071], [37.8434392, 55.7660804], [37.8433984, 55.765174], [37.8433395, 55.7640456], [37.8432587, 55.7624027], [37.8434109, 55.7623608], [37.8434118, 55.7622005], [37.8432344, 55.7621948], [37.8432014, 55.7618464], [37.8431395, 55.760697], [37.8431601, 55.7604599], [37.8431122, 55.7596912], [37.8430674, 55.7589346], [37.8430465, 55.7587417], [37.8430454, 55.7587315], [37.8429388, 55.7568181], [37.842902, 55.755573], [37.8428965, 55.7552089], [37.8428944, 55.755057], [37.8428064, 55.7550235], [37.8427931, 55.7547375], [37.8427824, 55.7545069], [37.8427775, 55.7543587], [37.8427498, 55.7537909], [37.8427086, 55.7537914], [37.8426552, 55.753142], [37.8427249, 55.7528236], [37.8426982, 55.7515889], [37.842738, 55.7508054], [37.8427139, 55.7494445], [37.8426838, 55.7490729], [37.8426698, 55.7488839], [37.8425433, 55.7471761], [37.8426549, 55.7467345], [37.8431461, 55.7463253], [37.8436779, 55.745903], [37.8448044, 55.7453149], [37.8457065, 55.7448717], [37.8468046, 55.7445871], [37.8479174, 55.7445353], [37.8479957, 55.7444999], [37.8487735, 55.7445548], [37.8497057, 55.7446206], [37.8514241, 55.7447565], [37.8517026, 55.744779], [37.8529663, 55.7448812], [37.8539206, 55.7449497], [37.8566169, 55.7450679], [37.8580742, 55.7451172], [37.8591874, 55.745155], [37.8605434, 55.7452434], [37.8628055, 55.7455206], [37.863233, 55.745573], [37.864223, 55.7457241], [37.8645615, 55.745803], [37.8647537, 55.7458505], [37.8647818, 55.7458559], [37.8728499, 55.7474131], [37.873241, 55.7474902], [37.8795245, 55.7487294], [37.8800401, 55.7488337], [37.8801173, 55.7488493], [37.8825409, 55.7493396], [37.8829154, 55.7492722], [37.8832588, 55.7492077], [37.8873467, 55.7484573], [37.8877104, 55.7485771], [37.8882456, 55.7484641], [37.888712, 55.7471428], [37.8893337, 55.7454727], [37.8900278, 55.7436277], [37.8909533, 55.7421945], [37.8904033, 55.7420846], [37.8900847, 55.7418705], [37.8900854, 55.7416035], [37.8858291, 55.7426129], [37.8836044, 55.7426914], [37.8817499, 55.742731], [37.8807532, 55.7425041], [37.8801347, 55.7422928], [37.8800331, 55.7417465], [37.8797417, 55.7411885], [37.8791999, 55.7401509], [37.8788929, 55.7395629], [37.8780087, 55.7378694], [37.8731611, 55.7381568], [37.8684891, 55.7372895], [37.8678684, 55.7369733], [37.8665394, 55.7362963], [37.8667051, 55.7361817], [37.864238, 55.7347167], [37.865471, 55.7331584], [37.8688922, 55.7329728], [37.869536, 55.7323861], [37.8712339, 55.7308385], [37.8715704, 55.7308477], [37.8734123, 55.7296475], [37.8721668, 55.727705], [37.8702706, 55.726586], [37.8724504, 55.7233769], [37.8761077, 55.7233851], [37.8769962, 55.7216164], [37.8765345, 55.7204708], [37.8810045, 55.7190991], [37.8824863, 55.7190028], [37.8834259, 55.7191593], [37.8837105, 55.7192052], [37.8861232, 55.7195937], [37.8869204, 55.7202605], [37.8871291, 55.7216529], [37.8860808, 55.7223696], [37.8841562, 55.7233961], [37.8854775, 55.7241915], [37.8874435, 55.7237685], [37.8889029, 55.7237868], [37.8898505, 55.7237011], [37.8906332, 55.722309], [37.8907066, 55.7223472], [37.8923084, 55.7231871], [37.8950875, 55.7233623], [37.8983668, 55.7235691], [37.8993176, 55.7236191], [37.8993298, 55.7240269], [37.8994555, 55.7240734], [37.9001848, 55.7243431], [37.9018232, 55.7244186], [37.9024213, 55.7252509], [37.9035256, 55.7253344], [37.9044471, 55.7251926], [37.9050507, 55.7250997], [37.9050476, 55.7249699], [37.9054413, 55.7249454], [37.9056542, 55.7249094], [37.906356, 55.7247909], [37.9068331, 55.7247948], [37.9076297, 55.7248014], [37.9077881, 55.7248027], [37.9086223, 55.7249969], [37.9118339, 55.7257444], [37.9138057, 55.7265809], [37.9150477, 55.7269837], [37.9154673, 55.7274678], [37.9161753, 55.7277097], [37.9163955, 55.7281599], [37.9169278, 55.728357], [37.9173834, 55.7294499], [37.9179695, 55.7305228], [37.9180394, 55.7306218], [37.9186649, 55.7307037], [37.9193266, 55.7307046], [37.9199783, 55.7308016], [37.9206051, 55.7308775], [37.9211623, 55.7308581], [37.9221201, 55.7310129], [37.9228662, 55.7312306], [37.9235854, 55.7312254], [37.9240447, 55.7310514], [37.9241438, 55.7310018], [37.9242411, 55.7308906], [37.9243944, 55.7308454], [37.9244803, 55.7308268], [37.9247939, 55.7307653], [37.9251996, 55.7305098], [37.9255518, 55.7305177], [37.9256164, 55.7304698], [37.9265295, 55.7305419], [37.9274801, 55.7302267], [37.9280221, 55.7300031], [37.9283532, 55.7295408], [37.9284005, 55.7294272], [37.9285228, 55.7293535], [37.9288593, 55.7293228], [37.9299636, 55.7294526], [37.9302418, 55.7298065], [37.9304136, 55.729858], [37.9308738, 55.7297549], [37.9313791, 55.7293735], [37.9319453, 55.7291561], [37.9329517, 55.7286904], [37.9342897, 55.7278763], [37.9349596, 55.7276386], [37.9355964, 55.7273856], [37.9363364, 55.7271312], [37.9376089, 55.7268869], [37.9376829, 55.7265336], [37.9389668, 55.7255781], [37.9397566, 55.7250324], [37.9401397, 55.7246853], [37.9404578, 55.7245719], [37.9405497, 55.7245652], [37.9406496, 55.7245578], [37.9406102, 55.7245162], [37.9405223, 55.7244923], [37.9408193, 55.7243375], [37.9411375, 55.7239862], [37.9415825, 55.7234946], [37.9418102, 55.7231701], [37.9422726, 55.7229917], [37.9424317, 55.7228099], [37.9424025, 55.7227618], [37.9424817, 55.7226926], [37.9424006, 55.7225286], [37.9424045, 55.7224873], [37.9424847, 55.7224791], [37.9425269, 55.7224285], [37.9425043, 55.7223861], [37.9424709, 55.722386], [37.9426104, 55.7220518], [37.9429325, 55.7219493], [37.9430304, 55.7219267], [37.9430972, 55.7219157], [37.9431987, 55.7219265], [37.9432653, 55.7219353], [37.9433354, 55.7219139], [37.9433693, 55.7218812], [37.9433416, 55.7218369], [37.943316, 55.7218114], [37.9433022, 55.7217835], [37.9433667, 55.7217049], [37.9435135, 55.7215122], [37.9435793, 55.7214496], [37.9437046, 55.7214303], [37.9438877, 55.7214349], [37.9439693, 55.7214418], [37.9440055, 55.7214824], [37.9440807, 55.7215055], [37.9440868, 55.7215072], [37.9441351, 55.7214971], [37.9440812, 55.7214254], [37.9440665, 55.7213971], [37.9443308, 55.7213268], [37.9443554, 55.721357], [37.9444346, 55.721535], [37.9444793, 55.7215493], [37.9445478, 55.7215374], [37.9446268, 55.7214879], [37.9450487, 55.7212218], [37.9456502, 55.7208385], [37.9451088, 55.7208714], [37.9365872, 55.7162383], [37.9309325, 55.7161927], [37.9280699, 55.7161589], [37.9262538, 55.7151496], [37.9261146, 55.7121867], [37.9256924, 55.7119818], [37.9248473, 55.7111125], [37.9247941, 55.7111172], [37.9233553, 55.7095392], [37.92258, 55.7086888], [37.9219165, 55.7079612], [37.9206739, 55.7077962], [37.9192451, 55.7076063], [37.9070118, 55.706991], [37.9062268, 55.7069918], [37.9054419, 55.7069927], [37.9013429, 55.7066237], [37.8972438, 55.7062546], [37.8933703, 55.7055538], [37.8928973, 55.7055061], [37.8869711, 55.7052152], [37.8854929, 55.7042203], [37.8840147, 55.7032254], [37.8838706, 55.7032857], [37.8831836, 55.7028209], [37.8824966, 55.7023561], [37.882306, 55.7024608], [37.8815021, 55.7018523], [37.8805731, 55.7011495], [37.8811401, 55.7008615], [37.8810987, 55.700845], [37.8794724, 55.700268], [37.8773882, 55.6988933], [37.8753042, 55.6975184], [37.8729162, 55.6960785], [37.8715322, 55.6952974], [37.8684305, 55.6968675], [37.8653285, 55.6984375], [37.8648648, 55.6986748], [37.8626911, 55.6997872], [37.8600534, 55.7011367], [37.8595289, 55.7008245], [37.8589515, 55.701104], [37.8587815, 55.700995], [37.858176, 55.7012542], [37.853409, 55.7035402], [37.8534354, 55.7037885], [37.8523399, 55.7041954], [37.8492008, 55.7052667], [37.845551, 55.706485], [37.8439557, 55.7070257], [37.8423714, 55.7076143], [37.8413707, 55.7079663], [37.8374092, 55.7092892], [37.8360239, 55.7097759], [37.8339009, 55.7104752], [37.8273123, 55.7126833], [37.8238796, 55.713846], [37.8207278, 55.7148955], [37.8167714, 55.7162257], [37.8135815, 55.7173163], [37.8120929, 55.7178206], [37.8085731, 55.7189991], [37.8048076, 55.7202665], [37.8008113, 55.7215389], [37.7991182, 55.7221056], [37.7967705, 55.7228929], [37.7937188, 55.7239789], [37.7923071, 55.7244619], [37.789796, 55.7252929], [37.7896666, 55.7253363], [37.7790629, 55.7288887], [37.7771428, 55.729506], [37.7758967, 55.7299391], [37.7748882, 55.730387], [37.7741734, 55.7307436], [37.7738525, 55.7309061], [37.7699652, 55.7329049], [37.7692666, 55.7332536], [37.767519, 55.7341543], [37.7672992, 55.7342686], [37.7671324, 55.7343582], [37.7658912, 55.7349639], [37.7626364, 55.7365415], [37.7622053, 55.7367079], [37.7617576, 55.736857], [37.7612923, 55.7369941], [37.7609462, 55.7370778], [37.7605827, 55.7371454], [37.7599989, 55.7372466], [37.7592284, 55.7373639], [37.7585482, 55.7374528], [37.7553631, 55.7378493], [37.7539775, 55.738048], [37.7527664, 55.7382581], [37.7516218, 55.738499], [37.7504587, 55.7387998], [37.74935, 55.7391567], [37.7483921, 55.7395349], [37.7475092, 55.7399457], [37.7467226, 55.7403678], [37.7459448, 55.7408776], [37.7452873, 55.7413901], [37.7439671, 55.7425398], [37.7430994, 55.7431779], [37.7423739, 55.7436661], [37.7417423, 55.7440523], [37.7410175, 55.7444517], [37.7401818, 55.7448321], [37.7393417, 55.745177], [37.738416, 55.7454859], [37.7374472, 55.7457558], [37.7367139, 55.7459458], [37.7361885, 55.7460903], [37.7265359, 55.748647], [37.7253252, 55.7489665], [37.7244463, 55.7492324], [37.7236328, 55.7495155], [37.723015, 55.7497726], [37.7224005, 55.7500624], [37.7218517, 55.7503533], [37.7213653, 55.7506351], [37.7208398, 55.7509773], [37.7205725, 55.7511608], [37.7203092, 55.7513552], [37.7197448, 55.7518501], [37.7196118, 55.7519793], [37.7191682, 55.7524109], [37.7187188, 55.7529423], [37.7183854, 55.753419], [37.7181328, 55.7538805], [37.7179152, 55.7544051], [37.7177565, 55.7549601], [37.7176811, 55.755507], [37.7176602, 55.7559645], [37.7177132, 55.7564833], [37.7178174, 55.7569832], [37.7179697, 55.757493], [37.7181798, 55.7580182], [37.7184278, 55.758507], [37.7196735, 55.7606292], [37.7198555, 55.7609433], [37.7202489, 55.7616096], [37.7204717, 55.7620281], [37.7206319, 55.7624647], [37.7207051, 55.762784], [37.7207449, 55.7631229], [37.7208733, 55.7649463], [37.7208531, 55.7654703], [37.7207817, 55.7658833], [37.7206276, 55.7663184], [37.720389, 55.7667332], [37.7200863, 55.7671338], [37.7196127, 55.7676793], [37.7178392, 55.7695892], [37.7173674, 55.7701455], [37.7169713, 55.7707009], [37.7163027, 55.7717763], [37.7159462, 55.772298], [37.7141927, 55.7745327], [37.7137476, 55.7751129], [37.7136135, 55.7753027], [37.7135295, 55.7752599], [37.7133276, 55.7754792], [37.7126806, 55.7761711], [37.7109311, 55.7780006], [37.7104299, 55.7784491], [37.7099196, 55.7788744], [37.7093364, 55.7792844], [37.7087897, 55.7796226], [37.7082282, 55.7799391], [37.7077418, 55.7801607], [37.7071267, 55.7803836], [37.7060925, 55.7807371], [37.7052496, 55.7809934], [37.7044913, 55.7811858], [37.7043019, 55.7812393], [37.7031811, 55.7815237], [37.7025296, 55.7816544], [37.7018966, 55.7817703], [37.7012435, 55.7818504], [37.7006113, 55.781891], [37.6999825, 55.7819118], [37.6995597, 55.781968], [37.6993516, 55.7819726], [37.6991783, 55.7819725], [37.6968642, 55.7820403], [37.6963604, 55.782047], [37.6947381, 55.7820062], [37.693997, 55.782002], [37.6925489, 55.78199], [37.6925588, 55.7818989], [37.6913834, 55.7818855], [37.6882667, 55.781899], [37.6858873, 55.7824453], [37.685813, 55.7825747], [37.6826668, 55.783163], [37.6783088, 55.7840196], [37.6757475, 55.7845303], [37.674579, 55.7847878], [37.6740709, 55.7848912], [37.6722786, 55.7852207], [37.6672893, 55.7861202], [37.6640375, 55.7867382], [37.6638544, 55.7867729], [37.6625399, 55.7870344], [37.6610226, 55.787324], [37.6600216, 55.7875111], [37.6598319, 55.787534], [37.6598313, 55.7875478], [37.6596911, 55.7875793], [37.6592728, 55.7876636], [37.6556004, 55.7883845], [37.651823, 55.7891203], [37.651542, 55.78936], [37.6507092, 55.7909339]]], [[[37.7909997, 56.0026569], [37.7916329, 56.0028753], [37.792101, 56.0024925], [37.7940939, 56.0031557], [37.7934895, 56.0037267], [37.7930366, 56.0038087], [37.7928913, 56.0038814], [37.7900343, 56.0029213], [37.7904761, 56.0024767], [37.7909997, 56.0026569]]], [[[37.7931133, 56.0055761], [37.7931497, 56.0055432], [37.7968376, 56.0047608], [37.7973464, 56.0054095], [37.7994322, 56.0061525], [37.79786, 56.0077277], [37.7989003, 56.008244], [37.7982222, 56.0090146], [37.7989178, 56.0093201], [37.7985143, 56.0097027], [37.7979747, 56.0095523], [37.7948968, 56.0093202], [37.7953186, 56.0090242], [37.792958, 56.0082536], [37.7931919, 56.0080413], [37.7914892, 56.0074772], [37.7912234, 56.0072852], [37.7931133, 56.0055761]]], [[[37.8502374, 55.8085569], [37.8488715, 55.8094231], [37.849809, 55.8104661], [37.8458, 55.8132387], [37.8453271, 55.8135621], [37.852883, 55.8167205], [37.8573206, 55.817911], [37.8572656, 55.8183395], [37.8581098, 55.8187888], [37.8580173, 55.8189179], [37.8575479, 55.8195724], [37.8591727, 55.8199785], [37.8594399, 55.8194822], [37.8599898, 55.8193919], [37.8600009, 55.8193946], [37.8604271, 55.8194945], [37.8623186, 55.8199378], [37.8622608, 55.8200182], [37.8659611, 55.820821], [37.8662311, 55.8208595], [37.8662082, 55.8209341], [37.8681916, 55.8213876], [37.8682389, 55.8213649], [37.8684008, 55.8213686], [37.8683783, 55.8214318], [37.8687155, 55.8214988], [37.8685139, 55.8218817], [37.8691119, 55.8219962], [37.8691237, 55.8219662], [37.8722162, 55.8225388], [37.8724995, 55.8220677], [37.8737977, 55.8200035], [37.876441, 55.8204712], [37.8783391, 55.8206527], [37.8789454, 55.8198968], [37.8797221, 55.8195733], [37.8805382, 55.8195134], [37.8821138, 55.8198335], [37.8839677, 55.8203393], [37.8842776, 55.8199605], [37.8851183, 55.8205985], [37.887908, 55.8207902], [37.8879566, 55.8207547], [37.8884001, 55.8202008], [37.8890934, 55.819423], [37.8941698, 55.8185502], [37.8978238, 55.8179219], [37.8985819, 55.8174803], [37.8989611, 55.8169373], [37.8993112, 55.816291], [37.8993365, 55.8156273], [37.8993001, 55.8150981], [37.8990875, 55.814845], [37.8985489, 55.8143866], [37.8976593, 55.8141922], [37.8967298, 55.813977], [37.8964309, 55.8139534], [37.8955992, 55.8139492], [37.8945409, 55.8139399], [37.8932132, 55.8143135], [37.8927548, 55.8144775], [37.8923993, 55.8145735], [37.8918956, 55.8148509], [37.891397, 55.8151219], [37.8913114, 55.8151008], [37.8892963, 55.8151758], [37.888886, 55.8154786], [37.8881524, 55.8156751], [37.8879025, 55.8159416], [37.8868742, 55.8165314], [37.8861402, 55.8161662], [37.8853211, 55.8166619], [37.8841286, 55.8166607], [37.8830652, 55.8162984], [37.8829666, 55.8161865], [37.8821189, 55.8154706], [37.8817995, 55.815167], [37.8816399, 55.8150149], [37.8808318, 55.8145807], [37.8808425, 55.8143185], [37.8798248, 55.8142045], [37.8794843, 55.8134719], [37.8796416, 55.8132672], [37.8789748, 55.8124248], [37.8781481, 55.8114291], [37.8773566, 55.8114671], [37.8741278, 55.8106936], [37.8735825, 55.8086962], [37.8712084, 55.8080643], [37.8705933, 55.8078977], [37.8700807, 55.8077606], [37.8711986, 55.8063291], [37.8665868, 55.8042106], [37.8657431, 55.8042079], [37.8632647, 55.807421], [37.8628232, 55.8073118], [37.8616973, 55.8086901], [37.8602718, 55.8085757], [37.8600338, 55.8084266], [37.8606871, 55.8075405], [37.8563695, 55.8060413], [37.8561187, 55.8066484], [37.8560108, 55.8065883], [37.8521852, 55.8089603], [37.8512996, 55.8088335], [37.8506915, 55.8085495], [37.8504694, 55.8086718], [37.8502374, 55.8085569]]], [[[37.8684961, 55.8237785], [37.8704604, 55.8242705], [37.8717278, 55.8246504], [37.8723245, 55.8249145], [37.8729753, 55.8251259], [37.8744018, 55.825244], [37.8748787, 55.8252673], [37.8756653, 55.8253423], [37.8760016, 55.8249026], [37.8744306, 55.8243029], [37.8730967, 55.8237935], [37.8724735, 55.8236553], [37.8704516, 55.8232063], [37.8689418, 55.8228696], [37.8684961, 55.8237785]]]]}}, {"id": "0", "type": "Feature", "properties": {"name": "\u042e\u0433\u043e-\u0417\u0430\u043f\u0430\u0434\u043d\u044b\u0439 \u0430\u0434\u043c\u0438\u043d\u0438\u0441\u0442\u0440\u0430\u0442\u0438\u0432\u043d\u044b\u0439 \u043e\u043a\u0440\u0443\u0433"}, "geometry": {"type": "MultiPolygon", "coordinates": [[[[37.4557186, 55.6370487], [37.4560027, 55.636875], [37.4562889, 55.6369952], [37.4565944, 55.6371251], [37.4568828, 55.6372406], [37.4570076, 55.6372686], [37.4571115, 55.6372918], [37.4573236, 55.6373376], [37.4575212, 55.6373641], [37.4577812, 55.6373823], [37.4579587, 55.6373849], [37.4581525, 55.6373761], [37.4584737, 55.6373416], [37.4588143, 55.637306], [37.4591305, 55.6372796], [37.4594533, 55.6372449], [37.4598314, 55.6372088], [37.4602096, 55.6371728], [37.4604068, 55.6371433], [37.4606117, 55.637094], [37.4607823, 55.6370638], [37.4618966, 55.6361154], [37.4620363, 55.6361223], [37.4621028, 55.6359528], [37.4620887, 55.6359519], [37.4638721, 55.6344334], [37.4637739, 55.6343523], [37.4637651, 55.6343422], [37.4637678, 55.6343306], [37.4644824, 55.6336957], [37.4646665, 55.6337569], [37.4659737, 55.633139], [37.466833, 55.6323657], [37.4674921, 55.6313616], [37.4693924, 55.6297153], [37.4737289, 55.6259992], [37.4776021, 55.6226745], [37.4815329, 55.6193081], [37.4854512, 55.6161843], [37.486207, 55.6155944], [37.4875219, 55.6144817], [37.4876935, 55.6143544], [37.4888952, 55.6132759], [37.4888053, 55.6130303], [37.4888878, 55.612884], [37.4889725, 55.6127042], [37.489019, 55.6124443], [37.4890399, 55.612242], [37.4890491, 55.6120653], [37.4890528, 55.6118943], [37.48906, 55.6117666], [37.4890696, 55.6117244], [37.4890629, 55.6117074], [37.4890661, 55.6114815], [37.4890229, 55.6113146], [37.4890792, 55.6112164], [37.4891194, 55.6107224], [37.4888749, 55.6100771], [37.4888278, 55.6099819], [37.4887751, 55.6098379], [37.4886364, 55.609614], [37.4885124, 55.609384], [37.4884302, 55.6092648], [37.4883986, 55.6092197], [37.488396, 55.609216], [37.4883073, 55.6090895], [37.4881405, 55.6088536], [37.488031, 55.6086858], [37.4878419, 55.6083904], [37.488333, 55.608273], [37.4887892, 55.6081639], [37.4890364, 55.6085917], [37.4891683, 55.6087682], [37.4893114, 55.6089489], [37.4894049, 55.6091037], [37.4894953, 55.6092502], [37.489634, 55.609378], [37.4897448, 55.6094759], [37.489774, 55.6095008], [37.4898453, 55.609611], [37.4899497, 55.6096758], [37.4899681, 55.6096616], [37.4902123, 55.6098468], [37.4904452, 55.6099615], [37.4906983, 55.6100623], [37.490946, 55.6101743], [37.4911789, 55.6101003], [37.4913349, 55.6100001], [37.491361, 55.609978], [37.4913685, 55.6099821], [37.4915132, 55.6099289], [37.4917072, 55.6097679], [37.4919197, 55.6095844], [37.4921881, 55.6093511], [37.4923982, 55.609115], [37.4925195, 55.6089958], [37.4926252, 55.6088933], [37.4927468, 55.6087716], [37.4929251, 55.6086866], [37.493098, 55.6086318], [37.4933612, 55.6086212], [37.4937059, 55.6086255], [37.4940942, 55.6085745], [37.4940974, 55.6085736], [37.4975226, 55.6056014], [37.4982497, 55.604971], [37.501483, 55.6022061], [37.501536, 55.6021609], [37.5021824, 55.6016081], [37.5025206, 55.6013483], [37.5034669, 55.6006215], [37.5065526, 55.5982494], [37.5087152, 55.5971727], [37.5111935, 55.5959379], [37.5115486, 55.5957609], [37.5118793, 55.5955961], [37.5180897, 55.5936478], [37.5262871, 55.5916203], [37.5262905, 55.5916191], [37.5263052, 55.5916071], [37.5264799, 55.5914813], [37.5265775, 55.5914002], [37.5266985, 55.5912998], [37.5268587, 55.59116], [37.5268849, 55.591139], [37.5270117, 55.5909946], [37.5273597, 55.590466], [37.5274128, 55.590362], [37.5274735, 55.5901937], [37.5274786, 55.5900325], [37.5274169, 55.5898669], [37.5272404, 55.589663], [37.5277137, 55.5895462], [37.5278015, 55.5895865], [37.5279048, 55.5896069], [37.5281376, 55.5895696], [37.5283787, 55.5895088], [37.5288023, 55.58947], [37.529079, 55.5895265], [37.529254, 55.589608], [37.5293351, 55.5896791], [37.5298221, 55.5903022], [37.5300406, 55.5905349], [37.5301568, 55.5906626], [37.5302735, 55.5906944], [37.5304242, 55.5906958], [37.5387178, 55.5887076], [37.5472658, 55.5866629], [37.5471932, 55.5866009], [37.5470511, 55.5864811], [37.5458267, 55.5856945], [37.5456712, 55.5855826], [37.5457475, 55.585531], [37.5457684, 55.5854989], [37.5457611, 55.5854396], [37.54576, 55.5854285], [37.5457599, 55.5854233], [37.5457599, 55.5854181], [37.545757, 55.5854077], [37.5457503, 55.5853946], [37.5457153, 55.5853547], [37.5456818, 55.5853302], [37.5456409, 55.5853026], [37.5456106, 55.5852835], [37.5455827, 55.5852662], [37.5455558, 55.5852472], [37.545535, 55.5852282], [37.5455221, 55.5852146], [37.5454999, 55.5851946], [37.5454739, 55.5851627], [37.5454467, 55.5851274], [37.5454323, 55.5851047], [37.5454285, 55.5850894], [37.5454262, 55.5850791], [37.5454258, 55.5850757], [37.545426, 55.585063], [37.5454307, 55.5850522], [37.5454368, 55.5850429], [37.545442, 55.5850385], [37.5454529, 55.5850313], [37.5454619, 55.5850249], [37.5455121, 55.5850176], [37.5455323, 55.585014], [37.5455323, 55.5850059], [37.5455197, 55.5850049], [37.5455102, 55.5850031], [37.545492, 55.5849998], [37.5454752, 55.584996], [37.5454543, 55.5849923], [37.5454369, 55.5849842], [37.5454225, 55.5849761], [37.5454161, 55.5849652], [37.5454098, 55.5849516], [37.5454145, 55.5849398], [37.5454208, 55.5849365], [37.5454305, 55.5849216], [37.5454411, 55.5849082], [37.5454577, 55.5848952], [37.5457768, 55.5848443], [37.5458191, 55.5848441], [37.5458758, 55.5848406], [37.5459114, 55.5848254], [37.5459439, 55.5847902], [37.5459644, 55.5847347], [37.5460092, 55.5846916], [37.5460774, 55.5846471], [37.5461099, 55.5846185], [37.5461393, 55.5845848], [37.5461605, 55.5845201], [37.5462123, 55.5843427], [37.5462312, 55.5842602], [37.5462376, 55.5842079], [37.5462315, 55.5841289], [37.5462462, 55.5841122], [37.5463051, 55.5840964], [37.5464479, 55.5840802], [37.5466402, 55.584056], [37.5468251, 55.5840171], [37.5469818, 55.5839672], [37.5471172, 55.5839308], [37.5472745, 55.5838948], [37.5473557, 55.5838511], [37.5474088, 55.5838088], [37.5474571, 55.5837852], [37.5475193, 55.5837714], [37.5475691, 55.5837573], [37.5476152, 55.5837401], [37.5476367, 55.5837029], [37.5476581, 55.5836444], [37.5476794, 55.5836141], [37.5478217, 55.5835072], [37.5479888, 55.5833942], [37.5480743, 55.5833519], [37.5481775, 55.5833095], [37.548238, 55.5832733], [37.5482913, 55.583245], [37.5483377, 55.5832288], [37.5483946, 55.5832147], [37.5484623, 55.5832167], [37.5485335, 55.5832287], [37.5485976, 55.5832408], [37.5487052, 55.583249], [37.548724, 55.5832059], [37.5487303, 55.5831875], [37.5487516, 55.5831752], [37.5487589, 55.5831659], [37.5487629, 55.5831519], [37.548762, 55.583118], [37.5487563, 55.5830811], [37.5487624, 55.583061], [37.5487798, 55.5830392], [37.5487962, 55.5830245], [37.5488348, 55.5829973], [37.548871, 55.5829745], [37.5488934, 55.5829631], [37.5489375, 55.5829437], [37.5489551, 55.582938], [37.5489648, 55.5829378], [37.5489808, 55.5829432], [37.5489988, 55.5829594], [37.5490088, 55.5829726], [37.5490356, 55.5829817], [37.5490518, 55.5829856], [37.5490806, 55.5829884], [37.5490936, 55.5829877], [37.5491167, 55.5829828], [37.5491368, 55.5829742], [37.5491708, 55.5829504], [37.5492037, 55.5829212], [37.5492227, 55.582902], [37.5492516, 55.5828666], [37.549265, 55.5828447], [37.5492702, 55.5828318], [37.5492747, 55.5828078], [37.5492734, 55.5827839], [37.5492702, 55.5827726], [37.5492613, 55.582758], [37.5492475, 55.5827467], [37.5492287, 55.5827337], [37.5492227, 55.5827263], [37.5492203, 55.582714], [37.5492244, 55.5826892], [37.5492304, 55.5826781], [37.5492503, 55.5826604], [37.5492784, 55.5826465], [37.5493218, 55.5826295], [37.5493437, 55.5826199], [37.5493841, 55.5825964], [37.5494024, 55.5825811], [37.5494276, 55.5825555], [37.5494605, 55.5825086], [37.5494877, 55.5824524], [37.5495023, 55.5824129], [37.5495204, 55.58234], [37.5495232, 55.5823022], [37.5495215, 55.582287], [37.5495152, 55.5822685], [37.5495102, 55.5822613], [37.5494966, 55.5822502], [37.549488, 55.5822465], [37.549468, 55.5822419], [37.5494464, 55.5822406], [37.5494072, 55.5822441], [37.549388, 55.582249], [37.5493663, 55.5822622], [37.5493255, 55.582291], [37.5492865, 55.5823204], [37.5492691, 55.5823359], [37.5492364, 55.5823774], [37.5491977, 55.5824194], [37.5491564, 55.5824624], [37.549123, 55.5824981], [37.5491125, 55.5825087], [37.5491052, 55.5825131], [37.5490897, 55.5825175], [37.5490666, 55.5825178], [37.5490511, 55.5825159], [37.5490246, 55.582509], [37.5490116, 55.5825033], [37.5489959, 55.5824895], [37.5489923, 55.5824817], [37.548992, 55.5824649], [37.5489985, 55.5824476], [37.5490206, 55.5824152], [37.5490432, 55.5823881], [37.5490835, 55.5823468], [37.5491442, 55.5822926], [37.5491849, 55.5822621], [37.5492499, 55.5822231], [37.5492865, 55.5822054], [37.549346, 55.5821825], [37.549469, 55.5821454], [37.5495033, 55.5821299], [37.5495181, 55.5821206], [37.5495307, 55.58211], [37.5495508, 55.5820858], [37.5495655, 55.5820601], [37.5495858, 55.5820068], [37.5496014, 55.5819641], [37.5496046, 55.5819446], [37.5496022, 55.5819243], [37.5495985, 55.5819135], [37.5495765, 55.5818772], [37.5495385, 55.5818249], [37.5495234, 55.5817993], [37.5495128, 55.5817639], [37.549513, 55.581742], [37.5495157, 55.5817281], [37.5495255, 55.5817015], [37.5495705, 55.5816243], [37.5495786, 55.5816044], [37.5495878, 55.5815649], [37.5496105, 55.5814869], [37.5496267, 55.5814363], [37.5496406, 55.5814151], [37.5496617, 55.5813974], [37.5497164, 55.5813679], [37.5497721, 55.5813405], [37.5497992, 55.5813306], [37.5498253, 55.5813248], [37.5498556, 55.5813191], [37.5498672, 55.581315], [37.54988, 55.5813057], [37.5498955, 55.5812923], [37.5499075, 55.5812878], [37.5499207, 55.5812854], [37.5499446, 55.5812823], [37.5499578, 55.581279], [37.5499779, 55.5812695], [37.5499877, 55.581262], [37.5500168, 55.5812274], [37.5500583, 55.5811612], [37.5500832, 55.5811238], [37.550126, 55.5810678], [37.5501817, 55.5810023], [37.5502024, 55.5809773], [37.5502193, 55.5809524], [37.5502222, 55.5809422], [37.5501997, 55.5809226], [37.5502146, 55.5809295], [37.5502002, 55.5809166], [37.5501968, 55.580907], [37.5501998, 55.5808936], [37.5502047, 55.5808852], [37.5502219, 55.5808649], [37.5502559, 55.5808346], [37.5502756, 55.5808201], [37.5503203, 55.5807941], [37.5503339, 55.5807891], [37.5503588, 55.5807823], [37.5504003, 55.5807772], [37.5504182, 55.5807727], [37.5504346, 55.5807641], [37.5504298, 55.580733], [37.5504568, 55.5807382], [37.5504592, 55.580724], [37.5504575, 55.5807173], [37.5504538, 55.5807111], [37.5504421, 55.5806999], [37.5504177, 55.5806797], [37.5504143, 55.5806691], [37.5504208, 55.5806593], [37.550428, 55.5806547], [37.5504438, 55.5806489], [37.5504663, 55.5806452], [37.5504801, 55.5806444], [37.5505132, 55.5806456], [37.5505325, 55.5806478], [37.5505654, 55.5806533], [37.5505762, 55.5806567], [37.5505978, 55.5806604], [37.5506189, 55.5806602], [37.5506328, 55.580658], [37.5506603, 55.5806497], [37.5506806, 55.5806403], [37.5506998, 55.5806003], [37.5508287, 55.5804999], [37.5508642, 55.580476], [37.5509374, 55.580433], [37.5510101, 55.5803966], [37.5511347, 55.5803414], [37.5511787, 55.5803213], [37.5510241, 55.5802794], [37.5479303, 55.578997], [37.545742, 55.5783573], [37.5454204, 55.5783914], [37.545368, 55.5783908], [37.5442516, 55.5785155], [37.5429332, 55.5784362], [37.5424738, 55.5785204], [37.5419016, 55.5785535], [37.540913, 55.5788372], [37.5407877, 55.5790545], [37.5410704, 55.5791878], [37.5410233, 55.5792324], [37.5405107, 55.5793041], [37.5386505, 55.5795598], [37.5368461, 55.577289], [37.5392929, 55.5767215], [37.5392963, 55.5767203], [37.5387245, 55.5759206], [37.5399435, 55.5760443], [37.5399469, 55.5760432], [37.539503, 55.5744015], [37.5395416, 55.5733259], [37.5395422, 55.573263], [37.5379658, 55.5731965], [37.5376848, 55.5731846], [37.5369111, 55.573152], [37.5368835, 55.5730962], [37.5372358, 55.5723867], [37.5380534, 55.5722983], [37.5389042, 55.5722064], [37.5389077, 55.5722054], [37.5403199, 55.5716706], [37.5406862, 55.5711273], [37.5436789, 55.5707527], [37.5436822, 55.5707516], [37.544509, 55.57022], [37.5447308, 55.5701812], [37.546116, 55.5699389], [37.5469485, 55.5704487], [37.5474997, 55.5704006], [37.5475032, 55.5703996], [37.5488782, 55.5699379], [37.547885, 55.5689233], [37.5501349, 55.5683165], [37.5534944, 55.5676245], [37.553767, 55.5660436], [37.5534486, 55.5649232], [37.5531574, 55.5640597], [37.5525067, 55.5636521], [37.5517351, 55.5635183], [37.5505873, 55.5636035], [37.5504894, 55.5633156], [37.5503541, 55.5629287], [37.5520121, 55.561846], [37.5547989, 55.5614779], [37.5544621, 55.5602646], [37.5541991, 55.5593015], [37.5529686, 55.5562265], [37.5523734, 55.55522], [37.5521473, 55.554869], [37.5518808, 55.5547886], [37.5514071, 55.5546429], [37.5495264, 55.5541474], [37.5494657, 55.5541314], [37.5490676, 55.5531996], [37.5488224, 55.5526259], [37.544878, 55.55202], [37.5365075, 55.5536721], [37.529188, 55.5552455], [37.5285789, 55.5548647], [37.5253524, 55.553438], [37.523307, 55.5525497], [37.5216115, 55.5518187], [37.5213726, 55.5517156], [37.5202693, 55.55124], [37.5181867, 55.5503233], [37.517978, 55.5502155], [37.5144961, 55.548505], [37.511115, 55.544986], [37.5077676, 55.5429454], [37.507505, 55.5428807], [37.500665, 55.5413068], [37.4946765, 55.5400015], [37.4936293, 55.5396872], [37.4934494, 55.5396458], [37.4910662, 55.5395317], [37.4887674, 55.539628], [37.4886776, 55.5396752], [37.4878655, 55.5397681], [37.4878006, 55.5398365], [37.48774, 55.5398689], [37.4877559, 55.5399736], [37.4877435, 55.5399745], [37.4877481, 55.5400867], [37.4874804, 55.540092], [37.4874673, 55.5399085], [37.4861751, 55.539793], [37.4857349, 55.5396912], [37.4851037, 55.5395247], [37.4841155, 55.5392638], [37.4821986, 55.5388118], [37.4821505, 55.5388471], [37.4776169, 55.5377852], [37.4776148, 55.5377866], [37.4763105, 55.5374811], [37.4763119, 55.5374794], [37.4762944, 55.5374753], [37.4761933, 55.5374537], [37.4755165, 55.5372951], [37.475709, 55.5353874], [37.4757124, 55.5353885], [37.475753, 55.5349964], [37.4757624, 55.5347785], [37.475165, 55.5341149], [37.4749516, 55.5334932], [37.4750339, 55.5329054], [37.4751577, 55.5326672], [37.4753511, 55.5323827], [37.4759296, 55.5318567], [37.4759686, 55.5311326], [37.4759918, 55.5308994], [37.4761043, 55.5297687], [37.4761216, 55.5295964], [37.4761012, 55.5290299], [37.476162, 55.5278654], [37.4762491, 55.5266243], [37.4762798, 55.5265603], [37.4763357, 55.5265348], [37.476359, 55.5265001], [37.4763536, 55.5264419], [37.4763788, 55.5264204], [37.4764798, 55.5263991], [37.4765523, 55.5263991], [37.476612, 55.5264225], [37.4766607, 55.526434], [37.4767068, 55.5264304], [37.4767803, 55.5264169], [37.4768403, 55.5264007], [37.4768738, 55.5263838], [37.4769175, 55.526347], [37.4770615, 55.5262821], [37.4771636, 55.5262399], [37.4772689, 55.5262158], [37.4773365, 55.5261746], [37.477389, 55.5261562], [37.4774948, 55.5261435], [37.477612, 55.5261421], [37.4776905, 55.5261521], [37.4777546, 55.526152], [37.4778226, 55.5261394], [37.4778725, 55.5261303], [37.4779211, 55.526126], [37.47803, 55.5261535], [37.4781702, 55.526162], [37.4782102, 55.5261689], [37.4782429, 55.5261805], [37.4782533, 55.5261955], [37.4782485, 55.5262106], [37.4782283, 55.5262382], [37.4782234, 55.5262608], [37.4782402, 55.5262855], [37.4782803, 55.5263139], [37.4783479, 55.5263479], [37.478387, 55.5263714], [37.4784155, 55.526409], [37.4784555, 55.5264247], [37.478508, 55.5264403], [37.4785405, 55.5264573], [37.4785757, 55.5264929], [37.4786081, 55.5265057], [37.4786509, 55.5265073], [37.4788043, 55.5265068], [37.4789075, 55.5265167], [37.4789452, 55.5265136], [37.4790113, 55.5264943], [37.4791013, 55.5264589], [37.479144, 55.5264248], [37.479164, 55.5263978], [37.4791764, 55.5263594], [37.479194, 55.5263452], [37.4792665, 55.5263268], [37.4793516, 55.5263124], [37.4794369, 55.5263014], [37.4795296, 55.5262899], [37.4795821, 55.5262829], [37.4796898, 55.5262517], [37.4797349, 55.5262417], [37.4797999, 55.5262375], [37.4798951, 55.5262376], [37.4799652, 55.5262333], [37.4800404, 55.526222], [37.4801361, 55.526206], [37.480173, 55.5262049], [37.4802018, 55.5262078], [37.4802381, 55.5262191], [37.4802715, 55.5262314], [37.4803012, 55.5262412], [37.4803482, 55.5262475], [37.4804159, 55.5262447], [37.4804759, 55.5262561], [37.4805335, 55.5262788], [37.4806036, 55.5263029], [37.4806536, 55.5263299], [37.4807011, 55.5263682], [37.4807462, 55.5264137], [37.4808013, 55.526452], [37.4809764, 55.5265146], [37.4810558, 55.5265361], [37.4811246, 55.5265392], [37.4811843, 55.5265472], [37.4812395, 55.5265685], [37.4812922, 55.5265938], [37.4813995, 55.5266196], [37.4814721, 55.5266424], [37.4815722, 55.5266864], [37.481675, 55.5267418], [37.4817676, 55.5268042], [37.4818501, 55.5268752], [37.4818826, 55.526905], [37.4819326, 55.5269432], [37.4819903, 55.5269731], [37.4820355, 55.5269887], [37.4820879, 55.5269943], [37.482163, 55.526993], [37.4822532, 55.5269888], [37.4823728, 55.5269748], [37.4824166, 55.5269712], [37.4824558, 55.5269749], [37.4825214, 55.5269898], [37.4826065, 55.5270183], [37.4827989, 55.5270938], [37.4828993, 55.5271372], [37.4829393, 55.5271589], [37.4829647, 55.5271865], [37.4829693, 55.527219], [37.4829672, 55.5272518], [37.4829526, 55.5272847], [37.4829332, 55.5273123], [37.4828927, 55.5273477], [37.4828205, 55.5274592], [37.4828052, 55.5275088], [37.4827987, 55.5275583], [37.4827986, 55.5276178], [37.4828051, 55.5276809], [37.4827942, 55.5277714], [37.4827963, 55.5278148], [37.4828291, 55.5279448], [37.482877, 55.5280351], [37.4829098, 55.5280785], [37.4829906, 55.5281306], [37.4831068, 55.5282151], [37.4831618, 55.5282629], [37.4831655, 55.5282737], [37.4831625, 55.5282836], [37.4831082, 55.5283268], [37.4830976, 55.5283449], [37.4830952, 55.5283907], [37.4830933, 55.5284303], [37.4830976, 55.5285282], [37.4831153, 55.5286047], [37.4831434, 55.5286273], [37.4832089, 55.5286397], [37.4833072, 55.5286408], [37.483388, 55.5286409], [37.4834298, 55.5286496], [37.4834953, 55.5286806], [37.4836596, 55.5287218], [37.4837878, 55.5287622], [37.4838964, 55.5287942], [37.4839909, 55.5288296], [37.4840793, 55.5288684], [37.4841578, 55.5289094], [37.4842341, 55.5289402], [37.484375, 55.528995], [37.4845217, 55.5290418], [37.4846384, 55.5290658], [37.4848676, 55.52914], [37.48495, 55.5291696], [37.4849943, 55.5291947], [37.4851089, 55.5292723], [37.4851511, 55.5293156], [37.4852195, 55.5294217], [37.4852677, 55.5294891], [37.4853059, 55.529529], [37.4853561, 55.5295655], [37.4854807, 55.5296237], [37.4855513, 55.5296431], [37.485672, 55.5296637], [37.4857866, 55.5296773], [37.4859433, 55.5297002], [37.4863233, 55.5297698], [37.4864341, 55.5297858], [37.4865265, 55.5297949], [37.486603, 55.5298007], [37.4866653, 55.5298007], [37.4867639, 55.5297904], [37.4868323, 55.529779], [37.4869026, 55.5297596], [37.486963, 55.5297357], [37.4870253, 55.5297026], [37.4871794, 55.529596], [37.487219, 55.5295843], [37.4872664, 55.529587], [37.4873187, 55.5295923], [37.4873793, 55.5296011], [37.4874357, 55.5296183], [37.4874881, 55.5296313], [37.4875624, 55.5296434], [37.4876267, 55.5296445], [37.487689, 55.5296399], [37.4877915, 55.5296217], [37.4878521, 55.5296046], [37.4878921, 55.5295875], [37.4879386, 55.5295533], [37.4880331, 55.529494], [37.4880752, 55.5294735], [37.4881296, 55.5294597], [37.4881838, 55.5294552], [37.4882321, 55.5294575], [37.4883045, 55.52947], [37.4883849, 55.5294894], [37.4886302, 55.5295727], [37.4887107, 55.5296081], [37.4887449, 55.529632], [37.488759, 55.5296526], [37.4887649, 55.5296811], [37.488781, 55.5297188], [37.4888393, 55.5297678], [37.48895, 55.5298454], [37.4890405, 55.5299046], [37.4891571, 55.5299606], [37.4892194, 55.5299834], [37.4892777, 55.5299937], [37.4893642, 55.5299971], [37.4894306, 55.5299904], [37.489479, 55.5299791], [37.4894998, 55.5299595], [37.4894843, 55.5299332], [37.4894617, 55.5299117], [37.4894181, 55.5298851], [37.4893838, 55.5298562], [37.4893778, 55.5298247], [37.4893851, 55.5297841], [37.489363, 55.5296958], [37.4893674, 55.5296728], [37.4893942, 55.5296491], [37.4895575, 55.5295794], [37.4895919, 55.5295718], [37.4896354, 55.5295743], [37.4896714, 55.5295982], [37.4897201, 55.529627], [37.4897477, 55.5296329], [37.4898256, 55.5296253], [37.4899095, 55.5296032], [37.4899844, 55.5295591], [37.4900803, 55.5294785], [37.4901762, 55.529425], [37.4902301, 55.52938], [37.4902945, 55.5293308], [37.4903304, 55.5293198], [37.4904307, 55.5293105], [37.4904846, 55.5293155], [37.4905221, 55.5293291], [37.490585, 55.5293342], [37.4906884, 55.5293224], [37.4907304, 55.529313], [37.4907513, 55.5293029], [37.4907603, 55.5292901], [37.4907469, 55.5292569], [37.4907439, 55.5292392], [37.4907573, 55.5292204], [37.4907917, 55.5292009], [37.4908562, 55.5291789], [37.4909416, 55.5291662], [37.4910793, 55.529156], [37.4911229, 55.5291433], [37.4912171, 55.529099], [37.4912756, 55.5290719], [37.4913296, 55.5290609], [37.4914613, 55.5290474], [37.4916696, 55.5290159], [37.4917189, 55.5290049], [37.4917548, 55.5289947], [37.4917788, 55.5289921], [37.4917983, 55.528999], [37.4919481, 55.5290923], [37.4920004, 55.529117], [37.492029, 55.5291255], [37.4921517, 55.5291518], [37.4922295, 55.529162], [37.4922671, 55.5291595], [37.4922971, 55.5291518], [37.4923166, 55.5291373], [37.4923165, 55.5291144], [37.4922956, 55.529061], [37.4922985, 55.5290126], [37.492327, 55.5289633], [37.4923449, 55.5289498], [37.4923824, 55.5289378], [37.4924978, 55.5289175], [37.4925472, 55.5289048], [37.4925682, 55.5288921], [37.4925757, 55.5288657], [37.4925729, 55.5288399], [37.4925246, 55.5288004], [37.4925068, 55.5287833], [37.4925098, 55.5287647], [37.4925652, 55.5287163], [37.4926131, 55.5286892], [37.4926506, 55.5286789], [37.492694, 55.5286756], [37.4927883, 55.5286849], [37.4928962, 55.5286917], [37.4929487, 55.5286892], [37.4929919, 55.5286747], [37.4930114, 55.5286552], [37.4930266, 55.5285949], [37.493043, 55.5285763], [37.4930685, 55.5285643], [37.4930923, 55.528561], [37.4931223, 55.5285644], [37.4931733, 55.5285856], [37.4933171, 55.5286535], [37.4933501, 55.5286637], [37.493419, 55.5286646], [37.4935087, 55.5286535], [37.4935566, 55.5286374], [37.4936391, 55.5285643], [37.4936914, 55.5285313], [37.4937273, 55.5285177], [37.4938711, 55.5284795], [37.4939671, 55.52846], [37.494018, 55.5284414], [37.4940509, 55.5284108], [37.4940465, 55.5283887], [37.4940344, 55.5283784], [37.4939881, 55.5283572], [37.4939537, 55.5283394], [37.4939071, 55.5282948], [37.4938938, 55.5282724], [37.4938967, 55.5282436], [37.4939297, 55.5282164], [37.4939942, 55.5281773], [37.494024, 55.5281433], [37.4940585, 55.5281187], [37.4940916, 55.5281068], [37.4941184, 55.5281052], [37.494144, 55.5281086], [37.4941635, 55.5281204], [37.4942024, 55.5281595], [37.4942276, 55.5281696], [37.4942773, 55.5281714], [37.4943281, 55.5281603], [37.494379, 55.5281373], [37.494403, 55.528111], [37.4944284, 55.5280559], [37.4944554, 55.5280245], [37.4945783, 55.5279354], [37.4946067, 55.5279116], [37.4946202, 55.5278921], [37.4946217, 55.5278691], [37.4946067, 55.5278496], [37.4945842, 55.5278326], [37.4945573, 55.5278165], [37.4945438, 55.5277995], [37.4945513, 55.5277655], [37.4945619, 55.5277342], [37.4945993, 55.5276917], [37.4947071, 55.5276085], [37.494746, 55.5275729], [37.494779, 55.5275449], [37.494803, 55.5275321], [37.4948314, 55.5275287], [37.4948523, 55.5275339], [37.4948689, 55.5275533], [37.4948899, 55.5275763], [37.4949318, 55.5275958], [37.4950006, 55.5276068], [37.4950696, 55.5276034], [37.4951399, 55.5275848], [37.4953316, 55.5275169], [37.4953841, 55.5275024], [37.495426, 55.5274974], [37.4955129, 55.5274982], [37.4956282, 55.5274982], [37.495721, 55.5274812], [37.4957765, 55.5274633], [37.4958678, 55.527415], [37.4959652, 55.5273844], [37.4960206, 55.5273776], [37.4960835, 55.5273836], [37.4961644, 55.5273971], [37.4962198, 55.5273997], [37.4962723, 55.5273896], [37.4963607, 55.5273505], [37.4966452, 55.5272241], [37.4967036, 55.5272062], [37.4967591, 55.5271994], [37.4968205, 55.5272079], [37.4969627, 55.5272512], [37.4971154, 55.5272987], [37.4972142, 55.5273192], [37.4972607, 55.5273199], [37.4973117, 55.5273089], [37.4973521, 55.5272885], [37.4973624, 55.5272614], [37.4973536, 55.5272223], [37.4973192, 55.5271866], [37.4973071, 55.5271637], [37.4973161, 55.5271375], [37.4973865, 55.5270771], [37.4974165, 55.52705], [37.4974659, 55.5270245], [37.4974884, 55.5270101], [37.4975019, 55.5269855], [37.4975018, 55.5268819], [37.4975094, 55.5268446], [37.4975213, 55.5268284], [37.4975663, 55.5268037], [37.4976353, 55.5267808], [37.4977189, 55.5267656], [37.4977521, 55.5267639], [37.497785, 55.5267715], [37.4977969, 55.5267818], [37.4977968, 55.526831], [37.4978179, 55.5268666], [37.4978584, 55.5269082], [37.4978838, 55.5269244], [37.4979047, 55.5269294], [37.4979257, 55.5269269], [37.4979526, 55.5269014], [37.4979736, 55.5268777], [37.4980035, 55.5268674], [37.4980679, 55.5268564], [37.4981204, 55.5268471], [37.4981563, 55.5268344], [37.4981774, 55.5268285], [37.4982074, 55.5268258], [37.4982396, 55.5268252], [37.4982658, 55.5268332], [37.4982737, 55.5268515], [37.4982677, 55.5268881], [37.4982798, 55.5269075], [37.4983182, 55.5269222], [37.4983584, 55.5269245], [37.4984146, 55.5269177], [37.4984629, 55.526904], [37.4985151, 55.5268801], [37.4985754, 55.5268458], [37.4986297, 55.5268081], [37.4986679, 55.5267888], [37.4987243, 55.5267796], [37.4988168, 55.526774], [37.4989676, 55.5267694], [37.4990783, 55.5267523], [37.4991204, 55.5267512], [37.4991688, 55.5267545], [37.4992149, 55.5267648], [37.4992672, 55.526782], [37.4993276, 55.5268058], [37.49939, 55.5268356], [37.4994704, 55.526864], [37.4996092, 55.5269075], [37.4997579, 55.5269611], [37.4999489, 55.527026], [37.5002326, 55.527131], [37.5005425, 55.5272392], [37.5009444, 55.5273774], [37.5010375, 55.5274048], [37.5011515, 55.527447], [37.5013024, 55.5275131], [37.5014571, 55.5275759], [37.5015927, 55.527614], [37.5017429, 55.5276558], [37.5018615, 55.5276819], [37.5019197, 55.5276842], [37.5020471, 55.5276659], [37.5021363, 55.5276605], [37.5022033, 55.5276523], [37.502275, 55.5276349], [37.5022977, 55.5276079], [37.5022869, 55.5275682], [37.5022757, 55.5274994], [37.5022747, 55.5274549], [37.5022736, 55.5273934], [37.5022734, 55.5273683], [37.5022761, 55.5273533], [37.5022947, 55.5273211], [37.5023066, 55.5272871], [37.5023067, 55.5272538], [37.5022882, 55.5272125], [37.5022294, 55.5271115], [37.5022238, 55.5270756], [37.5022313, 55.5270505], [37.5022423, 55.5270343], [37.5022607, 55.5270181], [37.5022819, 55.5270077], [37.5023141, 55.5270004], [37.5023656, 55.5269905], [37.5023987, 55.5269847], [37.502503, 55.5269547], [37.5025518, 55.5269344], [37.5025794, 55.526914], [37.5025887, 55.5268958], [37.5025868, 55.5268781], [37.5025684, 55.5268546], [37.5025435, 55.5268343], [37.5025151, 55.5268128], [37.5024876, 55.5267859], [37.5024775, 55.5267531], [37.5024796, 55.5267186], [37.5024995, 55.5266936], [37.5025317, 55.5266753], [37.5025713, 55.5266597], [37.5026036, 55.5266555], [37.5026366, 55.5266535], [37.502676, 55.5266592], [37.5027158, 55.5266717], [37.5027811, 55.5266936], [37.5028845, 55.5267373], [37.5029406, 55.5267685], [37.502971, 55.5267889], [37.5029894, 55.5268129], [37.5029976, 55.5268364], [37.5029986, 55.5268573], [37.5029987, 55.5268844], [37.5030022, 55.5269068], [37.5030198, 55.5269314], [37.503039, 55.5269423], [37.5030695, 55.5269471], [37.503109, 55.5269485], [37.5031514, 55.526946], [37.5031799, 55.5269465], [37.5032266, 55.5269585], [37.5032551, 55.5269653], [37.5032873, 55.5269678], [37.5033177, 55.5269621], [37.5033407, 55.5269496], [37.5033582, 55.5269323], [37.5033684, 55.5269125], [37.5033756, 55.5268896], [37.5033858, 55.5268734], [37.5033949, 55.526864], [37.5034134, 55.5268541], [37.5034337, 55.5268525], [37.503464, 55.5268536], [37.5034898, 55.526857], [37.5035183, 55.526864], [37.5035652, 55.5268812], [37.5036002, 55.5268943], [37.5036269, 55.5268974], [37.5036527, 55.5268963], [37.5036729, 55.5268927], [37.5036868, 55.526887], [37.5037025, 55.5268687], [37.5037097, 55.5268441], [37.5037116, 55.5268191], [37.5037144, 55.5268024], [37.5037213, 55.5267748], [37.5037443, 55.5267403], [37.5037526, 55.5267304], [37.5037775, 55.5267247], [37.5037986, 55.5267211], [37.5038299, 55.5267236], [37.5038493, 55.5267278], [37.5038732, 55.5267346], [37.503887, 55.5267471], [37.5039063, 55.5267664], [37.5039358, 55.5268014], [37.5039606, 55.5268222], [37.5040002, 55.5268499], [37.5040461, 55.5268603], [37.5040803, 55.526864], [37.5041282, 55.5268588], [37.5042377, 55.5268368], [37.5043269, 55.5268107], [37.5044259, 55.5267786], [37.5044506, 55.5267655], [37.5044681, 55.5267546], [37.5044811, 55.5267416], [37.5044838, 55.5267218], [37.5044791, 55.526705], [37.5044663, 55.5266758], [37.5044405, 55.5266346], [37.5044175, 55.5265973], [37.5044156, 55.5265733], [37.5044211, 55.5265498], [37.5044332, 55.5265336], [37.5044496, 55.5265174], [37.5044625, 55.5264955], [37.5044736, 55.5264705], [37.5044902, 55.5264182], [37.5044957, 55.5264094], [37.50453, 55.5264156], [37.504624, 55.52644], [37.5047686, 55.5264773], [37.5049972, 55.5265405], [37.5054486, 55.5267049], [37.5056018, 55.526751], [37.5057351, 55.5267716], [37.5059932, 55.5268103], [37.5062052, 55.5268343], [37.5063446, 55.5268542], [37.5064623, 55.5268816], [37.5066387, 55.5269794], [37.5067542, 55.5269495], [37.5068085, 55.5269666], [37.5068319, 55.5269869], [37.506833, 55.5270259], [37.5068286, 55.527059], [37.5068447, 55.5270864], [37.5068809, 55.5271058], [37.5069331, 55.5271171], [37.5069875, 55.5271182], [37.5070447, 55.5271123], [37.507078, 55.5271022], [37.507096, 55.5270852], [37.5071129, 55.5270447], [37.5071221, 55.5270087], [37.507138, 55.526989], [37.5071663, 55.5269768], [37.5072074, 55.5269665], [37.5072615, 55.526964], [37.507304, 55.526967], [37.5073308, 55.5269775], [37.5073378, 55.52699], [37.5073335, 55.5270054], [37.5073013, 55.5270301], [37.5072831, 55.527051], [37.5072852, 55.527076], [37.5073012, 55.5271011], [37.5073298, 55.5271145], [37.5073675, 55.527116], [37.5073969, 55.5271102], [37.5074167, 55.5270923], [37.50744, 55.527027], [37.5074668, 55.5269921], [37.5075305, 55.5269476], [37.5075787, 55.5269243], [37.5076269, 55.5269083], [37.5076606, 55.5269043], [37.5076972, 55.5269037], [37.5077657, 55.5269072], [37.5078291, 55.5269037], [37.5078902, 55.5268901], [37.5079325, 55.5268832], [37.5079648, 55.5268855], [37.5079848, 55.5268912], [37.507997, 55.5269014], [37.5080049, 55.5269221], [37.5080092, 55.5270033], [37.5080212, 55.5270327], [37.5080372, 55.5270544], [37.5080634, 55.5270725], [37.5081016, 55.527084], [37.5081558, 55.5270885], [37.5082003, 55.5270867], [37.508254, 55.5270797], [37.508381, 55.5270555], [37.5084112, 55.527044], [37.5084308, 55.5270283], [37.5084333, 55.5270109], [37.5084253, 55.5269995], [37.5084032, 55.5269767], [37.5083971, 55.5269608], [37.508404, 55.5269436], [37.5084233, 55.5269266], [37.5084977, 55.5268696], [37.5085379, 55.526841], [37.508564, 55.5268342], [37.5085922, 55.5268353], [37.5086184, 55.5268421], [37.5086406, 55.526857], [37.5086826, 55.526904], [37.5087165, 55.5269174], [37.5087536, 55.5269232], [37.5088696, 55.5269242], [37.508944, 55.5269174], [37.5089964, 55.5269026], [37.50905, 55.5268784], [37.5091091, 55.5268506], [37.5091913, 55.5268045], [37.5092498, 55.5267771], [37.509294, 55.5267634], [37.5093503, 55.5267531], [37.5094146, 55.5267543], [37.509471, 55.5267593], [37.5095132, 55.5267702], [37.5095473, 55.5267861], [37.5095892, 55.5268208], [37.5096179, 55.5268523], [37.5096721, 55.5268991], [37.5097127, 55.5269224], [37.5097617, 55.5269356], [37.5098048, 55.5269379], [37.5098512, 55.5269345], [37.5099272, 55.5269222], [37.510028, 55.5268957], [37.5100903, 55.5268694], [37.5101125, 55.5268488], [37.5101125, 55.5268283], [37.5101081, 55.5268144], [37.5100904, 55.526802], [37.5100457, 55.5267851], [37.5099616, 55.5267599], [37.5099336, 55.526745], [37.5099134, 55.5267268], [37.5099054, 55.5267074], [37.5099061, 55.5266843], [37.5099214, 55.5266562], [37.5099495, 55.5266321], [37.5099816, 55.5266161], [37.5100239, 55.5266024], [37.5100607, 55.5266], [37.5101004, 55.5266076], [37.5102029, 55.5266321], [37.5102379, 55.5266359], [37.5102671, 55.5266298], [37.5102894, 55.5266161], [37.5103174, 55.526591], [37.510388, 55.5265112], [37.5104161, 55.5264929], [37.5104543, 55.5264815], [37.5104908, 55.5264781], [37.5105522, 55.5264781], [37.5106477, 55.5264955], [37.5107016, 55.5264998], [37.5108431, 55.526503], [37.5109604, 55.526507], [37.5110415, 55.5265112], [37.5111038, 55.5265066], [37.5111722, 55.526494], [37.5112686, 55.5264723], [37.5113511, 55.5264587], [37.5114738, 55.5264448], [37.5116689, 55.5264335], [37.5118256, 55.5264163], [37.5119866, 55.5263923], [37.5121294, 55.5263672], [37.5122137, 55.5263478], [37.5123045, 55.5263269], [37.5123604, 55.5263245], [37.5123947, 55.5263287], [37.512425, 55.5263375], [37.5124652, 55.5263568], [37.5125098, 55.5263807], [37.5125614, 55.5263938], [37.51261, 55.5264002], [37.5126784, 55.5264014], [37.5127427, 55.5263991], [37.5128031, 55.526391], [37.5128694, 55.5263728], [37.5129419, 55.5263443], [37.512992, 55.5263294], [37.5130445, 55.5263181], [37.5130957, 55.5263152], [37.5131375, 55.5263213], [37.5131589, 55.5263363], [37.5131831, 55.5263796], [37.5132033, 55.5263899], [37.5132255, 55.5263956], [37.5132556, 55.5263956], [37.513362, 55.5263739], [37.5134466, 55.526366], [37.5134767, 55.5263557], [37.5134925, 55.5263411], [37.5134687, 55.5263135], [37.5134345, 55.5262883], [37.5134265, 55.5262701], [37.5134344, 55.5262461], [37.5134606, 55.5262313], [37.5135007, 55.5262199], [37.513555, 55.5262084], [37.5136496, 55.5261994], [37.5137702, 55.526189], [37.5138225, 55.526189], [37.5138647, 55.5261924], [37.5139152, 55.5262004], [37.5139632, 55.5262108], [37.5140417, 55.526231], [37.5140885, 55.5262396], [37.5141301, 55.5262449], [37.5141904, 55.5262493], [37.5142633, 55.5262551], [37.5142891, 55.5262551], [37.5143092, 55.5262545], [37.5143238, 55.5262525], [37.5143676, 55.5262392], [37.5143887, 55.5262284], [37.5144258, 55.5262163], [37.5144469, 55.5262062], [37.5144762, 55.5261884], [37.5144849, 55.5261831], [37.5144906, 55.5261796], [37.5145232, 55.5261751], [37.5145701, 55.5261674], [37.5146037, 55.5261617], [37.5146284, 55.5261604], [37.5146777, 55.526163], [37.5147035, 55.5261649], [37.5147259, 55.5261701], [37.5147506, 55.5261762], [37.5147752, 55.5261795], [37.5147953, 55.5261801], [37.5148042, 55.5261795], [37.5148244, 55.526175], [37.5148445, 55.5261687], [37.514867, 55.5261604], [37.5148984, 55.5261477], [37.5149319, 55.5261369], [37.5149565, 55.5261331], [37.5149979, 55.5261306], [37.5150316, 55.526128], [37.5150645, 55.5261284], [37.5151319, 55.5261297], [37.5152211, 55.5261173], [37.5152537, 55.5261038], [37.5152629, 55.5260911], [37.5158805, 55.5259069], [37.5170335, 55.5257508], [37.5192178, 55.5254659], [37.519247, 55.5254809], [37.5192966, 55.5254938], [37.5193412, 55.5255001], [37.5193687, 55.5254966], [37.519386, 55.5254896], [37.5193948, 55.5254788], [37.5194019, 55.5254614], [37.5194089, 55.5253568], [37.5194034, 55.5253027], [37.5194226, 55.5252363], [37.5194306, 55.5252005], [37.5193944, 55.5250818], [37.5193984, 55.5250294], [37.5194014, 55.5249939], [37.5194125, 55.5249883], [37.5194305, 55.5249837], [37.5194467, 55.5249751], [37.5194731, 55.5249583], [37.5194929, 55.5249449], [37.5195913, 55.5248446], [37.5196436, 55.5247863], [37.5196497, 55.5247635], [37.5196496, 55.5247423], [37.5196494, 55.524737], [37.5196456, 55.5247043], [37.5196555, 55.5246654], [37.5196816, 55.5246176], [37.5197119, 55.5245833], [37.5197461, 55.524557], [37.5197581, 55.5245434], [37.5197661, 55.5245274], [37.5197862, 55.5245159], [37.5198766, 55.5244589], [37.5198888, 55.5244452], [37.5199008, 55.5244258], [37.519927, 55.524346], [37.519933, 55.5243277], [37.5199571, 55.5242946], [37.5200274, 55.5242297], [37.5200716, 55.524184], [37.5200937, 55.524152], [37.5201039, 55.5241258], [37.5201058, 55.5241064], [37.5200938, 55.5240346], [37.5200975, 55.5240026], [37.5201078, 55.5239787], [37.5201257, 55.523957], [37.520168, 55.5239366], [37.5201934, 55.5239015], [37.5202022, 55.5238681], [37.5202099, 55.5237997], [37.5202853, 55.5228892], [37.5202446, 55.5227695], [37.5202265, 55.5227418], [37.5201236, 55.5224843], [37.5222994, 55.52185], [37.5228098, 55.5216342], [37.5274981, 55.5211929], [37.529579, 55.5205452], [37.5326507, 55.5187602], [37.5351233, 55.5179618], [37.535489, 55.5175473], [37.5361705, 55.5167777], [37.5363243, 55.5163326], [37.5361969, 55.5159975], [37.5366099, 55.5156562], [37.5371662, 55.5154632], [37.5380896, 55.5150395], [37.5390365, 55.5141324], [37.5389857, 55.5140447], [37.539572, 55.5136819], [37.5395539, 55.513592], [37.5399264, 55.513508], [37.5391528, 55.5121581], [37.5384521, 55.5121297], [37.5381557, 55.5120016], [37.537099, 55.5114412], [37.5364011, 55.5111723], [37.535683, 55.5095485], [37.5353337, 55.5090822], [37.5350533, 55.5083321], [37.5344516, 55.5083178], [37.5342082, 55.5083491], [37.532254, 55.5082864], [37.5302886, 55.5081622], [37.53022, 55.5075852], [37.530041, 55.5063782], [37.5299085, 55.5057166], [37.5299025, 55.5055374], [37.5298503, 55.5048248], [37.529759, 55.5039099], [37.5325935, 55.5028382], [37.533807, 55.5049932], [37.5340736, 55.5050583], [37.5339805, 55.5051343], [37.5339041, 55.5051874], [37.533885, 55.5052772], [37.533891, 55.5053774], [37.5339661, 55.5055174], [37.53399, 55.505656], [37.5356792, 55.5055945], [37.5397976, 55.5044757], [37.5410388, 55.5039219], [37.5413121, 55.5038722], [37.5417682, 55.5037892], [37.5423335, 55.5045612], [37.5437548, 55.5044553], [37.5465717, 55.5042452], [37.546698, 55.5046502], [37.5476606, 55.5045601], [37.5479643, 55.5055013], [37.5481047, 55.5059369], [37.5513113, 55.5056369], [37.5525735, 55.5055192], [37.5537452, 55.5092104], [37.5539635, 55.5096659], [37.5536466, 55.5097295], [37.5501119, 55.5106451], [37.5469473, 55.5120242], [37.5470251, 55.5127237], [37.5513255, 55.5126443], [37.5515885, 55.512662], [37.552751, 55.5128417], [37.5547882, 55.513097], [37.5547591, 55.5131714], [37.5549443, 55.5132163], [37.5549363, 55.5132333], [37.5550472, 55.5132584], [37.5550661, 55.5132396], [37.5552657, 55.5132817], [37.5553025, 55.5132232], [37.5561458, 55.5134339], [37.5563429, 55.5135005], [37.5581391, 55.5139508], [37.5586187, 55.5142024], [37.5606398, 55.5152413], [37.5609627, 55.515198], [37.5614401, 55.5156796], [37.5629741, 55.5169816], [37.5640866, 55.5184759], [37.5640991, 55.5184948], [37.5647787, 55.518411], [37.5653603, 55.5204367], [37.566875, 55.5202911], [37.5661788, 55.5170806], [37.567692, 55.516684], [37.5704924, 55.5168246], [37.5771271, 55.5172033], [37.572866, 55.5034452], [37.5728312, 55.5033329], [37.5725913, 55.5025581], [37.5725518, 55.502434], [37.5718144, 55.5000538], [37.5721769, 55.4991416], [37.572308, 55.4991278], [37.5730575, 55.4990491], [37.5730799, 55.4989873], [37.5731068, 55.4989284], [37.5731292, 55.4988835], [37.5731579, 55.498838], [37.5731893, 55.4987932], [37.5732234, 55.4987498], [37.573281, 55.4986818], [37.573316, 55.498647], [37.5733617, 55.498606], [37.5734042, 55.4985663], [37.5734431, 55.4985333], [37.5734907, 55.498492], [37.5735986, 55.4984201], [37.5737042, 55.4983553], [37.5738431, 55.4982881], [37.574044, 55.4982133], [37.5741934, 55.4981454], [37.5773411, 55.4968142], [37.5784354, 55.4963183], [37.578531, 55.4962811], [37.5786268, 55.4962525], [37.5787167, 55.4962306], [37.5788358, 55.4962112], [37.5789527, 55.4962012], [37.5790461, 55.4961979], [37.5791418, 55.4961988], [37.5791985, 55.4961964], [37.5792661, 55.4961901], [37.5792959, 55.4961861], [37.5799079, 55.4959313], [37.5840235, 55.494275], [37.5913372, 55.4913076], [37.5912208, 55.4924093], [37.590276, 55.4933921], [37.5924964, 55.4942239], [37.5936677, 55.4930521], [37.5938554, 55.4930133], [37.5952874, 55.493175], [37.5970031, 55.4942332], [37.5986833, 55.4950221], [37.6002295, 55.495748], [37.6000039, 55.4968287], [37.602781, 55.4981118], [37.6036285, 55.4984805], [37.6041451, 55.4987054], [37.6041005, 55.4990632], [37.6025545, 55.5004511], [37.6029911, 55.5010354], [37.6045411, 55.5024168], [37.5988924, 55.504376], [37.5966517, 55.5054216], [37.5977491, 55.5061321], [37.5985939, 55.5076213], [37.5987179, 55.5081323], [37.5978065, 55.5086481], [37.5931863, 55.5114956], [37.5926357, 55.5116108], [37.5926688, 55.5118899], [37.5918281, 55.5124933], [37.590551, 55.5134097], [37.589715, 55.5140097], [37.5886984, 55.5155293], [37.5858048, 55.5171294], [37.5855231, 55.5179973], [37.5841526, 55.5187268], [37.5822493, 55.5197399], [37.5791255, 55.5213491], [37.5784455, 55.5216802], [37.5799367, 55.5262378], [37.5799626, 55.5265644], [37.5799692, 55.5266346], [37.5803221, 55.5277603], [37.5807199, 55.5277172], [37.5822122, 55.5316397], [37.5825221, 55.532673], [37.5836358, 55.5365125], [37.5839151, 55.5371993], [37.5833174, 55.5378616], [37.5846175, 55.5420618], [37.5845248, 55.5420603], [37.5852261, 55.5445906], [37.585445, 55.5453421], [37.5855304, 55.5455521], [37.5856555, 55.5457538], [37.5858393, 55.5462666], [37.5859327, 55.5462619], [37.5871455, 55.5502236], [37.5879139, 55.5522403], [37.5881189, 55.5527328], [37.5882061, 55.553691], [37.5893028, 55.5571995], [37.5894539, 55.557683], [37.5925916, 55.5598474], [37.5934827, 55.5603766], [37.5942413, 55.5608762], [37.5955276, 55.5614833], [37.5988326, 55.5627244], [37.5993549, 55.562858], [37.6002272, 55.5630809], [37.6004913, 55.5631606], [37.6009257, 55.5633246], [37.6012056, 55.5634663], [37.6026735, 55.5641441], [37.6035766, 55.5645916], [37.6022875, 55.5663726], [37.5983969, 55.5666054], [37.5974675, 55.5668717], [37.5975531, 55.5678881], [37.5971962, 55.569083], [37.5949874, 55.5717836], [37.5940995, 55.5729337], [37.5937007, 55.5735419], [37.59283, 55.5746647], [37.5925252, 55.5750355], [37.5922403, 55.5753998], [37.592098, 55.5755528], [37.5918516, 55.5757745], [37.5915215, 55.5760759], [37.5912074, 55.5762538], [37.5900931, 55.5768957], [37.5866644, 55.5777032], [37.5781401, 55.5797322], [37.5729398, 55.5809668], [37.573581, 55.5814982], [37.5737428, 55.5816951], [37.5738297, 55.581876], [37.573827, 55.5820357], [37.5736776, 55.5822095], [37.575612, 55.5839059], [37.5760749, 55.5842567], [37.5774787, 55.5863495], [37.5774664, 55.5867442], [37.5774655, 55.5867723], [37.5774764, 55.5869894], [37.5770667, 55.5872209], [37.5770596, 55.5874442], [37.5767865, 55.5878666], [37.5769208, 55.5880715], [37.5772147, 55.5886894], [37.5773087, 55.5887966], [37.5776216, 55.5892198], [37.5768642, 55.5893149], [37.5769809, 55.589872], [37.5769243, 55.5902534], [37.5769986, 55.5908576], [37.5771504, 55.5912501], [37.5771393, 55.5916342], [37.5774122, 55.5920789], [37.5775262, 55.5924126], [37.5778687, 55.593164], [37.5779132, 55.5936257], [37.5781785, 55.594213], [37.5783665, 55.5948214], [37.5785864, 55.5952236], [37.5786078, 55.5952615], [37.5788564, 55.595704], [37.5789739, 55.5959133], [37.5802367, 55.5958132], [37.5801978, 55.5968987], [37.5804659, 55.5975179], [37.580571, 55.5977608], [37.5766634, 55.5978687], [37.57643, 55.598155], [37.5764882, 55.5986537], [37.5767146, 55.5992865], [37.5770422, 55.5995228], [37.5773289, 55.5998064], [37.5773848, 55.5998209], [37.5776733, 55.6001699], [37.5788793, 55.6008521], [37.5792964, 55.6010331], [37.5817703, 55.6034936], [37.5815647, 55.6043427], [37.5815302, 55.604343], [37.5778221, 55.6043664], [37.5757622, 55.6062573], [37.5748995, 55.606596], [37.5742126, 55.6066376], [37.5739862, 55.6066512], [37.5736159, 55.6059499], [37.5718677, 55.6059887], [37.5712989, 55.6067178], [37.5701402, 55.6071541], [37.5698954, 55.607243], [37.5699062, 55.6073702], [37.5699656, 55.6075291], [37.5698498, 55.6075581], [37.5698841, 55.6077177], [37.5697983, 55.6080693], [37.5699163, 55.6084693], [37.5709543, 55.6085132], [37.5717053, 55.6083799], [37.5719867, 55.6083093], [37.5732882, 55.6083088], [37.5736164, 55.6083608], [37.5742437, 55.6086923], [37.5746859, 55.6088169], [37.5755756, 55.6109835], [37.5756342, 55.6114468], [37.5756781, 55.6117933], [37.5756842, 55.6118865], [37.5757104, 55.6122829], [37.575229, 55.6126364], [37.5746262, 55.6132284], [37.5775274, 55.6143282], [37.577792, 55.6145257], [37.5780866, 55.614758], [37.5776933, 55.6148621], [37.5759344, 55.6155066], [37.5783978, 55.6186731], [37.5784625, 55.6187563], [37.5786883, 55.6189757], [37.5794246, 55.6196914], [37.580422, 55.6193292], [37.5804986, 55.6193862], [37.579517, 55.6198313], [37.5788851, 55.6200949], [37.5778947, 55.619345], [37.5775512, 55.6192541], [37.5773218, 55.6192619], [37.5769765, 55.6193082], [37.5756783, 55.6196778], [37.5749917, 55.6198232], [37.5747449, 55.6200473], [37.5750561, 55.6205441], [37.5755603, 55.6210227], [37.5759466, 55.6214225], [37.5763972, 55.6217557], [37.5769209, 55.6219629], [37.5779348, 55.6217396], [37.5780788, 55.621908], [37.5785887, 55.6217688], [37.5788427, 55.6217451], [37.5783079, 55.622052], [37.5783812, 55.6222139], [37.5787147, 55.6222363], [37.5788799, 55.622119], [37.5791708, 55.6221094], [37.5796675, 55.6219386], [37.5796706, 55.6218476], [37.5799078, 55.6217421], [37.5801119, 55.6217013], [37.5802912, 55.6217814], [37.5805351, 55.6217889], [37.5812583, 55.6222291], [37.5817505, 55.6225927], [37.5826328, 55.6232446], [37.5822191, 55.6233277], [37.5816588, 55.6229194], [37.581544, 55.6230362], [37.5818278, 55.6232463], [37.5818813, 55.6233534], [37.5817207, 55.623388], [37.5819263, 55.6236362], [37.5817785, 55.6238466], [37.5813931, 55.6240714], [37.5819864, 55.6242456], [37.5823541, 55.6243623], [37.5820297, 55.6245849], [37.5824207, 55.6248027], [37.5827831, 55.6251651], [37.5828853, 55.6254039], [37.5832426, 55.6262311], [37.5834473, 55.6262846], [37.5836353, 55.626329], [37.5838163, 55.6269123], [37.5840441, 55.6268863], [37.5842062, 55.6266933], [37.5843504, 55.6266836], [37.5846822, 55.6277039], [37.5846277, 55.6277403], [37.5843489, 55.6276415], [37.5841913, 55.6275846], [37.5840257, 55.6277789], [37.5840881, 55.627995], [37.5844474, 55.6280008], [37.5847404, 55.6279252], [37.5849169, 55.6283455], [37.5850271, 55.628723], [37.5848356, 55.6287675], [37.584672, 55.6284764], [37.5843504, 55.6285628], [37.5842214, 55.6284348], [37.5841652, 55.6286932], [37.5845884, 55.6289691], [37.5851467, 55.6292006], [37.585284, 55.6293994], [37.5852598, 55.6295397], [37.5853956, 55.6297962], [37.5855103, 55.6300194], [37.5857961, 55.6306214], [37.5858754, 55.6308714], [37.5858587, 55.6311686], [37.5855818, 55.6314101], [37.5852426, 55.6314864], [37.58382, 55.6314728], [37.5772657, 55.6326769], [37.577406, 55.6343603], [37.57757, 55.6344539], [37.5777813, 55.6346988], [37.5781386, 55.6347387], [37.5787978, 55.6353579], [37.5790579, 55.6354051], [37.5792055, 55.6355529], [37.5791407, 55.6356592], [37.5792797, 55.6357806], [37.5801575, 55.6355635], [37.5805943, 55.6359109], [37.5798445, 55.6360225], [37.5803196, 55.6365674], [37.5805255, 55.6365883], [37.5806218, 55.6367698], [37.5808298, 55.6368147], [37.5811042, 55.6372783], [37.5816658, 55.6372003], [37.5816654, 55.6372042], [37.5822546, 55.638467], [37.5819071, 55.6386913], [37.5814906, 55.6389599], [37.5814476, 55.6394871], [37.5816208, 55.6394753], [37.5820567, 55.6395444], [37.5821552, 55.6396523], [37.5821194, 55.6397349], [37.5820024, 55.6398242], [37.5816157, 55.6399652], [37.5812617, 55.640895], [37.581923, 55.6408999], [37.5819116, 55.6409906], [37.582001, 55.6412221], [37.5807066, 55.6423331], [37.5792903, 55.6428011], [37.5793621, 55.6436151], [37.580003, 55.6438218], [37.5800958, 55.6448098], [37.5801146, 55.6449409], [37.5804123, 55.6449224], [37.5804285, 55.6451109], [37.5803883, 55.6453261], [37.5826672, 55.6446347], [37.5865866, 55.6434339], [37.5894152, 55.6425789], [37.5902235, 55.6423971], [37.5916831, 55.6421885], [37.594513, 55.6419631], [37.5948164, 55.6419459], [37.6056701, 55.6413716], [37.6056462, 55.6433403], [37.6056083, 55.6445012], [37.6055981, 55.6448199], [37.6055888, 55.6453814], [37.6055654, 55.6473845], [37.6054803, 55.6510624], [37.6054514, 55.6530715], [37.6054489, 55.6533881], [37.6054398, 55.6537329], [37.6054158, 55.6547951], [37.6053943, 55.6562206], [37.6053949, 55.6564187], [37.6054137, 55.65653], [37.6054466, 55.6566175], [37.6056145, 55.6568169], [37.6058225, 55.6570437], [37.6068603, 55.6579293], [37.6080582, 55.6588985], [37.608115, 55.6589478], [37.6099599, 55.6604496], [37.6102368, 55.6606777], [37.6105353, 55.6609003], [37.6113748, 55.6615981], [37.6131638, 55.6631281], [37.6133979, 55.6633318], [37.613497, 55.6634142], [37.6135717, 55.6634792], [37.6076463, 55.664083], [37.6078499, 55.6642966], [37.6080471, 55.6644866], [37.6088027, 55.6651214], [37.6096955, 55.6652214], [37.6099964, 55.6651614], [37.6106439, 55.6649643], [37.6108762, 55.6651932], [37.6108547, 55.6653097], [37.6108252, 55.665442], [37.6108049, 55.665498], [37.6110172, 55.6656747], [37.6116351, 55.6661287], [37.6106909, 55.6665542], [37.6070449, 55.668189], [37.6061238, 55.668915], [37.6062978, 55.6708251], [37.6062278, 55.6716954], [37.6060946, 55.6724949], [37.6061664, 55.6728697], [37.6067054, 55.6728336], [37.6069147, 55.6738731], [37.6072285, 55.6741797], [37.6073743, 55.6744852], [37.6073782, 55.6746682], [37.6077371, 55.6747118], [37.6081015, 55.6749551], [37.6083793, 55.675234], [37.6085901, 55.6753362], [37.608593, 55.6754577], [37.6084808, 55.6756786], [37.6085336, 55.6758092], [37.6087795, 55.6760004], [37.6089553, 55.6763047], [37.6091225, 55.6764084], [37.6092477, 55.6764783], [37.6094396, 55.6766155], [37.6099334, 55.6767357], [37.6100304, 55.6768254], [37.6101848, 55.6769658], [37.6104767, 55.6770723], [37.6108972, 55.67714], [37.6112921, 55.6772175], [37.6114228, 55.6773191], [37.6115212, 55.6775203], [37.6115444, 55.6779144], [37.6115061, 55.6780989], [37.6114758, 55.6783295], [37.6117106, 55.6786056], [37.612013, 55.6788105], [37.6123593, 55.6789646], [37.6126654, 55.6792742], [37.6132233, 55.6796517], [37.6137782, 55.6799858], [37.6141473, 55.6803811], [37.6144722, 55.6804385], [37.6146941, 55.6805557], [37.614737, 55.6806375], [37.6149209, 55.6809259], [37.6147008, 55.6815983], [37.6147315, 55.6817773], [37.6147741, 55.6818926], [37.6147606, 55.6819975], [37.6146515, 55.6821498], [37.6145549, 55.6824292], [37.6145803, 55.6826895], [37.6144989, 55.6827704], [37.6144031, 55.6828654], [37.6142883, 55.6829497], [37.614198, 55.6830158], [37.6141105, 55.6830969], [37.6139701, 55.6831716], [37.6139286, 55.6833515], [37.6138313, 55.68368], [37.6137717, 55.6840146], [37.6137436, 55.6842015], [37.6137023, 55.6844758], [37.613156, 55.6843777], [37.6125961, 55.6842769], [37.6120808, 55.6841842], [37.6113805, 55.6840735], [37.6106537, 55.6839671], [37.6099105, 55.6838812], [37.6093448, 55.6838665], [37.6090241, 55.6838718], [37.6086083, 55.6838867], [37.6081206, 55.6839452], [37.6076158, 55.6840609], [37.6071679, 55.684196], [37.6067489, 55.6843561], [37.6064313, 55.6845105], [37.6060047, 55.6847503], [37.6057129, 55.6849572], [37.6054762, 55.6851869], [37.6052716, 55.6854176], [37.6050227, 55.6857954], [37.604949, 55.6860546], [37.6049147, 55.6863256], [37.6049318, 55.6866554], [37.6049833, 55.6869795], [37.6050849, 55.6873154], [37.6052165, 55.6877218], [37.6052902, 55.6880743], [37.6052852, 55.6884461], [37.6052441, 55.688807], [37.6051741, 55.6890097], [37.6051011, 55.6891501], [37.6047415, 55.6895644], [37.6044926, 55.6897973], [37.6040149, 55.6900694], [37.6035131, 55.6903468], [37.6037381, 55.6905249], [37.6037862, 55.6906298], [37.603272, 55.6908552], [37.6026056, 55.6912173], [37.6019757, 55.6915366], [37.6015421, 55.6915515], [37.6012404, 55.6917549], [37.600685, 55.6922024], [37.5999503, 55.6927588], [37.5995197, 55.6931261], [37.5991282, 55.6934459], [37.5988438, 55.6936938], [37.598404, 55.6940702], [37.5980599, 55.694353], [37.5974813, 55.6948291], [37.597028, 55.6952161], [37.5969259, 55.6953234], [37.5964835, 55.695789], [37.5961214, 55.6961337], [37.5957781, 55.6965358], [37.5951933, 55.697234], [37.5948393, 55.6976483], [37.5940052, 55.6986202], [37.5932272, 55.6994938], [37.5925729, 55.7002693], [37.589841, 55.703506], [37.5884653, 55.705105], [37.5878804, 55.7057732], [37.587705, 55.70595], [37.587621, 55.7060686], [37.5873424, 55.7063265], [37.5877268, 55.7065411], [37.5887529, 55.7071218], [37.5853645, 55.7088144], [37.5842269, 55.7095136], [37.5834012, 55.7100423], [37.5821396, 55.7109925], [37.5816353, 55.7113479], [37.5794176, 55.7129555], [37.5776083, 55.7142057], [37.5749279, 55.7131177], [37.56961, 55.7116173], [37.5654005, 55.7107574], [37.5609953, 55.7103378], [37.5592321, 55.7102802], [37.5570247, 55.7086148], [37.5541494, 55.7065306], [37.546313, 55.7007463], [37.5365712, 55.6935632], [37.5357473, 55.6930988], [37.5300532, 55.689929], [37.5116624, 55.6797306], [37.512129, 55.6794427], [37.5142636, 55.678286], [37.5188512, 55.6761341], [37.5236984, 55.673847], [37.5236692, 55.6738675], [37.5240014, 55.6737181], [37.5200937, 55.6708846], [37.5089576, 55.6633808], [37.5065428, 55.6617784], [37.5016534, 55.6585246], [37.4956144, 55.6556312], [37.4826333, 55.649537], [37.4824662, 55.6494605], [37.4782007, 55.6475145], [37.4637211, 55.6407043], [37.4557186, 55.6370487]]]]}}, {"id": "0", "type": "Feature", "properties": {"name": "\u0421\u0435\u0432\u0435\u0440\u043d\u044b\u0439 \u0430\u0434\u043c\u0438\u043d\u0438\u0441\u0442\u0440\u0430\u0442\u0438\u0432\u043d\u044b\u0439 \u043e\u043a\u0440\u0443\u0433"}, "geometry": {"type": "MultiPolygon", "coordinates": [[[[37.3698614, 55.9081958], [37.3729634, 55.9096374], [37.3767952, 55.9112438], [37.377709, 55.9114227], [37.3783502, 55.9114894], [37.3792314, 55.9114912], [37.3810648, 55.9113984], [37.3823163, 55.9113475], [37.3830056, 55.9113592], [37.3836773, 55.9114005], [37.3839972, 55.9114283], [37.3849908, 55.911508], [37.386109, 55.9116112], [37.386724, 55.9116569], [37.3870521, 55.9117311], [37.3873267, 55.911829], [37.389345, 55.9125905], [37.3900178, 55.9128442], [37.3942619, 55.9144875], [37.3946665, 55.914698], [37.3952665, 55.915231], [37.3957806, 55.9154975], [37.398713, 55.9166176], [37.3949359, 55.9193291], [37.393851, 55.9211354], [37.393778, 55.9215601], [37.3943312, 55.9226575], [37.3968464, 55.92617], [37.4084134, 55.9241345], [37.4106248, 55.9252479], [37.4102691, 55.9272062], [37.4085499, 55.9285253], [37.4078184, 55.9288078], [37.4077466, 55.9290304], [37.4094272, 55.9296377], [37.4101622, 55.9304426], [37.410189, 55.9306926], [37.4098611, 55.9314065], [37.4101679, 55.9319133], [37.4094668, 55.9330226], [37.4076688, 55.9346914], [37.4076215, 55.9348096], [37.4076939, 55.9349865], [37.4071086, 55.9367098], [37.4066636, 55.939028], [37.4077198, 55.9392932], [37.4074528, 55.939854], [37.4082123, 55.9406941], [37.4081273, 55.9409418], [37.4084228, 55.9411325], [37.4082011, 55.9414731], [37.4085786, 55.9427713], [37.4103667, 55.945258], [37.415558, 55.9457605], [37.4161889, 55.9465422], [37.4168021, 55.94674], [37.4192998, 55.9466966], [37.4208886, 55.9471995], [37.4211368, 55.9474815], [37.4207075, 55.9497164], [37.4217831, 55.9502361], [37.4224581, 55.9513145], [37.4215998, 55.9515164], [37.4210469, 55.9516149], [37.4208967, 55.9516095], [37.42032, 55.9515676], [37.4198547, 55.9515804], [37.4197581, 55.9517529], [37.4198359, 55.9519859], [37.420139, 55.952271], [37.4204227, 55.9524155], [37.4204582, 55.9525159], [37.4199156, 55.9530314], [37.4195999, 55.9532127], [37.4192398, 55.9532775], [37.4188536, 55.9532295], [37.4185103, 55.9532715], [37.4183365, 55.9532441], [37.417727, 55.9533617], [37.4171429, 55.9533312], [37.4167889, 55.9534167], [37.4167272, 55.9535294], [37.4167325, 55.953597], [37.4168077, 55.9537757], [37.4167835, 55.9539303], [37.416418, 55.9543228], [37.4161184, 55.9543974], [37.4159608, 55.954409], [37.4158279, 55.9544189], [37.4153237, 55.9544309], [37.4149842, 55.9545384], [37.4145251, 55.9546181], [37.414063, 55.9545991], [37.4137634, 55.9545265], [37.4135032, 55.9543882], [37.4132377, 55.9542817], [37.4131224, 55.9541391], [37.4132072, 55.9539421], [37.4133711, 55.9538353], [37.4134013, 55.9537275], [37.4132316, 55.9536671], [37.4131366, 55.9537018], [37.4129474, 55.953884], [37.4124056, 55.953952], [37.4121594, 55.9539063], [37.4120253, 55.9538416], [37.4120066, 55.9537997], [37.4120821, 55.9536947], [37.4121667, 55.9534946], [37.412087, 55.9534393], [37.4118911, 55.9533252], [37.4113788, 55.953187], [37.4110214, 55.9531936], [37.4108344, 55.9532816], [37.4107748, 55.9534037], [37.4107961, 55.9536501], [37.4105386, 55.9539984], [37.4102256, 55.95416], [37.4099788, 55.9542187], [37.4097232, 55.9542052], [37.409076, 55.9540415], [37.4085331, 55.9540089], [37.4081473, 55.9539111], [37.4078348, 55.9534705], [37.4074764, 55.9533538], [37.4074336, 55.9530879], [37.4076319, 55.9529377], [37.4078199, 55.9529198], [37.4080798, 55.9530308], [37.4083185, 55.9530489], [37.4085646, 55.9529652], [37.4086411, 55.9527676], [37.4084848, 55.9526509], [37.4081951, 55.9525021], [37.4080422, 55.9522034], [37.407964, 55.9519787], [37.4079001, 55.9517063], [37.4076426, 55.9514405], [37.4073959, 55.9513294], [37.4071625, 55.9512993], [37.4068943, 55.9513429], [37.4066345, 55.9514407], [37.4064731, 55.9514435], [37.4063471, 55.9513849], [37.4060869, 55.9511837], [37.4057328, 55.951044], [37.4051722, 55.9508983], [37.4044963, 55.9507917], [37.4038634, 55.9507691], [37.4032813, 55.9506475], [37.4018596, 55.9502931], [37.4015379, 55.9503201], [37.4011462, 55.9502976], [37.4009585, 55.9501955], [37.4007841, 55.9500904], [37.400532, 55.9500498], [37.3996435, 55.9499557], [37.3992204, 55.9499447], [37.3987483, 55.9497585], [37.3980993, 55.9497269], [37.3977746, 55.9496518], [37.3965865, 55.9493785], [37.3957658, 55.949081], [37.3955646, 55.9489745], [37.39524, 55.948964], [37.3945828, 55.9487042], [37.3941886, 55.9485901], [37.3939183, 55.9486173], [37.393671, 55.9486531], [37.3932093, 55.9486359], [37.3929044, 55.9487224], [37.3924291, 55.9489278], [37.3920805, 55.9491232], [37.3918631, 55.9493199], [37.3918041, 55.9494867], [37.3918175, 55.9496324], [37.3917712, 55.9497901], [37.391674, 55.9498854], [37.3916139, 55.9500301], [37.3917423, 55.9505014], [37.3918871, 55.9507314], [37.392032, 55.950833], [37.3929849, 55.9512875], [37.3931352, 55.9515939], [37.393178, 55.9518402], [37.3930493, 55.9521225], [37.3927919, 55.9522727], [37.3925237, 55.9522977], [37.3923412, 55.9523147], [37.3916545, 55.9522787], [37.3914399, 55.9521645], [37.3902599, 55.9519903], [37.3899057, 55.9520804], [37.3893801, 55.9523207], [37.3893478, 55.952555], [37.3895625, 55.9528133], [37.3892191, 55.9530836], [37.3881891, 55.9532758], [37.3876206, 55.9533299], [37.3872557, 55.9532338], [37.3863652, 55.9528613], [37.3860649, 55.9528854], [37.3852816, 55.9531977], [37.3847345, 55.9532037], [37.3833198, 55.9529551], [37.3828826, 55.9526653], [37.3828213, 55.9525443], [37.3828399, 55.9524229], [37.3829233, 55.9522845], [37.3833442, 55.9518567], [37.383639, 55.9516276], [37.3837103, 55.9515128], [37.3836771, 55.951424], [37.3835505, 55.9513137], [37.3832384, 55.9511409], [37.3829147, 55.9509834], [37.3826148, 55.9508864], [37.3821535, 55.9507963], [37.3815823, 55.9507932], [37.3809384, 55.9509599], [37.3803618, 55.9512528], [37.3795034, 55.9516402], [37.3783581, 55.9520097], [37.37776, 55.9522424], [37.3772021, 55.9524782], [37.3764323, 55.9529062], [37.376156, 55.9530774], [37.3754131, 55.9534934], [37.3752548, 55.9535925], [37.3751342, 55.9537292], [37.3750912, 55.9540385], [37.3751584, 55.9544109], [37.3752915, 55.9545632], [37.3756732, 55.954765], [37.375861, 55.9549198], [37.376046, 55.9551046], [37.3762313, 55.9554425], [37.3719719, 55.9561382], [37.3594469, 55.9559712], [37.358211, 55.9556423], [37.3582748, 55.9552815], [37.3592083, 55.9547835], [37.3586111, 55.9547189], [37.3586943, 55.9547543], [37.3586545, 55.9547919], [37.3582585, 55.9547167], [37.3579229, 55.954734], [37.3579487, 55.9546622], [37.3582973, 55.9546208], [37.3584023, 55.954555], [37.3579602, 55.9545396], [37.3577073, 55.954484], [37.3578135, 55.9543558], [37.3577804, 55.9542537], [37.3578621, 55.9541198], [37.3578034, 55.9540816], [37.3579264, 55.9540794], [37.3578666, 55.9540206], [37.3581129, 55.9539068], [37.3582204, 55.9537079], [37.3581575, 55.9536839], [37.3582186, 55.9536424], [37.3581766, 55.9534769], [37.3579972, 55.9533316], [37.3560009, 55.9535438], [37.3547616, 55.9517115], [37.3534926, 55.9511259], [37.3529704, 55.9512567], [37.3522221, 55.9515215], [37.3521331, 55.9514894], [37.3503876, 55.952475], [37.348819, 55.9518948], [37.3469535, 55.9531035], [37.3464338, 55.953622], [37.3463323, 55.9538018], [37.3463701, 55.9543194], [37.3465439, 55.954689], [37.346872, 55.9550128], [37.3473268, 55.9553262], [37.3501948, 55.9569202], [37.3495832, 55.9572896], [37.3488563, 55.9570115], [37.3479284, 55.9567686], [37.3472722, 55.9566503], [37.3465836, 55.9565523], [37.3445705, 55.9564052], [37.3429914, 55.9564282], [37.3422581, 55.9565744], [37.3415703, 55.9568281], [37.3410173, 55.9565621], [37.3417992, 55.9559792], [37.3394677, 55.9548276], [37.3350259, 55.9535891], [37.3364423, 55.9507148], [37.3374608, 55.9498546], [37.3379464, 55.9493437], [37.3385185, 55.948859], [37.3381558, 55.9485636], [37.3385741, 55.9480078], [37.3405276, 55.9462664], [37.3416982, 55.9467499], [37.3479065, 55.9432289], [37.3474532, 55.9429426], [37.3478013, 55.9427191], [37.3510086, 55.9407866], [37.3503948, 55.940476], [37.3522537, 55.9396508], [37.3540987, 55.9389069], [37.3534921, 55.9385737], [37.3534009, 55.9386119], [37.3527324, 55.9381478], [37.3528243, 55.9381029], [37.3521382, 55.9377394], [37.3514523, 55.9372244], [37.3508811, 55.9374477], [37.3495479, 55.9366301], [37.3432683, 55.9389578], [37.3428168, 55.9388521], [37.3386657, 55.9370648], [37.3382762, 55.9366921], [37.3382088, 55.9363776], [37.337379, 55.9364081], [37.3358152, 55.9357439], [37.3364918, 55.9354447], [37.33678, 55.9349949], [37.3363011, 55.9347823], [37.3355374, 55.935188], [37.334963, 55.9353847], [37.3313205, 55.9338701], [37.3334455, 55.9335885], [37.3357708, 55.9329596], [37.3366865, 55.9326648], [37.3379221, 55.9320225], [37.3398342, 55.9307309], [37.3406098, 55.9299563], [37.3414146, 55.9289102], [37.3432582, 55.9270895], [37.3435269, 55.9266405], [37.343614, 55.9261096], [37.3435925, 55.925422], [37.3437067, 55.9241831], [37.3492233, 55.9260384], [37.3492865, 55.9263937], [37.3497022, 55.926776], [37.3517212, 55.9277016], [37.3564628, 55.9299543], [37.3610349, 55.9280552], [37.3716831, 55.9233913], [37.3756398, 55.9217076], [37.377823, 55.9211142], [37.3769657, 55.9207047], [37.3717351, 55.919643], [37.3688493, 55.9179562], [37.3696713, 55.9175132], [37.3660258, 55.9153806], [37.3658403, 55.9141697], [37.3682071, 55.9102257], [37.3686158, 55.9099131], [37.3698614, 55.9081958]]], [[[37.4364834, 55.8795785], [37.437495, 55.8798935], [37.4381223, 55.880086], [37.4404745, 55.8808215], [37.4406998, 55.8809399], [37.4408781, 55.8810356], [37.4410737, 55.8811415], [37.4412022, 55.8812257], [37.4413518, 55.8813547], [37.441454, 55.8814726], [37.4415135, 55.8815702], [37.4415837, 55.8816921], [37.4416353, 55.8818004], [37.4416972, 55.8819252], [37.441762, 55.8821127], [37.4418276, 55.8822814], [37.4418824, 55.8824264], [37.4419324, 55.8825747], [37.4419777, 55.882763], [37.4419862, 55.8828931], [37.4419742, 55.883096], [37.441984, 55.8832632], [37.4419429, 55.8833398], [37.4418525, 55.8835076], [37.4417476, 55.8836211], [37.4416519, 55.8837214], [37.4415352, 55.883839], [37.4424187, 55.8841651], [37.4425312, 55.8840834], [37.4426363, 55.8840123], [37.442809, 55.8838782], [37.4429623, 55.8837704], [37.4429143, 55.8837496], [37.4437042, 55.8832479], [37.4438177, 55.8831923], [37.443964, 55.8831423], [37.4442815, 55.8830829], [37.4445742, 55.8830419], [37.444933, 55.8830176], [37.4451489, 55.8830035], [37.4454056, 55.8829839], [37.4457174, 55.8829553], [37.4460873, 55.8829246], [37.4469285, 55.8828644], [37.4472149, 55.8828406], [37.4474656, 55.8828165], [37.4477311, 55.8827966], [37.4479905, 55.8827879], [37.4483383, 55.8827738], [37.448729, 55.8827742], [37.4502741, 55.8828616], [37.4545974, 55.8830324], [37.4555653, 55.8832033], [37.4598799, 55.8832048], [37.4628321, 55.883217], [37.4647226, 55.8834595], [37.4673166, 55.8837926], [37.4713061, 55.8846991], [37.473697, 55.8852991], [37.4759345, 55.8858644], [37.4799382, 55.8873167], [37.4801487, 55.8874105], [37.4803401, 55.8874942], [37.480532, 55.887581], [37.480804, 55.8877048], [37.4810523, 55.887807], [37.4812357, 55.8878864], [37.4814761, 55.8879972], [37.4816971, 55.8880942], [37.4819136, 55.8881854], [37.48209, 55.8882671], [37.4823163, 55.8883802], [37.4824094, 55.8884393], [37.482526, 55.8885283], [37.4826397, 55.888633], [37.4827413, 55.8887586], [37.4828354, 55.888901], [37.4829314, 55.8890603], [37.4830324, 55.8892219], [37.4831235, 55.8893764], [37.483256, 55.8895802], [37.4833468, 55.8897276], [37.4834286, 55.8898746], [37.4835005, 55.8900304], [37.4835238, 55.8902048], [37.4835632, 55.8904126], [37.4835845, 55.8905938], [37.4835978, 55.8906504], [37.4839947, 55.8906501], [37.4840597, 55.8904809], [37.4841168, 55.8903255], [37.4841656, 55.8901473], [37.4842307, 55.8899873], [37.4842797, 55.8898593], [37.484399, 55.8897825], [37.484464, 55.8895727], [37.4845635, 55.8893951], [37.4846177, 55.8892266], [37.4846215, 55.8891646], [37.4847485, 55.8889295], [37.4848494, 55.8888035], [37.4850252, 55.8886567], [37.4852756, 55.8885564], [37.4855081, 55.8884971], [37.4857232, 55.8884301], [37.4859353, 55.8883987], [37.4924417, 55.8908261], [37.4928601, 55.8909822], [37.4929883, 55.8911159], [37.4930934, 55.8912801], [37.4932179, 55.8914374], [37.4933245, 55.8915896], [37.4934104, 55.8917346], [37.4934966, 55.8918737], [37.4936267, 55.8920668], [37.493749, 55.8922469], [37.4938678, 55.8923808], [37.493999, 55.8924933], [37.4941332, 55.8925847], [37.4943453, 55.8926768], [37.4946009, 55.8927596], [37.4948148, 55.8928065], [37.4951395, 55.8928174], [37.4955095, 55.8927625], [37.4957883, 55.8927108], [37.496035, 55.8926033], [37.4962542, 55.8924794], [37.4985112, 55.8934728], [37.5028182, 55.8953655], [37.5069433, 55.8971755], [37.5072163, 55.8972971], [37.5176473, 55.9019944], [37.5199439, 55.9029728], [37.5228474, 55.9042336], [37.5244518, 55.9049172], [37.5260016, 55.9054876], [37.5270258, 55.9057958], [37.5279378, 55.9060149], [37.5294685, 55.9063287], [37.5318958, 55.9068278], [37.5338186, 55.9071717], [37.5363206, 55.9075673], [37.5368342, 55.9071172], [37.5376117, 55.9054753], [37.5378582, 55.9050619], [37.5380601, 55.9047557], [37.5383126, 55.9044282], [37.5386925, 55.9039985], [37.5392272, 55.9034996], [37.5399434, 55.9028844], [37.5405773, 55.9024308], [37.5411696, 55.9020266], [37.5416646, 55.901731], [37.542371, 55.9013678], [37.5428854, 55.9011424], [37.5441185, 55.9006656], [37.5442395, 55.900621], [37.5519785, 55.8977748], [37.5528556, 55.897461], [37.5590425, 55.8952338], [37.5622276, 55.8940408], [37.563069, 55.8936976], [37.5640581, 55.8932732], [37.5647478, 55.892842], [37.5653705, 55.8923855], [37.5658968, 55.8919341], [37.5663586, 55.8914168], [37.5667552, 55.8908373], [37.5670561, 55.8901632], [37.5671989, 55.8892787], [37.5674047, 55.8873022], [37.5674995, 55.8845481], [37.5676753, 55.8826443], [37.5681621, 55.8782822], [37.5682909, 55.8775903], [37.5684672, 55.8769883], [37.5692874, 55.8749889], [37.5699988, 55.8733054], [37.5704746, 55.8721765], [37.571371, 55.8701817], [37.5726182, 55.8671063], [37.5731862, 55.8657867], [37.5739179, 55.8640117], [37.574328, 55.8630022], [37.5746003, 55.8621169], [37.5746814, 55.8611375], [37.5746315, 55.860457], [37.5745464, 55.859893], [37.5743515, 55.8592176], [37.5741499, 55.8586016], [37.573442, 55.8568734], [37.5729126, 55.8555198], [37.5727958, 55.8551452], [37.5727074, 55.8547347], [37.5726431, 55.8541581], [37.5726782, 55.8532061], [37.5727664, 55.8523125], [37.5729058, 55.8514198], [37.5730897, 55.8506243], [37.5733094, 55.8498402], [37.573671, 55.848794], [37.5737717, 55.8484763], [37.5738961, 55.848099], [37.5744414, 55.8465657], [37.5749493, 55.8450937], [37.5751612, 55.8444973], [37.5752619, 55.8442231], [37.5753902, 55.8439759], [37.575414, 55.8439302], [37.5756422, 55.843584], [37.5760527, 55.8430973], [37.5768959, 55.8422858], [37.5777068, 55.8414408], [37.5780233, 55.8410257], [37.5782717, 55.8406254], [37.5785127, 55.8400345], [37.5786726, 55.8394438], [37.5787192, 55.8390322], [37.5787395, 55.8386144], [37.5786411, 55.8379066], [37.5785402, 55.8375885], [37.5783617, 55.8371429], [37.5781537, 55.8367858], [37.5777739, 55.8363055], [37.5773996, 55.8359018], [37.5767786, 55.8353579], [37.5762939, 55.8349497], [37.5761106, 55.8348039], [37.5759672, 55.8346974], [37.5754979, 55.8343665], [37.5750563, 55.8339972], [37.5746772, 55.8336306], [37.574409, 55.8333122], [37.5741054, 55.832865], [37.5738693, 55.8323964], [37.5737615, 55.8320855], [37.573685, 55.8318439], [37.5735936, 55.8314728], [37.5735659, 55.8310887], [37.5735756, 55.830584], [37.5736424, 55.8291452], [37.5739482, 55.8227968], [37.5740221, 55.8223928], [37.5741424, 55.8219591], [37.5743079, 55.8215329], [37.5745532, 55.8211161], [37.5756899, 55.8195945], [37.5775357, 55.8171248], [37.5778185, 55.8166406], [37.5780554, 55.8160549], [37.5786805, 55.8131389], [37.5788313, 55.8126213], [37.5790441, 55.8121915], [37.5791446, 55.8120186], [37.5793077, 55.8118077], [37.5796069, 55.8114784], [37.5804261, 55.8108524], [37.5810542, 55.8105065], [37.5836423, 55.809306], [37.5844019, 55.8088932], [37.58473, 55.8086823], [37.5843355, 55.8086854], [37.5831368, 55.8086214], [37.5806522, 55.8082874], [37.581197, 55.8073741], [37.5817843, 55.8064254], [37.5823396, 55.805521], [37.5828408, 55.8037216], [37.5831873, 55.8023779], [37.5835067, 55.8010217], [37.5837205, 55.799932], [37.5839686, 55.7984942], [37.5841136, 55.7972083], [37.5842021, 55.7962622], [37.5842473, 55.7958514], [37.5842913, 55.7955017], [37.5843177, 55.7953225], [37.5843884, 55.7950828], [37.5844248, 55.7949955], [37.5844709, 55.794903], [37.5845314, 55.7948086], [37.5845992, 55.7947214], [37.5846713, 55.7946372], [37.5847379, 55.7945681], [37.5848158, 55.7944985], [37.5850046, 55.7943694], [37.5857332, 55.7939602], [37.5865301, 55.7934375], [37.5877996, 55.7926366], [37.5882289, 55.7923634], [37.5886332, 55.7920566], [37.5884922, 55.7916717], [37.5883209, 55.7911566], [37.5881791, 55.7907397], [37.5880302, 55.7902299], [37.587869, 55.7897053], [37.5876763, 55.7886389], [37.587563, 55.7880568], [37.587417, 55.7874754], [37.5870652, 55.7860529], [37.5869349, 55.7855934], [37.5868414, 55.7852386], [37.5867568, 55.7849484], [37.5865997, 55.7844372], [37.5864445, 55.7839813], [37.5863873, 55.7837797], [37.5863398, 55.7835793], [37.5862388, 55.7832466], [37.5861245, 55.7828911], [37.5860669, 55.7827004], [37.5859585, 55.7823798], [37.5858464, 55.7820591], [37.5856655, 55.7816101], [37.5854437, 55.7810152], [37.5851959, 55.7804824], [37.5851141, 55.7803426], [37.58499, 55.7801536], [37.5847927, 55.7798664], [37.5845745, 55.7796765], [37.5840636, 55.7792697], [37.5839104, 55.7791554], [37.5837773, 55.7790639], [37.5834176, 55.7788162], [37.583253, 55.7787053], [37.5830726, 55.778599], [37.5826646, 55.7783692], [37.5825612, 55.7783108], [37.5824559, 55.7782454], [37.5822436, 55.7781116], [37.5820181, 55.777968], [37.5818157, 55.7778304], [37.5814517, 55.7776161], [37.581307, 55.777537], [37.5810954, 55.7774317], [37.5802536, 55.7770469], [37.5799897, 55.776927], [37.5780998, 55.7761476], [37.57746, 55.7759403], [37.5767285, 55.7757524], [37.5759936, 55.775608], [37.5752326, 55.7755208], [37.5736869, 55.7754833], [37.5731174, 55.7754706], [37.5710801, 55.7754257], [37.5669172, 55.7749959], [37.5591716, 55.7742226], [37.5555062, 55.7738438], [37.5519165, 55.7734082], [37.5496059, 55.7732177], [37.548089, 55.7731512], [37.546387, 55.7731054], [37.5444339, 55.7729889], [37.5433978, 55.7727916], [37.5418631, 55.7724062], [37.54057, 55.7719533], [37.5389632, 55.7711285], [37.537923, 55.7703664], [37.5371294, 55.7697607], [37.5366331, 55.769065], [37.5362432, 55.7673796], [37.5360609, 55.7661038], [37.5347649, 55.7661935], [37.5346519, 55.7658905], [37.5343276, 55.7653804], [37.5341707, 55.7651495], [37.5340363, 55.7650107], [37.5339239, 55.7649299], [37.533696, 55.7647869], [37.5335752, 55.7647109], [37.5334427, 55.7646228], [37.5332853, 55.764521], [37.5330964, 55.7643369], [37.5330264, 55.7642603], [37.5324565, 55.7636367], [37.5323326, 55.7635175], [37.532202, 55.7634162], [37.5321189, 55.7633709], [37.5318193, 55.7632157], [37.531397, 55.7630165], [37.5308402, 55.7627807], [37.5303062, 55.7625545], [37.5300043, 55.7624266], [37.5294279, 55.7621928], [37.5285862, 55.7618499], [37.5284445, 55.7617892], [37.5283515, 55.7617501], [37.5280229, 55.7616109], [37.5279964, 55.7615995], [37.5273796, 55.7613355], [37.5272829, 55.7612953], [37.5271728, 55.7612451], [37.5256123, 55.7604868], [37.525067, 55.7601079], [37.524388, 55.7598784], [37.5242852, 55.7598458], [37.5225621, 55.7616884], [37.5219435, 55.761509], [37.5216411, 55.7618388], [37.5208286, 55.7627142], [37.5204554, 55.7631009], [37.5198457, 55.7637324], [37.5189323, 55.7646834], [37.5187159, 55.7649087], [37.5175869, 55.7660922], [37.5174153, 55.7662729], [37.5171072, 55.7665972], [37.5159003, 55.7678587], [37.51505, 55.7687474], [37.5143994, 55.7694499], [37.5140063, 55.7698741], [37.513852, 55.7700515], [37.5134102, 55.7705611], [37.5129366, 55.771051], [37.5127383, 55.7712561], [37.5119608, 55.7721054], [37.511458, 55.772639], [37.5112846, 55.772823], [37.5103456, 55.7738192], [37.5099386, 55.7742305], [37.5097689, 55.7744019], [37.5093605, 55.7747866], [37.5087503, 55.7753857], [37.5084507, 55.7757237], [37.5080276, 55.7762981], [37.5075656, 55.7769455], [37.5074274, 55.777151], [37.5072897, 55.7773681], [37.5072361, 55.7774524], [37.5070246, 55.7778085], [37.5068816, 55.7781064], [37.5067465, 55.7784146], [37.5066722, 55.7786244], [37.5065922, 55.7788953], [37.5065392, 55.7791054], [37.5062346, 55.7803099], [37.5061108, 55.7808584], [37.5057047, 55.7826563], [37.5053164, 55.7844442], [37.5049328, 55.7862107], [37.5049238, 55.7862518], [37.5049008, 55.7863483], [37.5046647, 55.7873047], [37.5045121, 55.7879975], [37.5044021, 55.7884973], [37.5043503, 55.7887243], [37.5042847, 55.7890245], [37.5042165, 55.7893359], [37.5041204, 55.7897746], [37.5039757, 55.790435], [37.5038207, 55.7910836], [37.5037252, 55.7915475], [37.5035449, 55.7924221], [37.5035127, 55.7925517], [37.5034463, 55.7928196], [37.5032944, 55.7933092], [37.5032492, 55.7934544], [37.5031052, 55.7938293], [37.5028536, 55.7943493], [37.5025462, 55.7948659], [37.5024611, 55.7949833], [37.5021229, 55.7954485], [37.5014789, 55.7962303], [37.5011693, 55.7965858], [37.5007751, 55.7970379], [37.4999142, 55.7980376], [37.4996142, 55.7983906], [37.4990655, 55.7990209], [37.4984354, 55.7997523], [37.4981741, 55.800052], [37.4967652, 55.8016677], [37.4954545, 55.8031708], [37.4953574, 55.8032829], [37.4939557, 55.8048996], [37.4925543, 55.806516], [37.491154, 55.8081311], [37.4908555, 55.8084754], [37.48941, 55.8103134], [37.4885824, 55.8112688], [37.4878979, 55.8121021], [37.4876596, 55.8124387], [37.4873619, 55.8129907], [37.487224, 55.8132784], [37.4871006, 55.8136659], [37.4870278, 55.8139517], [37.4869085, 55.8150244], [37.486868, 55.8152703], [37.4868575, 55.8153339], [37.4867584, 55.8161493], [37.4867245, 55.8168704], [37.4867197, 55.8171743], [37.486701, 55.8174275], [37.4868035, 55.8179344], [37.4870695, 55.8188512], [37.4875303, 55.8198685], [37.4880419, 55.8206296], [37.4889711, 55.8216819], [37.4898586, 55.8224392], [37.4902612, 55.8227664], [37.4907201, 55.8230963], [37.4919621, 55.8238103], [37.4926481, 55.8242031], [37.4933657, 55.8244783], [37.4910751, 55.8272717], [37.4909481, 55.8272372], [37.4908054, 55.8272021], [37.4906454, 55.8271415], [37.4905555, 55.8271168], [37.490283, 55.8270471], [37.4898, 55.8269227], [37.4886865, 55.8266289], [37.4883717, 55.8265654], [37.4881261, 55.8265326], [37.4871593, 55.8264846], [37.486376, 55.8264787], [37.4857478, 55.8265059], [37.4856033, 55.8265169], [37.4842849, 55.8267076], [37.4835307, 55.8268373], [37.4828213, 55.8269333], [37.4813937, 55.8270136], [37.4807526, 55.8270198], [37.4803853, 55.8270232], [37.4788785, 55.8266737], [37.4784884, 55.8265957], [37.4782732, 55.8266076], [37.4781004, 55.8266712], [37.4779466, 55.8267946], [37.4768764, 55.8277284], [37.4762993, 55.8282319], [37.4762376, 55.8282843], [37.4757717, 55.828685], [37.4744188, 55.8298285], [37.4744677, 55.8300036], [37.4783234, 55.8304707], [37.4791226, 55.830748], [37.478983, 55.831554], [37.4785498, 55.8319632], [37.4778165, 55.8328528], [37.4762078, 55.8342859], [37.4742234, 55.8359672], [37.4721784, 55.8371823], [37.4716777, 55.8377855], [37.4717788, 55.8385544], [37.4720608, 55.8393886], [37.4725865, 55.8403537], [37.4725122, 55.840983], [37.4722677, 55.8417749], [37.4715155, 55.8423979], [37.4703494, 55.8427259], [37.4698853, 55.8431779], [37.4688452, 55.8435381], [37.4680677, 55.8446782], [37.4667116, 55.8456326], [37.4653797, 55.8462341], [37.4644624, 55.8471181], [37.4639344, 55.8476856], [37.4634932, 55.8481997], [37.4636034, 55.8490863], [37.4628941, 55.8500763], [37.4613262, 55.851045], [37.461006, 55.8518067], [37.4608471, 55.853004], [37.4601812, 55.8541059], [37.4598255, 55.8552966], [37.4594456, 55.8563209], [37.458821, 55.8576385], [37.4582561, 55.8585639], [37.4577067, 55.8598374], [37.4566013, 55.8608586], [37.4560825, 55.8618848], [37.4559371, 55.8628426], [37.4550909, 55.8646893], [37.4547219, 55.8661362], [37.4545493, 55.8671416], [37.4546026, 55.8684899], [37.4539734, 55.8701159], [37.452892, 55.8700625], [37.4514502, 55.8702648], [37.4489386, 55.8713573], [37.4476223, 55.8719787], [37.4449402, 55.8734189], [37.4426197, 55.8744109], [37.4401331, 55.8758522], [37.4387241, 55.8765342], [37.4379782, 55.877216], [37.4378401, 55.8781459], [37.4377849, 55.8785644], [37.4364834, 55.8795785]]]]}}, {"id": "0", "type": "Feature", "properties": {"name": "\u0421\u0435\u0432\u0435\u0440\u043e-\u0417\u0430\u043f\u0430\u0434\u043d\u044b\u0439 \u0430\u0434\u043c\u0438\u043d\u0438\u0441\u0442\u0440\u0430\u0442\u0438\u0432\u043d\u044b\u0439 \u043e\u043a\u0440\u0443\u0433"}, "geometry": {"type": "MultiPolygon", "coordinates": [[[[37.3356613, 55.8452498], [37.3367611, 55.8451663], [37.3384461, 55.8450384], [37.3404459, 55.844949], [37.3428856, 55.84484], [37.3448573, 55.8445756], [37.3480269, 55.8440552], [37.3484108, 55.8439747], [37.3487649, 55.8438955], [37.3489312, 55.8438421], [37.3490018, 55.8437918], [37.3490178, 55.843719], [37.3488134, 55.8432302], [37.3487629, 55.8430691], [37.348757, 55.8429014], [37.3487417, 55.8427943], [37.3478807, 55.8412871], [37.3478317, 55.8411672], [37.3477965, 55.8410381], [37.3480271, 55.8409993], [37.3480034, 55.8409723], [37.3479709, 55.8409354], [37.3477431, 55.8407711], [37.3475618, 55.8406614], [37.3474647, 55.8406035], [37.3472373, 55.840535], [37.3469652, 55.8405134], [37.346608, 55.8405163], [37.3463608, 55.8405194], [37.3451, 55.8405212], [37.3440432, 55.8404707], [37.3406558, 55.840255], [37.3405962, 55.8395027], [37.3405055, 55.839245], [37.3403713, 55.8390079], [37.3413531, 55.8385117], [37.3422773, 55.8380223], [37.3427471, 55.8377774], [37.3431002, 55.8375947], [37.3430568, 55.8375675], [37.3445416, 55.8367571], [37.3447004, 55.8366757], [37.3447349, 55.8366515], [37.3449765, 55.8365196], [37.3449606, 55.8364942], [37.3450012, 55.8364662], [37.3441113, 55.8358229], [37.3440256, 55.8357228], [37.3436297, 55.8354112], [37.342387, 55.8344025], [37.3422457, 55.8343991], [37.3421951, 55.8344188], [37.341868, 55.8341905], [37.342264, 55.8339802], [37.3439354, 55.8330958], [37.3444562, 55.832962], [37.3476197, 55.8324115], [37.3479809, 55.8323482], [37.3487293, 55.8322171], [37.3481957, 55.8311441], [37.3481357, 55.8310258], [37.3486508, 55.8307152], [37.3485672, 55.8290754], [37.3479939, 55.8285145], [37.3446984, 55.82627], [37.3448234, 55.826067], [37.3451289, 55.8259601], [37.3453343, 55.8260746], [37.348039, 55.8264068], [37.3491005, 55.8265757], [37.3497144, 55.8263737], [37.3510172, 55.824602], [37.3515885, 55.8243916], [37.3512911, 55.8241247], [37.3501225, 55.8230765], [37.3499179, 55.8228964], [37.3491555, 55.8222253], [37.3497299, 55.8220274], [37.352312, 55.8212845], [37.3546058, 55.8217604], [37.3541461, 55.8223551], [37.3542968, 55.8223747], [37.3563724, 55.8226601], [37.3549246, 55.8248954], [37.354604, 55.825337], [37.3542339, 55.8260018], [37.3539977, 55.8263879], [37.3540179, 55.8263902], [37.3540128, 55.8263994], [37.3560442, 55.8266314], [37.3560614, 55.8266241], [37.356356, 55.8266578], [37.3568825, 55.8265268], [37.3575842, 55.8251903], [37.3589246, 55.8228877], [37.3597783, 55.8224988], [37.36034, 55.8224401], [37.3615828, 55.8222905], [37.3618954, 55.8222262], [37.3622218, 55.8221992], [37.362607, 55.8231668], [37.3635375, 55.8243612], [37.3658729, 55.8264811], [37.3672812, 55.8274014], [37.368916, 55.8280237], [37.3731061, 55.8290306], [37.3759599, 55.8297139], [37.3799374, 55.8306661], [37.3800875, 55.8305355], [37.3801435, 55.8305453], [37.38019, 55.8305533], [37.3802854, 55.8305568], [37.3803522, 55.8305625], [37.3804353, 55.8305775], [37.3804838, 55.8305775], [37.3805263, 55.8305741], [37.3805669, 55.8305685], [37.3806197, 55.8305697], [37.3807067, 55.8305903], [37.3807816, 55.8306006], [37.3809681, 55.8306168], [37.3811118, 55.8306421], [37.3811504, 55.8306557], [37.3811767, 55.8306639], [37.3812152, 55.8306615], [37.3812942, 55.8306514], [37.381355, 55.8306605], [37.3814846, 55.8306847], [37.3815658, 55.8306801], [37.3816286, 55.8306745], [37.3817076, 55.8306541], [37.3818536, 55.8306473], [37.3819611, 55.8306554], [37.3820561, 55.8306544], [37.3822669, 55.8306591], [37.3823785, 55.8306586], [37.3824596, 55.8306582], [37.3825772, 55.8306651], [37.3827231, 55.8306698], [37.3829397, 55.8306951], [37.3831728, 55.8306931], [37.3832335, 55.830708], [37.3832679, 55.8307091], [37.3833268, 55.8307047], [37.3833654, 55.8307116], [37.3833875, 55.8307115], [37.3834991, 55.830707], [37.3836226, 55.8307004], [37.3837118, 55.830689], [37.383797, 55.8306834], [37.383951, 55.8306847], [37.3840564, 55.8306825], [37.3841437, 55.8306883], [37.3842145, 55.8306952], [37.3843188, 55.830686], [37.384405, 55.8306965], [37.3845348, 55.8306852], [37.3847455, 55.8306888], [37.3850253, 55.8306823], [37.3853272, 55.8306643], [37.3854285, 55.8306599], [37.3856919, 55.8306395], [37.3860023, 55.8306125], [37.3862294, 55.8305739], [37.3864158, 55.8305489], [37.3864805, 55.8305524], [37.3865233, 55.8305525], [37.3865515, 55.8305468], [37.3865904, 55.8305286], [37.3866409, 55.8305263], [37.3866834, 55.8305343], [37.38673, 55.8305344], [37.3868029, 55.8305139], [37.3868416, 55.8305095], [37.3869085, 55.8305152], [37.3869895, 55.8305267], [37.3870381, 55.8305312], [37.3871091, 55.8305245], [37.3872064, 55.8305007], [37.3872713, 55.8304893], [37.38732, 55.830487], [37.3873524, 55.830494], [37.3874071, 55.8304963], [37.3875167, 55.8304815], [37.3879262, 55.8304181], [37.3880742, 55.8304], [37.3881771, 55.8303777], [37.3883216, 55.8303465], [37.3884614, 55.8303216], [37.3886115, 55.8302932], [37.3887392, 55.830267], [37.3888325, 55.8302397], [37.3888954, 55.8302227], [37.3889491, 55.830216], [37.3889865, 55.8302114], [37.3891855, 55.8302002], [37.3894144, 55.8301912], [37.3895986, 55.830188], [37.3896798, 55.8301915], [37.3897365, 55.8302053], [37.389779, 55.8302178], [37.3898399, 55.8302144], [37.3899654, 55.8302009], [37.3901177, 55.8301862], [37.3903102, 55.8301636], [37.3903894, 55.8301597], [37.3904765, 55.8301432], [37.3905657, 55.8301182], [37.3906164, 55.830101], [37.3908899, 55.8300876], [37.3909339, 55.8300877], [37.3909791, 55.8300877], [37.391115, 55.830073], [37.3913034, 55.8300594], [37.3915729, 55.8300541], [37.3916785, 55.8300496], [37.3918201, 55.8300485], [37.3918894, 55.8300429], [37.3919561, 55.8300292], [37.3920291, 55.8300214], [37.39209, 55.8300054], [37.3921366, 55.8299997], [37.3921871, 55.8299976], [37.3922703, 55.8300022], [37.3923716, 55.8300057], [37.3925014, 55.8299796], [37.3925541, 55.8299762], [37.3926251, 55.8299786], [37.3927123, 55.8299774], [37.3928075, 55.8299616], [37.392931, 55.8299434], [37.3930508, 55.8299185], [37.3931299, 55.8299048], [37.3932251, 55.8299003], [37.3933144, 55.8299038], [37.3935007, 55.8298937], [37.3935434, 55.8298847], [37.393588, 55.8298767], [37.3936525, 55.8298756], [37.3937056, 55.8298791], [37.3937441, 55.8298768], [37.3937806, 55.8298621], [37.3939186, 55.829862], [37.393696, 55.8291697], [37.3930196, 55.8269185], [37.3929856, 55.8267756], [37.3922544, 55.8235137], [37.3910794, 55.8198085], [37.3901436, 55.8168436], [37.3901111, 55.8167491], [37.3891386, 55.8136712], [37.3878904, 55.8097622], [37.3875595, 55.8097886], [37.3872249, 55.8098226], [37.3868847, 55.8098545], [37.3866699, 55.8098691], [37.3865341, 55.8098704], [37.3861684, 55.8098155], [37.3857221, 55.8092829], [37.3857105, 55.8092794], [37.3854505, 55.8092864], [37.3853558, 55.80929], [37.3852875, 55.8092925], [37.3851848, 55.8092964], [37.3850512, 55.8093072], [37.3849554, 55.8090616], [37.3849342, 55.8090023], [37.3855833, 55.8089384], [37.3858456, 55.8088986], [37.3860555, 55.8088709], [37.3861694, 55.8087961], [37.38625, 55.8087495], [37.3862228, 55.8085699], [37.3861759, 55.8084109], [37.3861343, 55.8082315], [37.386093, 55.8080806], [37.3860597, 55.8079232], [37.3860223, 55.8077609], [37.3859926, 55.8075853], [37.3859492, 55.8074445], [37.3859824, 55.8073094], [37.3860442, 55.8072206], [37.3861799, 55.8071079], [37.3863069, 55.8070627], [37.386523, 55.8070019], [37.3867079, 55.8069658], [37.3867854, 55.8069524], [37.3859537, 55.8051877], [37.3846538, 55.8032364], [37.3844754, 55.8030103], [37.3844793, 55.8030062], [37.38353, 55.8018128], [37.3830393, 55.8012972], [37.3828851, 55.8011219], [37.3827563, 55.8009244], [37.3823708, 55.8005065], [37.3823179, 55.8004492], [37.3818064, 55.7998944], [37.3817261, 55.7999179], [37.3802315, 55.7983478], [37.3778659, 55.7958786], [37.3777138, 55.7957199], [37.3767783, 55.7947428], [37.3760209, 55.7939525], [37.3752636, 55.7931623], [37.3744812, 55.7923634], [37.3742282, 55.7922412], [37.3740234, 55.7921422], [37.3738669, 55.7920636], [37.373602, 55.7919706], [37.3734215, 55.7919039], [37.373181, 55.7918281], [37.3729603, 55.791765], [37.3727668, 55.7917118], [37.3724795, 55.7916589], [37.3721524, 55.7916075], [37.3718542, 55.7915713], [37.3715411, 55.7915273], [37.3712613, 55.7914877], [37.3710367, 55.7914505], [37.3707553, 55.7914086], [37.3704321, 55.791373], [37.3701508, 55.7913451], [37.3698347, 55.7913188], [37.3694903, 55.7912999], [37.3691931, 55.7912838], [37.3688535, 55.791251], [37.368581, 55.7912415], [37.3683071, 55.7912814], [37.3680686, 55.7913247], [37.3678443, 55.7913609], [37.3672399, 55.7903819], [37.3683562, 55.7899745], [37.3687664, 55.7897352], [37.3691739, 55.7894487], [37.3698721, 55.7889105], [37.3700515, 55.7887771], [37.3703118, 55.7885663], [37.3704513, 55.7884336], [37.3705437, 55.7883225], [37.370601, 55.7881919], [37.3705461, 55.788047], [37.370622, 55.7877908], [37.3706008, 55.7876924], [37.3704897, 55.7874152], [37.3700916, 55.7863745], [37.3694129, 55.7848448], [37.3693553, 55.7844458], [37.3693475, 55.7843999], [37.3692753, 55.7838327], [37.3691993, 55.7835234], [37.3690717, 55.7827259], [37.3689945, 55.7802211], [37.3689692, 55.7793235], [37.3689931, 55.7784237], [37.3689882, 55.7775255], [37.3689673, 55.7766275], [37.3689624, 55.7757301], [37.3689417, 55.7748313], [37.3689195, 55.7739362], [37.3688853, 55.7730382], [37.3702616, 55.7730269], [37.3702608, 55.7713623], [37.3708646, 55.7710135], [37.3769496, 55.7714939], [37.3788353, 55.7716772], [37.3789226, 55.7720322], [37.3791373, 55.7721448], [37.3794105, 55.7722735], [37.379752, 55.7723482], [37.3804065, 55.7722962], [37.3821304, 55.7722155], [37.3834024, 55.7721824], [37.3840684, 55.7719425], [37.3861691, 55.7712067], [37.3867323, 55.7709022], [37.3909335, 55.7710464], [37.3948685, 55.771203], [37.3982595, 55.7711769], [37.4005182, 55.7714336], [37.4018274, 55.771798], [37.4085801, 55.7757622], [37.410032, 55.775665], [37.412185, 55.7755209], [37.4142917, 55.7754355], [37.4169486, 55.7753278], [37.4210255, 55.7749416], [37.4256268, 55.7745234], [37.4288433, 55.7742824], [37.4307464, 55.774173], [37.4341209, 55.7741996], [37.4362176, 55.7744064], [37.4393579, 55.7752176], [37.4436401, 55.7763323], [37.4454867, 55.7768773], [37.4473534, 55.7772534], [37.4482727, 55.7773271], [37.4488294, 55.7772765], [37.4496838, 55.77714], [37.4506431, 55.7768688], [37.45303, 55.7756937], [37.4552656, 55.7741771], [37.4603789, 55.7690757], [37.4629397, 55.7669505], [37.4639901, 55.7657713], [37.4642718, 55.7652279], [37.4645615, 55.7643068], [37.4646628, 55.7632953], [37.4645846, 55.7627939], [37.4645693, 55.7626957], [37.4645205, 55.7623834], [37.4634259, 55.7601907], [37.461838, 55.7588385], [37.4596064, 55.7571482], [37.4576323, 55.75582], [37.4554436, 55.7547815], [37.4530833, 55.753888], [37.4488347, 55.7528978], [37.4455711, 55.7520988], [37.4421828, 55.7513038], [37.4392216, 55.7505309], [37.4373764, 55.7496856], [37.4369215, 55.7492637], [37.4368887, 55.7492185], [37.4366052, 55.7487186], [37.4363477, 55.7478732], [37.436691, 55.7471003], [37.4373777, 55.7464239], [37.439738, 55.7452161], [37.4424846, 55.7435735], [37.4444587, 55.7426072], [37.4465186, 55.7418583], [37.4492652, 55.7411336], [37.4525268, 55.7406021], [37.4553163, 55.7406021], [37.4591357, 55.7412061], [37.4617965, 55.7418583], [37.4648006, 55.7428971], [37.4673755, 55.7440325], [37.4710233, 55.7461099], [37.4727828, 55.7472693], [37.4741561, 55.7485012], [37.4751432, 55.749878], [37.4757869, 55.7512305], [37.4761731, 55.7522932], [37.4765165, 55.7545875], [37.476731, 55.7559641], [37.4767739, 55.7569059], [37.4761731, 55.7617112], [37.4761731, 55.7629909], [37.476388, 55.7645104], [37.477087, 55.7655256], [37.4780555, 55.7666923], [37.4784216, 55.7670545], [37.4788659, 55.7673434], [37.4794184, 55.7675454], [37.4800361, 55.7677128], [37.4819189, 55.7679769], [37.4845108, 55.76817], [37.4871806, 55.7681941], [37.4897158, 55.7679596], [37.4920518, 55.7673608], [37.4960858, 55.7661053], [37.4975162, 55.7656864], [37.4981458, 55.7655018], [37.501064, 55.764367], [37.5029523, 55.7634012], [37.5042827, 55.762532], [37.5058276, 55.7617835], [37.5109561, 55.7599165], [37.5116641, 55.7596586], [37.5139297, 55.7584219], [37.5156655, 55.7590896], [37.5158155, 55.759147], [37.5166317, 55.7594597], [37.5192742, 55.7604701], [37.5199265, 55.7607219], [37.5202126, 55.7608314], [37.5203849, 55.7608975], [37.5204703, 55.7609301], [37.520785, 55.7610507], [37.5209728, 55.7611227], [37.5219435, 55.761509], [37.5216411, 55.7618388], [37.5208286, 55.7627142], [37.5204554, 55.7631009], [37.5198457, 55.7637324], [37.5189323, 55.7646834], [37.5187159, 55.7649087], [37.5175869, 55.7660922], [37.5174153, 55.7662729], [37.5171072, 55.7665972], [37.5159003, 55.7678587], [37.51505, 55.7687474], [37.5143994, 55.7694499], [37.5140063, 55.7698741], [37.513852, 55.7700515], [37.5134102, 55.7705611], [37.5129366, 55.771051], [37.5127383, 55.7712561], [37.5119608, 55.7721054], [37.511458, 55.772639], [37.5112846, 55.772823], [37.5103456, 55.7738192], [37.5099386, 55.7742305], [37.5097689, 55.7744019], [37.5093605, 55.7747866], [37.5087503, 55.7753857], [37.5084507, 55.7757237], [37.5080276, 55.7762981], [37.5075656, 55.7769455], [37.5074274, 55.777151], [37.5072897, 55.7773681], [37.5072361, 55.7774524], [37.5070246, 55.7778085], [37.5068816, 55.7781064], [37.5067465, 55.7784146], [37.5066722, 55.7786244], [37.5065922, 55.7788953], [37.5065392, 55.7791054], [37.5062346, 55.7803099], [37.5061108, 55.7808584], [37.5057047, 55.7826563], [37.5053164, 55.7844442], [37.5049328, 55.7862107], [37.5049238, 55.7862518], [37.5049008, 55.7863483], [37.5046647, 55.7873047], [37.5045121, 55.7879975], [37.5044021, 55.7884973], [37.5043503, 55.7887243], [37.5042847, 55.7890245], [37.5042165, 55.7893359], [37.5041204, 55.7897746], [37.5039757, 55.790435], [37.5038207, 55.7910836], [37.5037252, 55.7915475], [37.5035449, 55.7924221], [37.5035127, 55.7925517], [37.5034463, 55.7928196], [37.5032944, 55.7933092], [37.5032492, 55.7934544], [37.5031052, 55.7938293], [37.5028536, 55.7943493], [37.5025462, 55.7948659], [37.5024611, 55.7949833], [37.5021229, 55.7954485], [37.5014789, 55.7962303], [37.5011693, 55.7965858], [37.5007751, 55.7970379], [37.4999142, 55.7980376], [37.4996142, 55.7983906], [37.4990655, 55.7990209], [37.4984354, 55.7997523], [37.4981741, 55.800052], [37.4967652, 55.8016677], [37.4954545, 55.8031708], [37.4953574, 55.8032829], [37.4939557, 55.8048996], [37.4925543, 55.806516], [37.491154, 55.8081311], [37.4908555, 55.8084754], [37.48941, 55.8103134], [37.4885824, 55.8112688], [37.4878979, 55.8121021], [37.4876596, 55.8124387], [37.4873619, 55.8129907], [37.487224, 55.8132784], [37.4871006, 55.8136659], [37.4870278, 55.8139517], [37.4869085, 55.8150244], [37.486868, 55.8152703], [37.4868575, 55.8153339], [37.4867584, 55.8161493], [37.4867245, 55.8168704], [37.4867197, 55.8171743], [37.486701, 55.8174275], [37.4868035, 55.8179344], [37.4870695, 55.8188512], [37.4875303, 55.8198685], [37.4880419, 55.8206296], [37.4889711, 55.8216819], [37.4898586, 55.8224392], [37.4902612, 55.8227664], [37.4907201, 55.8230963], [37.4919621, 55.8238103], [37.4926481, 55.8242031], [37.4933657, 55.8244783], [37.4910751, 55.8272717], [37.4909481, 55.8272372], [37.4908054, 55.8272021], [37.4906454, 55.8271415], [37.4905555, 55.8271168], [37.490283, 55.8270471], [37.4898, 55.8269227], [37.4886865, 55.8266289], [37.4883717, 55.8265654], [37.4881261, 55.8265326], [37.4871593, 55.8264846], [37.486376, 55.8264787], [37.4857478, 55.8265059], [37.4856033, 55.8265169], [37.4842849, 55.8267076], [37.4835307, 55.8268373], [37.4828213, 55.8269333], [37.4813937, 55.8270136], [37.4807526, 55.8270198], [37.4803853, 55.8270232], [37.4788785, 55.8266737], [37.4784884, 55.8265957], [37.4782732, 55.8266076], [37.4781004, 55.8266712], [37.4779466, 55.8267946], [37.4768764, 55.8277284], [37.4762993, 55.8282319], [37.4762376, 55.8282843], [37.4757717, 55.828685], [37.4744188, 55.8298285], [37.4744677, 55.8300036], [37.4783234, 55.8304707], [37.4791226, 55.830748], [37.478983, 55.831554], [37.4785498, 55.8319632], [37.4778165, 55.8328528], [37.4762078, 55.8342859], [37.4742234, 55.8359672], [37.4721784, 55.8371823], [37.4716777, 55.8377855], [37.4717788, 55.8385544], [37.4720608, 55.8393886], [37.4725865, 55.8403537], [37.4725122, 55.840983], [37.4722677, 55.8417749], [37.4715155, 55.8423979], [37.4703494, 55.8427259], [37.4698853, 55.8431779], [37.4688452, 55.8435381], [37.4680677, 55.8446782], [37.4667116, 55.8456326], [37.4653797, 55.8462341], [37.4644624, 55.8471181], [37.4639344, 55.8476856], [37.4634932, 55.8481997], [37.4636034, 55.8490863], [37.4628941, 55.8500763], [37.4613262, 55.851045], [37.461006, 55.8518067], [37.4608471, 55.853004], [37.4601812, 55.8541059], [37.4598255, 55.8552966], [37.4594456, 55.8563209], [37.458821, 55.8576385], [37.4582561, 55.8585639], [37.4577067, 55.8598374], [37.4566013, 55.8608586], [37.4560825, 55.8618848], [37.4559371, 55.8628426], [37.4550909, 55.8646893], [37.4547219, 55.8661362], [37.4545493, 55.8671416], [37.4546026, 55.8684899], [37.4539734, 55.8701159], [37.452892, 55.8700625], [37.4514502, 55.8702648], [37.4489386, 55.8713573], [37.4476223, 55.8719787], [37.4449402, 55.8734189], [37.4426197, 55.8744109], [37.4401331, 55.8758522], [37.4387241, 55.8765342], [37.4379782, 55.877216], [37.4378401, 55.8781459], [37.4377849, 55.8785644], [37.4364834, 55.8795785], [37.4354721, 55.8792635], [37.4309505, 55.8778511], [37.4306566, 55.8778797], [37.4303563, 55.8779234], [37.430082, 55.8779762], [37.429795, 55.8780201], [37.4296008, 55.8780165], [37.4293958, 55.8779913], [37.429101, 55.8779347], [37.4288522, 55.8778702], [37.4286016, 55.8778089], [37.4283269, 55.8777561], [37.4280268, 55.8776931], [37.4277585, 55.8776376], [37.4274884, 55.8775876], [37.4271856, 55.8775335], [37.4268607, 55.8774828], [37.4266634, 55.8774643], [37.4264475, 55.8774697], [37.4261909, 55.8774823], [37.425992, 55.8775194], [37.4258342, 55.8775513], [37.4255982, 55.8776108], [37.4253705, 55.8776744], [37.4250346, 55.8777581], [37.4247891, 55.8778242], [37.424519, 55.877892], [37.4242934, 55.8779383], [37.4240955, 55.8780004], [37.423722, 55.8777174], [37.4211622, 55.8779212], [37.4211552, 55.8783223], [37.4171635, 55.8783094], [37.4156599, 55.8791435], [37.4155185, 55.8791889], [37.4143735, 55.8788673], [37.4141258, 55.8790938], [37.4149316, 55.8793107], [37.4104313, 55.8803019], [37.4094205, 55.8806875], [37.4093978, 55.8849172], [37.4069546, 55.8856879], [37.4062888, 55.8859317], [37.4055779, 55.8862347], [37.4052901, 55.8863862], [37.4050534, 55.8865161], [37.4048951, 55.8866558], [37.4047271, 55.8868033], [37.404616, 55.886962], [37.4045095, 55.8871039], [37.4043848, 55.8872915], [37.4042239, 55.8875212], [37.4041625, 55.8876806], [37.404093, 55.8879123], [37.40406, 55.8881898], [37.4040277, 55.8886169], [37.4043979, 55.8911809], [37.4043932, 55.8912227], [37.4043041, 55.8916209], [37.4042425, 55.8918433], [37.4041816, 55.8920695], [37.4040876, 55.8922811], [37.4039771, 55.8924969], [37.4039089, 55.8926845], [37.4028761, 55.8942121], [37.4008018, 55.8978971], [37.4005917, 55.8982945], [37.400568, 55.8983494], [37.4003748, 55.8987043], [37.3992913, 55.9007553], [37.3984487, 55.9015309], [37.3983845, 55.9015354], [37.3974783, 55.9011958], [37.3959938, 55.9015754], [37.3950441, 55.9017004], [37.392854, 55.9020064], [37.3923927, 55.9021207], [37.3919957, 55.902235], [37.3913797, 55.9024644], [37.3908955, 55.9027797], [37.3904289, 55.9031191], [37.3902275, 55.9033575], [37.3901046, 55.9035653], [37.3899733, 55.9038314], [37.3899354, 55.9040539], [37.3899171, 55.9043205], [37.3899078, 55.9046047], [37.389911, 55.9047973], [37.3899552, 55.9062526], [37.3899912, 55.9074116], [37.3900164, 55.9083527], [37.3900942, 55.9107958], [37.3900948, 55.9109118], [37.3901302, 55.9124065], [37.3901626, 55.912563], [37.3902377, 55.9126489], [37.3901678, 55.9127142], [37.3900178, 55.9128442], [37.389345, 55.9125905], [37.3873267, 55.911829], [37.3870521, 55.9117311], [37.386724, 55.9116569], [37.386109, 55.9116112], [37.3849908, 55.911508], [37.3839972, 55.9114283], [37.3836773, 55.9114005], [37.3830056, 55.9113592], [37.3823163, 55.9113475], [37.3810648, 55.9113984], [37.3792314, 55.9114912], [37.3783502, 55.9114894], [37.377709, 55.9114227], [37.3767952, 55.9112438], [37.3729634, 55.9096374], [37.3698614, 55.9081958], [37.3662836, 55.9067025], [37.3678461, 55.9053438], [37.3685896, 55.9055778], [37.3706763, 55.9036305], [37.3702688, 55.9034653], [37.3701951, 55.9034527], [37.3701383, 55.903432], [37.3700635, 55.9033985], [37.3699277, 55.9033339], [37.3697761, 55.9032789], [37.3696377, 55.9032364], [37.369545, 55.9032147], [37.3694519, 55.9031978], [37.3693333, 55.9031842], [37.3691939, 55.903172], [37.3687642, 55.903133], [37.3686097, 55.9031181], [37.3684694, 55.9030913], [37.3683327, 55.9030636], [37.3682327, 55.9030497], [37.3679977, 55.9030317], [37.3679082, 55.9030253], [37.3677169, 55.9030117], [37.3676099, 55.9030057], [37.3674841, 55.9029949], [37.3674281, 55.9029861], [37.3673457, 55.9029711], [37.367261, 55.9029522], [37.3671187, 55.9029115], [37.3670828, 55.9029042], [37.3670452, 55.9029006], [37.3669743, 55.9028959], [37.3668834, 55.9028904], [37.3668172, 55.9028837], [37.3666318, 55.9028492], [37.3664226, 55.9028133], [37.366249, 55.9027786], [37.3660789, 55.9027499], [37.3659807, 55.9027291], [37.3659087, 55.9027004], [37.365851, 55.9026669], [37.3658037, 55.9026451], [37.3656704, 55.9026104], [37.3654335, 55.9025568], [37.3654092, 55.9025474], [37.3653566, 55.9025205], [37.3652516, 55.9024623], [37.3652094, 55.9024457], [37.3651728, 55.9024346], [37.3651154, 55.9024218], [37.3650805, 55.9024167], [37.3649622, 55.9024166], [37.3648693, 55.9024028], [37.364796, 55.9023866], [37.3647271, 55.9023691], [37.3646115, 55.9023305], [37.3643784, 55.9022574], [37.3643536, 55.9022472], [37.3643161, 55.9022302], [37.3642486, 55.902186], [37.3642173, 55.9021735], [37.3641845, 55.9021675], [37.3641393, 55.9021663], [37.3639554, 55.9021781], [37.3638958, 55.9021796], [37.3638485, 55.9021773], [37.3637998, 55.902171], [37.3636856, 55.9021315], [37.3635542, 55.9020752], [37.3633738, 55.9019893], [37.3633226, 55.9019617], [37.3632843, 55.9019367], [37.3632333, 55.901903], [37.3631617, 55.9018607], [37.3631463, 55.9018264], [37.3631061, 55.9017969], [37.3630652, 55.9017735], [37.3629956, 55.9017476], [37.3629634, 55.9017343], [37.3629356, 55.9017167], [37.3629092, 55.9016974], [37.3628607, 55.9016558], [37.3628328, 55.9016057], [37.3628308, 55.9015889], [37.3628278, 55.9015523], [37.3628385, 55.9014912], [37.3628335, 55.9014695], [37.3628089, 55.9014567], [37.3627546, 55.9014507], [37.3626756, 55.9014525], [37.3626284, 55.9014417], [37.3625951, 55.901422], [37.362553, 55.9013963], [37.3625073, 55.9013824], [37.3624231, 55.9013804], [37.3623634, 55.9013872], [37.3622459, 55.9014216], [37.3620737, 55.9014736], [37.361868, 55.9015601], [37.3618135, 55.9015718], [37.361789, 55.9015455], [37.3617712, 55.9014554], [37.3617776, 55.9013846], [37.3618333, 55.9011327], [37.3618446, 55.9009715], [37.3618894, 55.9008677], [37.3619665, 55.9007781], [37.3621049, 55.9006494], [37.3622821, 55.9005058], [37.3623641, 55.900442], [37.3624064, 55.9004112], [37.3625363, 55.900359], [37.362693, 55.9003087], [37.3628543, 55.9002892], [37.3630341, 55.9002967], [37.3633691, 55.9003036], [37.3636635, 55.900296], [37.3640089, 55.9002454], [37.3647991, 55.900074], [37.3651693, 55.8998862], [37.3652731, 55.8997711], [37.3655154, 55.8996014], [37.3656927, 55.8994465], [37.3657457, 55.8993473], [37.3657319, 55.8992115], [37.3657566, 55.8991146], [37.3658467, 55.899011], [37.3660189, 55.8988823], [37.3666134, 55.8986624], [37.3668859, 55.8985797], [37.3672101, 55.8983795], [37.3675345, 55.8981792], [37.3676334, 55.8980385], [37.3676624, 55.8979406], [37.3676424, 55.8978853], [37.3675849, 55.8978005], [37.3674692, 55.8977202], [37.3674293, 55.8976524], [37.3674294, 55.8975747], [37.3674922, 55.8974995], [37.3675549, 55.8974394], [37.3675819, 55.8973566], [37.3675687, 55.8972989], [37.3675532, 55.8972601], [37.3675377, 55.8972211], [37.367489, 55.8971408], [37.3674043, 55.8970731], [37.3672707, 55.8970002], [37.3670122, 55.8968769], [37.3667093, 55.8967638], [37.3666177, 55.8967536], [37.366446, 55.8967372], [37.3662674, 55.8967244], [37.3657676, 55.8967001], [37.3656113, 55.8966835], [37.3655227, 55.8966178], [37.3654673, 55.8963993], [37.3655342, 55.8962637], [37.3656494, 55.8961317], [37.3656996, 55.8960476], [37.3657149, 55.8959663], [37.3657173, 55.8958295], [37.3657057, 55.8956436], [37.3656697, 55.8955169], [37.3656455, 55.8954576], [37.3656115, 55.8953469], [37.3655449, 55.8951769], [37.3654987, 55.8950353], [37.3654929, 55.8949726], [37.3655012, 55.8948985], [37.3655321, 55.894829], [37.3655747, 55.8947754], [37.365638, 55.8947332], [37.3657172, 55.8947025], [37.3658593, 55.8946674], [37.3659631, 55.8946332], [37.3661663, 55.8945422], [37.3662702, 55.8944829], [37.3663954, 55.894453], [37.3665143, 55.8944611], [37.3666194, 55.8944965], [37.3667386, 55.8945203], [37.3668295, 55.8945164], [37.3668927, 55.8944968], [37.3669664, 55.8944575], [37.3670435, 55.8943987], [37.3671293, 55.8943231], [37.3671932, 55.8942846], [37.3672753, 55.8942672], [37.3674122, 55.8942746], [37.3675414, 55.8942851], [37.3678257, 55.8942987], [37.3681683, 55.894335], [37.3684974, 55.8943884], [37.368879, 55.8944341], [37.3691975, 55.8944738], [37.3695015, 55.8945504], [37.3697189, 55.894673], [37.3698587, 55.894742], [37.3700339, 55.8947894], [37.370264, 55.8948021], [37.3703148, 55.8948093], [37.3704081, 55.8948228], [37.3705988, 55.8948526], [37.370808, 55.894897], [37.3709151, 55.8949435], [37.3710352, 55.8949861], [37.3711846, 55.8950226], [37.3713518, 55.8950428], [37.3715191, 55.8950518], [37.3716865, 55.8950332], [37.3718673, 55.8949782], [37.3720234, 55.8949459], [37.3721796, 55.8949397], [37.3723887, 55.8949571], [37.3728474, 55.895033], [37.3732534, 55.8950835], [37.3735128, 55.895104], [37.3737537, 55.8951067], [37.3739834, 55.8950957], [37.3741351, 55.8950695], [37.3743537, 55.8949889], [37.3747603, 55.894825], [37.3749168, 55.894751], [37.3750308, 55.894666], [37.3751754, 55.8945471], [37.3755865, 55.8942281], [37.3758632, 55.8939684], [37.3760345, 55.8937964], [37.3762398, 55.893649], [37.3764261, 55.893514], [37.3767403, 55.8932713], [37.3769654, 55.8930942], [37.3771185, 55.892976], [37.3772801, 55.8928215], [37.3773568, 55.8927082], [37.3773534, 55.892597], [37.377288, 55.8924789], [37.3771837, 55.8923955], [37.376922, 55.892276], [37.3766153, 55.892119], [37.3761924, 55.8919711], [37.3755541, 55.8917736], [37.3750936, 55.891664], [37.3749075, 55.8916276], [37.3748539, 55.8916204], [37.3747246, 55.8916027], [37.3741997, 55.8915302], [37.3739581, 55.8915147], [37.3737556, 55.8914931], [37.3734384, 55.8914499], [37.3731391, 55.8913869], [37.3730104, 55.8912317], [37.3729403, 55.8911013], [37.3729436, 55.8909793], [37.3730295, 55.890755], [37.3731888, 55.8905391], [37.3734128, 55.8902951], [37.3734752, 55.8900742], [37.3733933, 55.8899355], [37.3733406, 55.8898662], [37.3731944, 55.8897275], [37.373004, 55.8895772], [37.3727433, 55.8893939], [37.3726855, 55.8892581], [37.3727773, 55.8888331], [37.3727875, 55.8885562], [37.3727729, 55.8884124], [37.3727291, 55.8883233], [37.3725988, 55.8881995], [37.3725332, 55.8880929], [37.3725501, 55.8879218], [37.3725221, 55.8877758], [37.3725592, 55.887648], [37.372676, 55.8875528], [37.3728816, 55.8874871], [37.3732724, 55.8874412], [37.373607, 55.8874278], [37.3739567, 55.8874007], [37.3741769, 55.8873665], [37.37426, 55.8873666], [37.3743299, 55.8873549], [37.3744503, 55.8873237], [37.3746094, 55.887187], [37.3746947, 55.8870832], [37.3747626, 55.886981], [37.3747747, 55.8869265], [37.3747338, 55.8868209], [37.3747222, 55.8867962], [37.3746345, 55.8866988], [37.374567, 55.8866443], [37.3743759, 55.8864058], [37.3736799, 55.8860051], [37.3734009, 55.8859045], [37.3731812, 55.8856597], [37.3730438, 55.8855095], [37.3729421, 55.8853896], [37.3727419, 55.8852845], [37.3725147, 55.8852333], [37.3723798, 55.8851368], [37.3721855, 55.8849031], [37.3720567, 55.8847927], [37.371928, 55.8845995], [37.371685, 55.8845402], [37.3714921, 55.884355], [37.37133, 55.8841832], [37.3711941, 55.8839596], [37.3711715, 55.8838511], [37.3711447, 55.883746], [37.3711424, 55.8836624], [37.3711629, 55.8835979], [37.3711691, 55.8835482], [37.3711882, 55.8835002], [37.371219, 55.8834549], [37.371237, 55.883399], [37.3712547, 55.8833523], [37.3713139, 55.883294], [37.3713761, 55.883244], [37.3714808, 55.883153], [37.3715779, 55.8830641], [37.3717514, 55.8829785], [37.3718516, 55.8829059], [37.3719162, 55.8828647], [37.3719839, 55.8828319], [37.3720547, 55.8828039], [37.3721223, 55.8827611], [37.3721783, 55.8827062], [37.3722282, 55.8826605], [37.3723078, 55.882565], [37.3723466, 55.8824935], [37.3724141, 55.8823302], [37.3724397, 55.8822502], [37.3724541, 55.8821937], [37.3725049, 55.8820555], [37.3725284, 55.8820092], [37.3725478, 55.8819687], [37.3725839, 55.8818959], [37.3726465, 55.881795], [37.3727018, 55.8816941], [37.3727609, 55.8816241], [37.3728159, 55.8815767], [37.3728637, 55.8815439], [37.3729189, 55.8815171], [37.3729557, 55.8815044], [37.3734125, 55.8814005], [37.3736125, 55.881357], [37.3738003, 55.8813507], [37.3740184, 55.8813652], [37.3742801, 55.8813764], [37.3744267, 55.8813579], [37.3745516, 55.881319], [37.3748793, 55.8812315], [37.3750471, 55.8811979], [37.3751795, 55.8811851], [37.3753151, 55.8811693], [37.3754543, 55.8811797], [37.3755827, 55.8812087], [37.3757305, 55.8812728], [37.3758464, 55.8812893], [37.3759602, 55.8812585], [37.3762137, 55.8811661], [37.3766676, 55.8810753], [37.3768677, 55.8810162], [37.3770542, 55.8809299], [37.3773677, 55.8807527], [37.3776025, 55.8806211], [37.3777936, 55.8804645], [37.3778415, 55.8803915], [37.3778814, 55.8803332], [37.3779405, 55.8802724], [37.3780505, 55.8802118], [37.3781649, 55.8801579], [37.3783515, 55.8801132], [37.3785606, 55.8801092], [37.3787476, 55.8801144], [37.3788429, 55.8800834], [37.3791187, 55.8799533], [37.3792946, 55.8799719], [37.3794226, 55.8799893], [37.3796011, 55.8799896], [37.3797164, 55.8799744], [37.3798325, 55.8799355], [37.3799185, 55.8798922], [37.3799923, 55.8798119], [37.3800453, 55.8797247], [37.3800878, 55.8796389], [37.380195, 55.8795618], [37.3804198, 55.8794034], [37.3805307, 55.8792963], [37.3805593, 55.8792569], [37.3806152, 55.879173], [37.380647, 55.8791161], [37.3806765, 55.8790625], [37.380706, 55.8790007], [37.3807319, 55.8789327], [37.3807469, 55.8788648], [37.3807579, 55.8787741], [37.3807801, 55.8787248], [37.3808303, 55.8786384], [37.3809421, 55.8784093], [37.3810567, 55.878284], [37.3811651, 55.8782184], [37.3812549, 55.8781996], [37.3813907, 55.878206], [37.3815888, 55.8781505], [37.3816658, 55.87809], [37.3820186, 55.8779469], [37.3821654, 55.8778687], [37.3822071, 55.8778726], [37.3823128, 55.8778827], [37.3832048, 55.8778336], [37.3832514, 55.8779125], [37.3832729, 55.8779079], [37.3849193, 55.8777691], [37.386473, 55.8776635], [37.3879138, 55.8775998], [37.3905959, 55.877464], [37.3944356, 55.8772425], [37.3953774, 55.8771266], [37.3954133, 55.8771216], [37.3956309, 55.8770415], [37.3981231, 55.8767203], [37.4000166, 55.8764741], [37.402017, 55.876236], [37.404035, 55.8759958], [37.4056474, 55.874776], [37.4060771, 55.8744509], [37.406323, 55.8742617], [37.4114279, 55.8709576], [37.4093293, 55.8698864], [37.4068485, 55.8684287], [37.4050796, 55.8672401], [37.4016622, 55.8644698], [37.3995994, 55.8623023], [37.3976398, 55.8599735], [37.3961032, 55.8573506], [37.3953492, 55.8558406], [37.3946925, 55.8545259], [37.394556, 55.8544023], [37.3941127, 55.8544265], [37.3940639, 55.85456], [37.3939419, 55.8546864], [37.3937955, 55.854782], [37.3936424, 55.8548657], [37.3934836, 55.8549174], [37.3932657, 55.8549493], [37.3929857, 55.8549867], [37.392522, 55.8550142], [37.392055, 55.8550098], [37.3916536, 55.8549479], [37.3914226, 55.8548519], [37.3912588, 55.8547422], [37.3908094, 55.8544338], [37.3903605, 55.8541645], [37.3902099, 55.8541433], [37.3900941, 55.8541447], [37.3899693, 55.8541642], [37.3898159, 55.854203], [37.389599, 55.8542993], [37.3893581, 55.8544537], [37.3891222, 55.8546864], [37.3888402, 55.8548846], [37.3886236, 55.855065], [37.38842, 55.8552405], [37.3879356, 55.8556349], [37.3878467, 55.8556904], [37.3877575, 55.8557298], [37.387682, 55.8557646], [37.3875902, 55.8557979], [37.3874975, 55.8558232], [37.3873689, 55.8558462], [37.3872475, 55.8558598], [37.3871671, 55.8558609], [37.3870071, 55.8558489], [37.3869051, 55.855826], [37.3868, 55.8557942], [37.3867111, 55.8557501], [37.3866385, 55.8556939], [37.386571, 55.8556333], [37.386511, 55.8555592], [37.3864141, 55.8554377], [37.3862966, 55.8553411], [37.3861877, 55.8551654], [37.3861313, 55.8550478], [37.3860444, 55.8549417], [37.3860224, 55.8548493], [37.3859779, 55.8547694], [37.3859174, 55.8547123], [37.3856418, 55.8545752], [37.3855163, 55.85451], [37.3854009, 55.8544802], [37.3853218, 55.8544664], [37.3851918, 55.8544663], [37.3850885, 55.8544651], [37.3849669, 55.8544707], [37.3848027, 55.8544876], [37.3847153, 55.8544989], [37.3843034, 55.8545648], [37.3841878, 55.8545703], [37.3840866, 55.8545702], [37.3834335, 55.8546152], [37.3832448, 55.8546334], [37.3830399, 55.8546342], [37.3828695, 55.8546296], [37.3827277, 55.8546317], [37.3826344, 55.8546258], [37.3819716, 55.854568], [37.3818074, 55.8545362], [37.3817007, 55.8544746], [37.3815279, 55.8543602], [37.38136, 55.8542334], [37.3812469, 55.8541215], [37.3810446, 55.8539412], [37.3808342, 55.8538052], [37.3805325, 55.8536225], [37.3803523, 55.8535469], [37.3801044, 55.853493], [37.3798725, 55.8534722], [37.3794263, 55.8535113], [37.3789804, 55.8536389], [37.3788164, 55.8537569], [37.3785408, 55.8538931], [37.378252, 55.8540163], [37.3781424, 55.8541143], [37.3780236, 55.8542105], [37.3778682, 55.8542517], [37.377724, 55.854296], [37.3775392, 55.8543312], [37.3774378, 55.8543414], [37.3771498, 55.854349], [37.3769328, 55.8543485], [37.376758, 55.8543703], [37.3765353, 55.8544021], [37.3763951, 55.8544349], [37.3761821, 55.8545066], [37.376044, 55.854575], [37.3755895, 55.8548266], [37.375073, 55.8550827], [37.3749346, 55.8551704], [37.3748453, 55.8552513], [37.3748188, 55.8553014], [37.3748186, 55.8553699], [37.3748407, 55.8554452], [37.374954, 55.855548], [37.3750715, 55.8556416], [37.3752008, 55.8557045], [37.3753732, 55.8557693], [37.3756102, 55.8558626], [37.3758873, 55.8559961], [37.375991, 55.8560611], [37.3761126, 55.8561299], [37.3761553, 55.8561788], [37.3762192, 55.8563208], [37.3762317, 55.8564121], [37.3762315, 55.8565208], [37.3761834, 55.8566238], [37.376122, 55.8567123], [37.3760713, 55.8567992], [37.3759983, 55.8568414], [37.3759231, 55.8568733], [37.3758702, 55.856937], [37.3758579, 55.8569941], [37.3758833, 55.8570821], [37.3759407, 55.8572055], [37.3759726, 55.8573006], [37.3759824, 55.8573764], [37.3760154, 55.8574239], [37.3760871, 55.8574686], [37.3761627, 55.8574787], [37.376231, 55.857497], [37.3762739, 55.8575557], [37.3763849, 55.8577397], [37.376399, 55.8578327], [37.3764094, 55.8579298], [37.3764485, 55.8580694], [37.3765154, 55.8581766], [37.3766314, 55.8582495], [37.3767582, 55.8583101], [37.3770034, 55.858388], [37.377208, 55.8584543], [37.3774758, 55.8585315], [37.3776781, 55.8585837], [37.3778462, 55.8586603], [37.3780264, 55.8587369], [37.3782108, 55.8587999], [37.3784925, 55.858881], [37.3787518, 55.8589657], [37.3789402, 55.8590242], [37.3791538, 55.8591053], [37.379391, 55.8591743], [37.3795419, 55.8591967], [37.379711, 55.8592211], [37.3798547, 55.8592597], [37.3799336, 55.8593003], [37.3800089, 55.8593771], [37.3800303, 55.8594722], [37.3800517, 55.8596172], [37.3800401, 55.8597512], [37.3800003, 55.8598422], [37.3799498, 55.8599007], [37.3798669, 55.8599734], [37.379748, 55.8600563], [37.3796397, 55.8601411], [37.3794992, 55.860236], [37.3793443, 55.8603025], [37.379161, 55.8603829], [37.3789843, 55.8604933], [37.3788758, 55.8605568], [37.3787427, 55.8606154], [37.3786453, 55.8606659], [37.3785915, 55.8607255], [37.3784965, 55.8608482], [37.3784126, 55.8609742], [37.3783478, 55.8610562], [37.3783291, 55.8611657], [37.3782964, 55.861258], [37.3782402, 55.8613873], [37.3782074, 55.8615308], [37.3782221, 55.8616777], [37.3782176, 55.8617633], [37.3781919, 55.8618866], [37.3781844, 55.8619423], [37.3781735, 55.8619917], [37.3782026, 55.8620667], [37.3782733, 55.862134], [37.3783671, 55.8622164], [37.3784697, 55.8622951], [37.3786316, 55.8623739], [37.3787653, 55.8624311], [37.3791178, 55.8625589], [37.3793548, 55.8626564], [37.3794864, 55.8627295], [37.3795956, 55.862821], [37.3797066, 55.8629456], [37.3797747, 55.8630346], [37.3798116, 55.8631177], [37.3798065, 55.8632147], [37.3797707, 55.8632944], [37.3796981, 55.8633642], [37.3793726, 55.863488], [37.3792243, 55.8635631], [37.3791572, 55.8636269], [37.3790207, 55.8637073], [37.3787181, 55.8638043], [37.378495, 55.8638827], [37.3782089, 55.8639647], [37.3780915, 55.8640298], [37.3780319, 55.8641287], [37.378022, 55.86423], [37.3779706, 55.8642736], [37.3778964, 55.8643208], [37.3777631, 55.8643449], [37.3776625, 55.864367], [37.3776049, 55.8643994], [37.3775621, 55.8644591], [37.3775126, 55.864532], [37.3774714, 55.8646118], [37.3774496, 55.8647195], [37.3774557, 55.8648044], [37.3774961, 55.8648871], [37.3775554, 55.8649541], [37.3776405, 55.8650129], [37.3777425, 55.8650584], [37.3779834, 55.8650941], [37.3779627, 55.8651183], [37.3779566, 55.8651367], [37.3779317, 55.8651917], [37.3779287, 55.8652235], [37.3779317, 55.8653093], [37.3779789, 55.8654473], [37.3780027, 55.8654877], [37.3780412, 55.8656041], [37.3781216, 55.8657198], [37.3781544, 55.8657703], [37.3781454, 55.865832], [37.3780165, 55.8658604], [37.3779453, 55.8658931], [37.3779164, 55.8659146], [37.3779136, 55.8659535], [37.377945, 55.8659758], [37.3779845, 55.8659918], [37.3780128, 55.8660022], [37.3780731, 55.8660016], [37.3781614, 55.8660115], [37.3782278, 55.8660204], [37.3783096, 55.8660426], [37.3783336, 55.8660587], [37.3783515, 55.8660894], [37.3783521, 55.8661207], [37.378348, 55.8661424], [37.3783257, 55.866156], [37.3782241, 55.8661902], [37.3782038, 55.8662016], [37.3782037, 55.8662164], [37.3782199, 55.8662358], [37.3782523, 55.8662655], [37.3782717, 55.8662804], [37.3782297, 55.866359], [37.3782254, 55.8664092], [37.3782334, 55.8664479], [37.3782074, 55.8664686], [37.3781868, 55.8664947], [37.3781554, 55.8665152], [37.3781235, 55.8665257], [37.3780887, 55.866531], [37.3780493, 55.8665354], [37.3780224, 55.8665425], [37.3780111, 55.8665572], [37.3780191, 55.8665727], [37.3780316, 55.8665772], [37.378068, 55.8665887], [37.3781107, 55.8666003], [37.3781358, 55.8666155], [37.3781627, 55.8666368], [37.3781895, 55.8666484], [37.3782013, 55.866648], [37.3782323, 55.8666217], [37.3782434, 55.8666023], [37.3782641, 55.8665703], [37.3782846, 55.8665614], [37.3783083, 55.866565], [37.3783208, 55.8665706], [37.3783263, 55.8665804], [37.3783191, 55.8666123], [37.3783221, 55.8666317], [37.3783363, 55.8666477], [37.3783687, 55.866666], [37.3784031, 55.8666911], [37.3784212, 55.8667185], [37.3784353, 55.8667573], [37.3784351, 55.8667961], [37.3784482, 55.8668085], [37.3784514, 55.8668378], [37.3783673, 55.8668724], [37.3783452, 55.8668848], [37.3783363, 55.8669056], [37.3783335, 55.8669169], [37.3783598, 55.8669249], [37.3784185, 55.8669306], [37.3784612, 55.8669238], [37.3784957, 55.8669238], [37.3785284, 55.8669249], [37.3786376, 55.8668833], [37.3786787, 55.8668772], [37.3786945, 55.8668762], [37.3787055, 55.8668842], [37.3787061, 55.8668911], [37.3786719, 55.8669201], [37.3786647, 55.8669361], [37.378642, 55.8669472], [37.3786139, 55.8669536], [37.3785941, 55.8669599], [37.3785844, 55.8669781], [37.3786108, 55.8669932], [37.3786334, 55.866998], [37.3786674, 55.8669996], [37.3786927, 55.8669965], [37.3787293, 55.8669902], [37.3788565, 55.8669729], [37.3789017, 55.8669666], [37.3789157, 55.8669696], [37.3789242, 55.8669888], [37.3789468, 55.8670047], [37.3789862, 55.8670221], [37.3790143, 55.8670332], [37.3790537, 55.8670417], [37.3790792, 55.8670381], [37.3791131, 55.8670318], [37.3791552, 55.8670179], [37.3791951, 55.8670081], [37.3792092, 55.8669954], [37.379212, 55.866978], [37.3791981, 55.8669589], [37.3791721, 55.8669388], [37.3791474, 55.8669208], [37.3790937, 55.8669032], [37.37906, 55.8668922], [37.3790543, 55.8668795], [37.3790676, 55.8668725], [37.3791052, 55.8668716], [37.3791503, 55.866878], [37.3792011, 55.8668923], [37.3792621, 55.8669205], [37.3793053, 55.8669384], [37.3793166, 55.8669574], [37.3793238, 55.8669856], [37.379291, 55.8670209], [37.379274, 55.8670351], [37.3792695, 55.867054], [37.3792881, 55.8670795], [37.3793189, 55.8670954], [37.379339, 55.8671272], [37.3793217, 55.8671446], [37.3792934, 55.8671556], [37.3792652, 55.8671652], [37.3792372, 55.8671789], [37.3792493, 55.8672249], [37.3792167, 55.8672856], [37.3792206, 55.867294], [37.3793042, 55.8672937], [37.3793768, 55.8672964], [37.3794001, 55.867316], [37.3794085, 55.8673303], [37.3794061, 55.8673525], [37.3793318, 55.8674024], [37.3790331, 55.8675655], [37.3790141, 55.8675904], [37.3789957, 55.8676288], [37.3789683, 55.8676711], [37.3789295, 55.867698], [37.3788883, 55.8677152], [37.3786237, 55.8677345], [37.3786079, 55.8677386], [37.3786009, 55.8677476], [37.37861, 55.8677591], [37.3786668, 55.8677798], [37.3787239, 55.8677952], [37.3788473, 55.8678141], [37.3788697, 55.8678209], [37.3788834, 55.8678312], [37.3788869, 55.8678539], [37.3788719, 55.8678671], [37.378856, 55.867876], [37.3788197, 55.8678856], [37.3787144, 55.867904], [37.3786163, 55.8679117], [37.3785185, 55.8679166], [37.3784772, 55.8679282], [37.3784589, 55.8679423], [37.3784544, 55.867964], [37.3784566, 55.8679743], [37.3784761, 55.8679979], [37.3785181, 55.8680141], [37.3785444, 55.8680276], [37.3785614, 55.8680257], [37.3785864, 55.8680218], [37.3786521, 55.8680009], [37.3786685, 55.8680015], [37.37868, 55.8680117], [37.3786905, 55.8680545], [37.3786867, 55.8680609], [37.3786648, 55.8680583], [37.37865, 55.8680582], [37.3786363, 55.8680614], [37.3786236, 55.868064], [37.3786115, 55.8680698], [37.3786042, 55.8680775], [37.3785938, 55.8680903], [37.3785847, 55.8681064], [37.3785766, 55.868116], [37.3785686, 55.8681232], [37.3785514, 55.8681321], [37.3785296, 55.8681398], [37.3784998, 55.868143], [37.3784717, 55.8681442], [37.3784346, 55.8681375], [37.3784001, 55.868122], [37.3783715, 55.8680979], [37.3783628, 55.868061], [37.3783479, 55.8680524], [37.3783195, 55.8680429], [37.3782848, 55.8680388], [37.3782407, 55.8680395], [37.3782073, 55.8680488], [37.3781465, 55.8680701], [37.3781156, 55.8680728], [37.3780761, 55.8680688], [37.3780553, 55.868052], [37.3780316, 55.8680184], [37.3780129, 55.8680082], [37.3779886, 55.8680046], [37.3779702, 55.8680037], [37.3779438, 55.8680081], [37.377926, 55.8680186], [37.3779101, 55.8680372], [37.3779029, 55.8680571], [37.377886, 55.86808], [37.3778592, 55.8680896], [37.3777815, 55.868102], [37.3777401, 55.8681085], [37.3776944, 55.8681212], [37.3776704, 55.8681327], [37.3776549, 55.868149], [37.3776539, 55.8681608], [37.3776633, 55.8681733], [37.3777014, 55.8681977], [37.3777048, 55.8682076], [37.377687, 55.8682221], [37.377659, 55.8682342], [37.3776441, 55.8682392], [37.3776262, 55.8682484], [37.3776149, 55.8682681], [37.3776134, 55.8683055], [37.3775906, 55.8683287], [37.3775613, 55.8683423], [37.3775237, 55.8683541], [37.3774888, 55.8683619], [37.3774601, 55.8683606], [37.3774164, 55.8683358], [37.3773743, 55.8682951], [37.3773548, 55.8682854], [37.3772957, 55.8682853], [37.3771952, 55.8682933], [37.3771578, 55.8682889], [37.3771091, 55.8682641], [37.3770467, 55.8682329], [37.3770196, 55.8682256], [37.3769951, 55.8682281], [37.3769757, 55.868231], [37.3769416, 55.8682455], [37.3768794, 55.8682855], [37.3768418, 55.8683087], [37.3768067, 55.8683216], [37.3767784, 55.8683188], [37.3767539, 55.8683086], [37.3767346, 55.8682885], [37.3767395, 55.8682693], [37.3767558, 55.8682509], [37.3767641, 55.8682336], [37.3767495, 55.8682089], [37.3767384, 55.8682001], [37.3766883, 55.8681619], [37.376673, 55.8681603], [37.3766482, 55.8681629], [37.3766275, 55.868174], [37.376603, 55.8681812], [37.3765802, 55.8681757], [37.3765607, 55.8681556], [37.3765416, 55.8681224], [37.3765236, 55.8681126], [37.3764681, 55.8681193], [37.3764241, 55.8681198], [37.3763608, 55.8680904], [37.3763468, 55.8680693], [37.3763493, 55.8680354], [37.3763386, 55.8680195], [37.3762976, 55.8679989], [37.376278, 55.8679962], [37.3762382, 55.8680166], [37.3762112, 55.8680272], [37.3761608, 55.8680317], [37.3761173, 55.8680287], [37.3760972, 55.8680197], [37.3760778, 55.8679986], [37.3760582, 55.8679951], [37.3760241, 55.8679986], [37.3759699, 55.8680191], [37.3759442, 55.8680251], [37.3758381, 55.868032], [37.3758088, 55.8680225], [37.3758031, 55.8680004], [37.3758061, 55.8679745], [37.3758044, 55.8679481], [37.3757851, 55.8679032], [37.3757461, 55.8678776], [37.3756911, 55.8678555], [37.3755697, 55.8678291], [37.3755492, 55.8678235], [37.3755133, 55.8678325], [37.3754737, 55.8678614], [37.3754578, 55.8678682], [37.3754287, 55.8678662], [37.3754026, 55.8678498], [37.3753767, 55.8678351], [37.3753251, 55.8678302], [37.3752984, 55.8678306], [37.3752859, 55.8678377], [37.375261, 55.8678743], [37.375243, 55.8678862], [37.3752107, 55.8679013], [37.3751418, 55.8679061], [37.3751144, 55.8679007], [37.3750767, 55.867879], [37.3750278, 55.8678479], [37.3749876, 55.8678264], [37.3749697, 55.8678229], [37.374924, 55.8678173], [37.3748706, 55.8678139], [37.3748378, 55.867809], [37.3748184, 55.8677998], [37.3747981, 55.867791], [37.3747626, 55.8677764], [37.3747371, 55.8677777], [37.3747143, 55.8677833], [37.374654, 55.8678188], [37.3746261, 55.867828], [37.374589, 55.8678281], [37.3745425, 55.8678142], [37.3744935, 55.8677948], [37.374462, 55.8677857], [37.3744357, 55.8677817], [37.3743544, 55.8677869], [37.374324, 55.8677801], [37.3743154, 55.8677755], [37.3742984, 55.8677553], [37.3742886, 55.8677229], [37.3742874, 55.8676794], [37.3742618, 55.8676413], [37.3742249, 55.8676067], [37.3741988, 55.8675915], [37.374171, 55.8675873], [37.3740837, 55.8675997], [37.374059, 55.8675941], [37.3740491, 55.8675776], [37.3740526, 55.8675374], [37.3740184, 55.8675154], [37.3740016, 55.8675098], [37.373964, 55.8674924], [37.3739515, 55.8674587], [37.373929, 55.8674512], [37.3739013, 55.8674539], [37.3738557, 55.8674675], [37.3738101, 55.8674648], [37.3737844, 55.8674524], [37.3737534, 55.8674199], [37.3737259, 55.8674034], [37.3736899, 55.8673976], [37.3736574, 55.8673943], [37.3736186, 55.8673732], [37.3736091, 55.867354], [37.3736316, 55.8673402], [37.3737049, 55.8673156], [37.3737311, 55.8672992], [37.3737408, 55.8672825], [37.3737337, 55.8672589], [37.3737054, 55.8672465], [37.3736624, 55.8672416], [37.373645, 55.8672359], [37.3736061, 55.867202], [37.3735671, 55.8671947], [37.3734873, 55.8671942], [37.3734511, 55.8671903], [37.3734238, 55.86719], [37.3733861, 55.8672005], [37.3733618, 55.8672028], [37.373321, 55.8671873], [37.3732904, 55.8671816], [37.3732534, 55.8671832], [37.3732233, 55.8671852], [37.3731981, 55.8671797], [37.3731453, 55.867161], [37.3731226, 55.8671531], [37.3730889, 55.8671554], [37.3730324, 55.8671816], [37.3730087, 55.8672005], [37.3729769, 55.8672126], [37.3729045, 55.8672056], [37.3728654, 55.8671986], [37.3728296, 55.8671967], [37.3727878, 55.8672007], [37.3727416, 55.8672057], [37.3726796, 55.8672185], [37.3726163, 55.8672376], [37.3725734, 55.8672606], [37.3725429, 55.8672741], [37.3725122, 55.8672956], [37.3724788, 55.8673322], [37.372464, 55.867377], [37.3724495, 55.8673984], [37.3723794, 55.8674505], [37.3723533, 55.8674697], [37.3723582, 55.8674835], [37.3723924, 55.8674944], [37.3724646, 55.8675056], [37.3725138, 55.8675153], [37.3725481, 55.8675305], [37.3725419, 55.8675559], [37.3725189, 55.8675723], [37.3724101, 55.8676173], [37.3723549, 55.867649], [37.3723379, 55.8676746], [37.3723142, 55.8676862], [37.3722923, 55.8676874], [37.3722541, 55.8676614], [37.3722075, 55.8676378], [37.372162, 55.8676177], [37.3720989, 55.8675958], [37.37205, 55.8675747], [37.3719998, 55.8675443], [37.3719707, 55.8675395], [37.3719054, 55.8675528], [37.3718689, 55.8675515], [37.371837, 55.8675383], [37.3717952, 55.8675154], [37.3717687, 55.8675075], [37.3717364, 55.8675038], [37.3717102, 55.8674928], [37.3716923, 55.867481], [37.3716598, 55.8674608], [37.3716012, 55.8674617], [37.371545, 55.8674586], [37.3715153, 55.8674431], [37.3715247, 55.8674091], [37.3715432, 55.8673912], [37.3715562, 55.8673713], [37.3715404, 55.867353], [37.371517, 55.8673444], [37.371497, 55.8673465], [37.3714534, 55.8673503], [37.3713987, 55.8673423], [37.3713672, 55.867336], [37.3713324, 55.8673402], [37.371285, 55.8673665], [37.3712607, 55.8674086], [37.3712465, 55.8674246], [37.3711891, 55.8674548], [37.3711329, 55.867471], [37.3710754, 55.8674745], [37.371032, 55.8674671], [37.3709811, 55.8674459], [37.3709405, 55.8674281], [37.3708531, 55.8674236], [37.3708232, 55.8674169], [37.3707842, 55.8673936], [37.3707353, 55.8673628], [37.3706887, 55.8673285], [37.370658, 55.8673173], [37.3706176, 55.8673116], [37.3705155, 55.8673192], [37.3704064, 55.8673353], [37.3703569, 55.8673414], [37.3702746, 55.8673465], [37.3702028, 55.867349], [37.3701437, 55.867349], [37.3701096, 55.8673542], [37.3700815, 55.8673725], [37.3700567, 55.8673899], [37.3700238, 55.8674134], [37.3699942, 55.867438], [37.3699894, 55.8674686], [37.3699924, 55.8675025], [37.3699906, 55.8675367], [37.3699812, 55.867563], [37.3699747, 55.8676119], [37.3699685, 55.8676548], [37.3699514, 55.8676739], [37.3699234, 55.8676843], [37.3698875, 55.8676826], [37.3698597, 55.867673], [37.3698317, 55.8676598], [37.3698193, 55.8676388], [37.3698117, 55.867609], [37.3698038, 55.8675933], [37.3697851, 55.8675881], [37.3697573, 55.8675855], [37.3697215, 55.8675854], [37.3696592, 55.8676002], [37.3696173, 55.8676097], [37.3695891, 55.8676115], [37.3695659, 55.867608], [37.3695442, 55.8675949], [37.3695225, 55.8675773], [37.3695023, 55.8675625], [37.3694573, 55.8675466], [37.3694028, 55.8675458], [37.3693561, 55.8675605], [37.3692999, 55.8675805], [37.3692798, 55.8675972], [37.3692858, 55.8676208], [37.3693091, 55.8676541], [37.3693541, 55.8676996], [37.3693789, 55.8677301], [37.3693805, 55.8677589], [37.3693523, 55.8677738], [37.3693009, 55.8677859], [37.3692385, 55.8677947], [37.3691858, 55.8677954], [37.3691283, 55.8677902], [37.3690224, 55.8677979], [37.3689167, 55.8678135], [37.3688405, 55.8678213], [37.3687828, 55.8678212], [37.3687269, 55.8678116], [37.3686788, 55.867795], [37.3686277, 55.8677756], [37.3685981, 55.8677485], [37.3685921, 55.8677179], [37.3685888, 55.8676829], [37.3685765, 55.8676611], [37.3685549, 55.8676428], [37.3685175, 55.8676305], [37.3684754, 55.8676286], [37.3684117, 55.8676268], [37.3683543, 55.8676241], [37.3683169, 55.8676066], [37.3682859, 55.8675865], [37.3682499, 55.8675768], [37.3681909, 55.8675829], [37.3681226, 55.8675933], [37.3680572, 55.867602], [37.3680184, 55.8676115], [37.3679918, 55.8676071], [37.3679188, 55.8675852], [37.3678754, 55.8675799], [37.3678567, 55.8675786], [37.3678396, 55.8675834], [37.3678254, 55.8676193], [37.3677926, 55.8676689], [37.367749, 55.8677021], [37.3676991, 55.867732], [37.3676507, 55.8677326], [37.3676057, 55.8677256], [37.3675853, 55.8677219], [37.3675592, 55.8677238], [37.367525, 55.8677482], [37.3674905, 55.8677823], [37.3674856, 55.8678199], [37.3675136, 55.8678523], [37.3675383, 55.8678742], [37.3675415, 55.8679047], [37.367521, 55.8679335], [37.3674605, 55.8679676], [37.3673948, 55.8680043], [37.3673514, 55.868019], [37.3673156, 55.8680138], [37.3672797, 55.867998], [37.3672674, 55.8679726], [37.3672754, 55.8679306], [37.3672909, 55.8679027], [37.3672942, 55.8678651], [37.367341, 55.8678259], [37.3673691, 55.8678057], [37.3673645, 55.8677935], [37.3673365, 55.8677822], [37.367293, 55.8677856], [37.3672244, 55.8678091], [37.3671622, 55.8678169], [37.3670735, 55.8678247], [37.3670127, 55.8678203], [37.3669584, 55.8678228], [37.3669257, 55.8678376], [37.3669069, 55.8678674], [37.3669036, 55.867932], [37.3668972, 55.8679871], [37.366877, 55.8680185], [37.3668441, 55.8680281], [37.3667945, 55.8680263], [37.3667463, 55.8680183], [37.3667091, 55.8679913], [37.366664, 55.8679492], [37.3666003, 55.8679019], [37.3665398, 55.8678566], [37.366512, 55.8678355], [37.3664777, 55.8678222], [37.3664359, 55.8678222], [37.3663843, 55.8678318], [37.3663532, 55.8678405], [37.3663499, 55.8678606], [37.3663393, 55.8678764], [37.3663188, 55.8678815], [37.3662879, 55.8678789], [37.3662427, 55.8678727], [37.3662115, 55.8678744], [37.3661806, 55.8678884], [37.3661523, 55.867912], [37.3661241, 55.8679479], [37.3661055, 55.8679696], [37.3660621, 55.8679801], [37.3659126, 55.867986], [37.3658613, 55.8679834], [37.3658366, 55.8679667], [37.3658256, 55.8679422], [37.3658197, 55.8678854], [37.3658057, 55.8678644], [37.3657808, 55.8678582], [37.3657635, 55.8678568], [37.3657389, 55.8678617], [37.3657093, 55.8678809], [37.3656796, 55.8679088], [37.3656437, 55.8679236], [37.3656198, 55.8679268], [37.3656002, 55.8679236], [37.3655785, 55.867907], [37.3655584, 55.8678763], [37.3655352, 55.8678334], [37.3655166, 55.8678037], [37.3655043, 55.8677991], [37.3654826, 55.8677974], [37.3654467, 55.8678019], [37.3654061, 55.8678194], [37.3653516, 55.8678586], [37.3653047, 55.867891], [37.3652513, 55.8678987], [37.3652051, 55.8678988], [37.3651587, 55.8678855], [37.3651212, 55.8678592], [37.3651029, 55.8678313], [37.3651045, 55.8677971], [37.3651281, 55.8677474], [37.3651609, 55.8676985], [37.3652093, 55.8676504], [37.3652371, 55.8676286], [37.3652387, 55.8676059], [37.3652172, 55.8675788], [37.3651676, 55.8675464], [37.3651195, 55.8674973], [37.3650823, 55.8674633], [37.3650327, 55.8674378], [37.3649813, 55.867416], [37.3649318, 55.8674018], [37.3648836, 55.8673983], [37.3648383, 55.8674053], [37.3647884, 55.8674279], [37.3647433, 55.8674577], [37.3647058, 55.8675065], [37.364645, 55.8675456], [37.3645982, 55.8675668], [37.3645484, 55.8675754], [37.3645081, 55.8675623], [37.3644707, 55.8675412], [37.3644482, 55.8675401], [37.3644319, 55.8675446], [37.3644007, 55.8675735], [37.3643554, 55.8676049], [37.3642963, 55.8676214], [37.364217, 55.867631], [37.3641516, 55.8676309], [37.3641003, 55.8676169], [37.3640366, 55.8675967], [37.3639824, 55.8675792], [37.3639574, 55.867553], [37.3639405, 55.8675171], [37.363939, 55.8674829], [37.3639409, 55.8674462], [37.3639143, 55.867434], [37.3638817, 55.8674349], [37.363852, 55.8674453], [37.3638069, 55.8674688], [37.3637447, 55.8674784], [37.3636947, 55.8674993], [37.3636417, 55.8675325], [37.3636184, 55.8675413], [37.3635952, 55.8675341], [37.3635812, 55.8675184], [37.363558, 55.8674878], [37.3635315, 55.8674659], [37.3635349, 55.8674467], [37.3635613, 55.8674231], [37.3635847, 55.8674004], [37.3635771, 55.8673786], [37.3635414, 55.8673453], [37.3634964, 55.8673251], [37.3634357, 55.867318], [37.3633549, 55.867318], [37.3632771, 55.8673257], [37.3632531, 55.8673411], [37.3632321, 55.8673493], [37.3631542, 55.8673518], [37.363095, 55.8673562], [37.3630783, 55.8673614], [37.3630717, 55.8673763], [37.3630591, 55.8674121], [37.3630497, 55.8674265], [37.3630248, 55.8674313], [37.3629546, 55.8674347], [37.3628754, 55.8674328], [37.3628334, 55.8674399], [37.3628157, 55.8674483], [37.3628084, 55.8674643], [37.3628176, 55.8675097], [37.3628517, 55.8675578], [37.3628639, 55.8675928], [37.3628559, 55.8676321], [37.3628515, 55.867641], [37.3628357, 55.8676478], [37.3628221, 55.8676471], [37.3628062, 55.8676399], [37.3627721, 55.8676198], [37.362727, 55.8675874], [37.3626494, 55.8675489], [37.3626137, 55.8675295], [37.3625797, 55.8675243], [37.3624923, 55.8675233], [37.3624239, 55.8675293], [37.3623799, 55.8675229], [37.3623459, 55.8675198], [37.3623221, 55.8675032], [37.3617292, 55.8671137], [37.3601466, 55.8660568], [37.3598674, 55.8658569], [37.3594751, 55.865515], [37.3591142, 55.8650687], [37.3578908, 55.8642649], [37.349819, 55.8637988], [37.3493919, 55.8635282], [37.3478345, 55.8634304], [37.3470589, 55.8631837], [37.3464795, 55.863129], [37.3464132, 55.8630615], [37.3458799, 55.8629437], [37.3465853, 55.8622364], [37.3451935, 55.8613095], [37.3427195, 55.8606225], [37.3426893, 55.8605152], [37.3426648, 55.8603524], [37.3422398, 55.8602879], [37.3421607, 55.8602573], [37.3420223, 55.8602068], [37.3420073, 55.8601929], [37.3419412, 55.8600491], [37.3419189, 55.8600006], [37.3418357, 55.8597777], [37.3418259, 55.859747], [37.3417814, 55.8597051], [37.3417568, 55.8596689], [37.3417474, 55.8595547], [37.3417231, 55.8594294], [37.341684, 55.8593207], [37.3416098, 55.8592398], [37.3415062, 55.8591589], [37.3414718, 55.8590669], [37.3414474, 55.8589665], [37.3414829, 55.8587828], [37.3414536, 55.8586909], [37.341355, 55.8585737], [37.3412659, 55.858529], [37.341014, 55.8583421], [37.3408163, 55.8582193], [37.3406978, 55.8581328], [37.3406337, 55.8580491], [37.3406043, 55.8579516], [37.3404913, 55.8577091], [37.3404132, 55.8574778], [37.3403443, 55.8573226], [37.3402805, 55.8571824], [37.340291, 55.8570487], [37.3403459, 55.856968], [37.3403511, 55.8568594], [37.3403516, 55.8567452], [37.3402926, 55.856656], [37.3401936, 55.8565806], [37.3401146, 55.8565305], [37.3400704, 55.8564747], [37.3400855, 55.8563939], [37.340225, 55.8561907], [37.34028, 55.8560989], [37.3402902, 55.8560015], [37.3402151, 55.8558445], [37.3400535, 55.8557238], [37.3396873, 55.855507], [37.3395753, 55.8553365], [37.3395514, 55.8551761], [37.3395682, 55.8550708], [37.3396013, 55.854947], [37.3396833, 55.8548325], [37.3397407, 55.8547456], [37.3398391, 55.8546083], [37.3399128, 55.854535], [37.3399948, 55.8544343], [37.3400195, 55.8543701], [37.3400198, 55.8543014], [37.3400364, 55.8542235], [37.3400367, 55.8541365], [37.3400337, 55.8540481], [37.3400481, 55.853982], [37.3400687, 55.8539251], [37.3400871, 55.8538806], [37.3401177, 55.8538418], [37.3402277, 55.8537302], [37.3402399, 55.8537108], [37.3402542, 55.8536641], [37.340273, 55.8535717], [37.3402833, 55.8535363], [37.3403037, 55.8535044], [37.3403221, 55.8534703], [37.3403487, 55.8534087], [37.3403611, 55.8533676], [37.3403652, 55.8533186], [37.3403676, 55.853265], [37.3403637, 55.8532137], [37.3403719, 55.853167], [37.3403905, 55.8531225], [37.3403986, 55.8530905], [37.3404008, 55.8530461], [37.340405, 55.8530073], [37.3404194, 55.8529675], [37.3404562, 55.8529024], [37.3404889, 55.8528603], [37.3405437, 55.8528204], [37.3405884, 55.8527977], [37.3406331, 55.8527807], [37.3406737, 55.8527716], [37.3407487, 55.8527591], [37.3408218, 55.8527444], [37.3408767, 55.8527263], [37.3409091, 55.8527046], [37.3409356, 55.852675], [37.3409418, 55.8526499], [37.340946, 55.8526145], [37.3409421, 55.8525758], [37.34093, 55.8525449], [37.3409038, 55.8525142], [37.3408654, 55.8524833], [37.3407622, 55.852433], [37.3407016, 55.852385], [37.3406289, 55.8523039], [37.3405926, 55.8522571], [37.3405645, 55.8522035], [37.3405606, 55.8521579], [37.3405607, 55.8521213], [37.3406079, 55.8520199], [37.3406099, 55.851988], [37.3406022, 55.8519321], [37.3405701, 55.851818], [37.340542, 55.8517564], [37.3405018, 55.8516798], [37.3404617, 55.8515703], [37.3404435, 55.8515384], [37.3404213, 55.8515167], [37.3403829, 55.8514927], [37.3403424, 55.8514733], [37.3402959, 55.8514481], [37.3402655, 55.8514218], [37.3402434, 55.851399], [37.3402091, 55.8513693], [37.3401693, 55.8513441], [37.3401099, 55.8513166], [37.3400411, 55.8512881], [37.3400067, 55.8512755], [37.3399825, 55.8512561], [37.3399583, 55.8512286], [37.3399481, 55.8511978], [37.33993, 55.8511739], [37.3398957, 55.8511419], [37.3398472, 55.8511054], [37.3397764, 55.8510596], [37.3396975, 55.8510174], [37.339564, 55.8509522], [37.339473, 55.8509098], [37.3393759, 55.8508664], [37.3392666, 55.8508149], [37.3391736, 55.850752], [37.3391171, 55.8507029], [37.3390928, 55.8506756], [37.3390767, 55.8506413], [37.3389841, 55.850461], [37.3389661, 55.8504393], [37.3389337, 55.850421], [37.3388687, 55.8504021], [37.3388122, 55.8503729], [37.3387535, 55.8503534], [37.3387354, 55.8503421], [37.338709, 55.8503192], [37.3387011, 55.8503021], [37.338701, 55.8502816], [37.3387072, 55.8502622], [37.3387074, 55.8502462], [37.3386972, 55.8502371], [37.338683, 55.8502314], [37.3386466, 55.850221], [37.3386244, 55.8502074], [37.3386103, 55.8501925], [37.3386083, 55.8501765], [37.3386144, 55.8501628], [37.3386124, 55.850156], [37.3386023, 55.8501514], [37.338588, 55.8501491], [37.3385637, 55.8501502], [37.3385535, 55.8501468], [37.3385324, 55.8501283], [37.3385061, 55.8501238], [37.3384928, 55.8501186], [37.3384868, 55.8501111], [37.338491, 55.850094], [37.3384881, 55.8500803], [37.3384819, 55.8500712], [37.3384729, 55.8500638], [37.3384525, 55.8500558], [37.3384334, 55.8500506], [37.3383968, 55.8500506], [37.3383685, 55.8500471], [37.3383513, 55.8500403], [37.3383411, 55.8500328], [37.3383251, 55.8500146], [37.3383078, 55.8500044], [37.3382865, 55.8499944], [37.3382634, 55.8499883], [37.338243, 55.8499872], [37.3382248, 55.849988], [37.338168, 55.8499905], [37.3381488, 55.849987], [37.3381043, 55.8499624], [37.338076, 55.8499441], [37.3380658, 55.8499366], [37.3380649, 55.8499298], [37.3380619, 55.8499235], [37.3380527, 55.8499155], [37.3380083, 55.8498904], [37.3379374, 55.8498577], [37.3378837, 55.8498366], [37.337831, 55.8498194], [37.3377967, 55.8498131], [37.3377632, 55.8498122], [37.3377419, 55.8498153], [37.3377215, 55.8498232], [37.3377145, 55.8498284], [37.3377064, 55.8498403], [37.3376931, 55.849846], [37.337682, 55.8498477], [37.3376709, 55.8498477], [37.3376566, 55.8498443], [37.3376436, 55.8498362], [37.3376344, 55.8498265], [37.3376284, 55.8498077], [37.3376285, 55.8497553], [37.3376226, 55.8497455], [37.3376033, 55.8497342], [37.3375872, 55.8497227], [37.3375791, 55.8497141], [37.3375751, 55.8497033], [37.3375713, 55.8496428], [37.3375672, 55.8496359], [37.3375591, 55.8496291], [37.3375238, 55.849608], [37.3375146, 55.8496], [37.3375118, 55.8495897], [37.3375148, 55.8495846], [37.3375238, 55.8495806], [37.3375553, 55.8495801], [37.3375634, 55.8495761], [37.3375676, 55.8495692], [37.3375615, 55.8495544], [37.3375626, 55.8495447], [37.3375707, 55.8495391], [37.3375972, 55.8495293], [37.3376113, 55.8495208], [37.3376165, 55.8495128], [37.3376196, 55.8494837], [37.3376258, 55.8494753], [37.3376339, 55.8494712], [37.337645, 55.849469], [37.3376805, 55.8494719], [37.3376997, 55.8494685], [37.33771, 55.8494627], [37.337711, 55.8494548], [37.337707, 55.8494485], [37.3376837, 55.8494342], [37.3376817, 55.8494257], [37.3376868, 55.8494206], [37.3377031, 55.8494154], [37.3377334, 55.8494092], [37.3377386, 55.8494069], [37.3377376, 55.8494024], [37.3377183, 55.8493915], [37.3377082, 55.8493823], [37.3377082, 55.8493699], [37.3377114, 55.8493613], [37.3377225, 55.8493516], [37.3377358, 55.8493504], [37.3377509, 55.8493527], [37.337764, 55.8493613], [37.3377843, 55.8493671], [37.3378046, 55.8493671], [37.3378199, 55.8493625], [37.337828, 55.8493528], [37.3378281, 55.8493341], [37.3378333, 55.8493146], [37.3378403, 55.8493021], [37.3378546, 55.8492947], [37.3378668, 55.8492925], [37.337881, 55.8492982], [37.3379012, 55.8493119], [37.3379154, 55.8493136], [37.3379276, 55.8493119], [37.3379347, 55.8493074], [37.3379438, 55.8492807], [37.3379489, 55.849275], [37.3379632, 55.8492727], [37.3379964, 55.8492768], [37.3380078, 55.8492722], [37.338018, 55.8492488], [37.3380292, 55.8492385], [37.3380495, 55.8492277], [37.3380618, 55.8492209], [37.3380761, 55.8491901], [37.3380923, 55.8491766], [37.3381086, 55.8491696], [37.3381269, 55.8491696], [37.3381572, 55.8491789], [37.3381816, 55.8491823], [37.338222, 55.8491744], [37.3382728, 55.8491572], [37.3382993, 55.8491436], [37.3383136, 55.8491219], [37.3383116, 55.8491026], [37.3383017, 55.8490729], [37.3382875, 55.8490502], [37.3382653, 55.8490273], [37.3382572, 55.8490147], [37.3382593, 55.8490033], [37.3382735, 55.8489817], [37.3382777, 55.84896], [37.3382698, 55.8489406], [37.3382535, 55.8489235], [37.3382292, 55.8489132], [37.3381868, 55.8489006], [37.3381524, 55.8488937], [37.3381118, 55.8488959], [37.3380813, 55.848905], [37.3379999, 55.8489517], [37.3379513, 55.8489664], [37.337929, 55.848971], [37.3379107, 55.8489721], [37.3378782, 55.848964], [37.3378055, 55.8489195], [37.337773, 55.8489149], [37.3377508, 55.8489091], [37.3377386, 55.8488954], [37.3377225, 55.8488886], [37.3377083, 55.8488852], [37.337692, 55.8488851], [37.3376656, 55.8488908], [37.3376535, 55.8488908], [37.3376394, 55.8488817], [37.3376374, 55.8488679], [37.3376293, 55.8488599], [37.3376172, 55.8488553], [37.337601, 55.8488564], [37.3375766, 55.8488667], [37.3375645, 55.8488679], [37.3375543, 55.8488655], [37.3375482, 55.8488507], [37.3375342, 55.8488449], [37.3375078, 55.848845], [37.3374895, 55.8488438], [37.3374784, 55.8488397], [37.3374551, 55.8488169], [37.337441, 55.8488095], [37.3374197, 55.8488049], [37.337372, 55.8488054], [37.3373538, 55.8488036], [37.3373335, 55.8487991], [37.3373284, 55.8487928], [37.3373254, 55.848786], [37.3372657, 55.848746], [37.3372536, 55.8487322], [37.3372496, 55.848718], [37.3372508, 55.8486923], [37.3372611, 55.8486524], [37.3372693, 55.8486336], [37.3372866, 55.8486171], [37.3373019, 55.8485971], [37.3373059, 55.8485829], [37.337298, 55.8485429], [37.3372919, 55.8485321], [37.3372778, 55.848519], [37.3372607, 55.8485104], [37.3372475, 55.8485087], [37.337211, 55.8485103], [37.3371999, 55.848508], [37.3371907, 55.8485006], [37.3371828, 55.84848], [37.3371778, 55.8484716], [37.3371645, 55.8484641], [37.3371464, 55.8484607], [37.3371261, 55.8484606], [37.3371048, 55.848464], [37.3370234, 55.8484924], [37.3370063, 55.8484941], [37.3369607, 55.8484934], [37.3369415, 55.8484878], [37.3369274, 55.8484769], [37.3369193, 55.8484643], [37.3369163, 55.848445], [37.3369194, 55.8484369], [37.3369255, 55.8484313], [37.3369579, 55.8484256], [37.3369721, 55.8484199], [37.3369762, 55.8484097], [37.3369722, 55.8483846], [37.3369743, 55.8483709], [37.3369825, 55.8483594], [37.3370048, 55.8483446], [37.3370292, 55.8483401], [37.3370719, 55.8483391], [37.3370941, 55.8483333], [37.3371103, 55.8483242], [37.3371165, 55.8483027], [37.3371227, 55.8482935], [37.3371632, 55.8482776], [37.3371755, 55.8482684], [37.3371777, 55.8482548], [37.3371595, 55.8482378], [37.3371554, 55.848224], [37.3371535, 55.8482034], [37.3371636, 55.8481897], [37.3371698, 55.8481784], [37.3371678, 55.8481715], [37.3371556, 55.8481635], [37.3370807, 55.8481406], [37.3370543, 55.8481372], [37.3370239, 55.8481394], [37.3369611, 55.8481484], [37.3369185, 55.8481472], [37.336884, 55.8481426], [37.3368415, 55.8481323], [37.3368334, 55.8481254], [37.3368376, 55.848114], [37.3368497, 55.8480969], [37.3368478, 55.8480873], [37.3368388, 55.8480781], [37.3367973, 55.848057], [37.3367951, 55.8480495], [37.3367852, 55.8480393], [37.336773, 55.8480307], [37.3367498, 55.8480198], [37.3367234, 55.8480112], [37.3367012, 55.8480061], [37.3366708, 55.848002], [37.3366028, 55.8480014], [37.3365764, 55.8479973], [37.3365634, 55.8479973], [37.3365451, 55.8480002], [37.3364912, 55.8480132], [37.3364639, 55.8480183], [37.3364415, 55.84802], [37.3364132, 55.8480268], [37.3363634, 55.848041], [37.3363258, 55.8480494], [37.3363106, 55.8480506], [37.3362834, 55.8480443], [37.3362579, 55.8480408], [37.3362327, 55.8480414], [37.3362093, 55.8480448], [37.3361809, 55.848055], [37.3361494, 55.8480709], [37.3361381, 55.8480749], [37.336126, 55.8480754], [37.3361118, 55.8480731], [37.3360885, 55.8480623], [37.3360653, 55.8480543], [37.3360431, 55.8480502], [37.3360106, 55.8480479], [37.3359842, 55.8480428], [37.335962, 55.8480364], [37.3359408, 55.8480273], [37.3359205, 55.8480165], [37.3359083, 55.8480124], [37.335892, 55.8480113], [37.33588, 55.8480135], [37.3358474, 55.8480249], [37.3358262, 55.8480306], [37.3358069, 55.8480306], [37.3357897, 55.8480288], [37.3357766, 55.8480242], [37.3357664, 55.8480157], [37.3357522, 55.8480093], [37.3357311, 55.8480025], [37.3357137, 55.8479956], [37.3356956, 55.8479854], [37.3356885, 55.8479773], [37.3356845, 55.8479665], [37.3356815, 55.8479516], [37.3356745, 55.8479391], [37.3356664, 55.8479316], [37.335635, 55.8479202], [37.3356127, 55.8479105], [37.3355976, 55.8478997], [37.3355886, 55.847891], [37.3355866, 55.8478819], [37.3355896, 55.8478716], [37.3355977, 55.8478626], [37.335613, 55.8478569], [37.3356222, 55.8478507], [37.3356302, 55.8478427], [37.3356353, 55.8478324], [37.3356365, 55.847821], [37.3356294, 55.847805], [37.3356194, 55.8477987], [37.3356031, 55.847793], [37.3355788, 55.8477895], [37.3355585, 55.8477901], [37.3355392, 55.8477941], [37.3354986, 55.8478174], [37.3354804, 55.8478185], [37.3354621, 55.8478157], [37.335451, 55.8478094], [37.3354318, 55.8477927], [37.3354075, 55.8477825], [37.3353973, 55.8477762], [37.3353873, 55.8477636], [37.3353854, 55.8477317], [37.3353804, 55.8477214], [37.3353692, 55.8477106], [37.3353561, 55.8477009], [37.33534, 55.8476951], [37.3353206, 55.8476916], [37.3352964, 55.8476911], [37.3352802, 55.8476922], [37.335266, 55.8476996], [37.3352506, 55.8477047], [37.3352354, 55.8477064], [37.3352284, 55.8477058], [37.3352192, 55.8477035], [37.3351556, 55.8476732], [37.3351312, 55.8476663], [37.335106, 55.8476623], [37.3350897, 55.8476623], [37.3350774, 55.8476657], [37.3350582, 55.8476747], [37.3350389, 55.8476799], [37.3350096, 55.8476827], [37.334972, 55.8476832], [37.3349446, 55.8476861], [37.334905, 55.8476985], [37.3348918, 55.8477008], [37.3348614, 55.8477087], [37.3348493, 55.8477093], [37.334838, 55.8477065], [37.334834, 55.8477025], [37.3348291, 55.847667], [37.3348171, 55.8476585], [37.3348058, 55.847655], [37.3347958, 55.8476556], [37.3347835, 55.8476594], [37.3347633, 55.8476632], [37.3347058, 55.8476641], [37.3346882, 55.8476663], [37.334673, 55.8476714], [37.3346548, 55.8476731], [37.3346244, 55.8476696], [37.3346122, 55.8476696], [37.3345939, 55.8476725], [37.3345787, 55.8476792], [37.3345645, 55.8476912], [37.3345553, 55.8477106], [37.3345501, 55.847718], [37.334543, 55.8477214], [37.3345238, 55.8477237], [37.3344802, 55.8477231], [37.3344548, 55.8477253], [37.3343695, 55.8477457], [37.3343229, 55.8477519], [37.3342833, 55.8477525], [37.3342449, 55.8477484], [37.3341993, 55.8477421], [37.3341507, 55.847734], [37.3341283, 55.8477278], [37.3341092, 55.847717], [37.3340889, 55.8477026], [37.3340788, 55.8476871], [37.3340678, 55.8476534], [37.3340598, 55.8476381], [37.3340548, 55.8476346], [37.3340476, 55.847634], [37.3340242, 55.8476415], [37.3340071, 55.8476431], [37.3339979, 55.8476426], [37.333996, 55.8476352], [37.333996, 55.8476243], [37.3339829, 55.847598], [37.3339851, 55.8475843], [37.3339922, 55.8475684], [37.3339943, 55.847553], [37.3339933, 55.8475468], [37.3339873, 55.8475422], [37.3339629, 55.8475301], [37.3339518, 55.8475204], [37.3339367, 55.8475033], [37.3339267, 55.8474856], [37.3339267, 55.8474788], [37.3339327, 55.8474742], [37.333947, 55.8474674], [37.3339642, 55.847464], [37.3340149, 55.8474612], [37.3340646, 55.8474476], [37.3340799, 55.8474419], [37.3341023, 55.8474146], [37.3341024, 55.8474066], [37.3340953, 55.8473929], [37.3340812, 55.8473718], [37.3340793, 55.8473604], [37.3340752, 55.8473547], [37.334058, 55.8473455], [37.3340439, 55.8473283], [37.3340338, 55.8473232], [37.3340207, 55.8473192], [37.3340054, 55.8473163], [37.3339699, 55.8473128], [37.333902, 55.8473037], [37.333891, 55.8472974], [37.3338627, 55.847271], [37.3338323, 55.8472477], [37.3337939, 55.8472356], [37.3337788, 55.8472282], [37.3337626, 55.8472173], [37.3337535, 55.8472071], [37.3337496, 55.8471785], [37.3337434, 55.8471694], [37.333707, 55.8471477], [37.3336616, 55.8471294], [37.3336353, 55.8471236], [37.3336139, 55.8471219], [37.3335885, 55.847123], [37.3335561, 55.8471298], [37.3335084, 55.8471451], [37.3334678, 55.8471542], [37.3334435, 55.847157], [37.3334233, 55.8471558], [37.3334131, 55.8471536], [37.33341, 55.847149], [37.33341, 55.8471438], [37.3334325, 55.8471194], [37.3334346, 55.8471115], [37.3334246, 55.8470954], [37.3334255, 55.8470897], [37.3334296, 55.8470817], [37.3334449, 55.8470726], [37.3334682, 55.8470612], [37.3334784, 55.8470527], [37.3334815, 55.847043], [37.3334815, 55.8470311], [37.3334755, 55.8470196], [37.3334634, 55.8470087], [37.3334481, 55.8470002], [37.33343, 55.8469928], [37.3333995, 55.8469858], [37.3333813, 55.8469859], [37.3333428, 55.846983], [37.3333185, 55.846984], [37.3332931, 55.8469885], [37.3332739, 55.8469909], [37.3332618, 55.8469902], [37.3332495, 55.8469845], [37.3332436, 55.8469748], [37.3332426, 55.8469628], [37.3332345, 55.846952], [37.3332295, 55.8469377], [37.3332337, 55.8469029], [37.3332399, 55.8468778], [37.3332369, 55.8468721], [37.3331873, 55.8468373], [37.3331813, 55.8468271], [37.3331803, 55.8468208], [37.3331773, 55.8468167], [37.3331682, 55.8468127], [37.3331368, 55.8468064], [37.3331105, 55.8467995], [37.3330962, 55.8467921], [37.3330862, 55.8467837], [37.3330863, 55.8467761], [37.3331036, 55.8467448], [37.3331047, 55.8467288], [37.3330996, 55.8467185], [37.3330815, 55.8467066], [37.3330724, 55.8467066], [37.33304, 55.846711], [37.3330267, 55.846711], [37.3330084, 55.8467081], [37.3329669, 55.8466921], [37.3329528, 55.8466881], [37.3329377, 55.8466881], [37.3329031, 55.8466921], [37.3328809, 55.8466977], [37.3328524, 55.8467096], [37.3328402, 55.8467113], [37.3328261, 55.8467102], [37.3328027, 55.8467016], [37.3327775, 55.8466839], [37.3327573, 55.8466713], [37.3326733, 55.8466336], [37.332659, 55.8466307], [37.3326185, 55.8466295], [37.3325983, 55.8466278], [37.3325801, 55.846622], [37.3325659, 55.8466152], [37.3325619, 55.8466061], [37.3325639, 55.846585], [37.332561, 55.8465758], [37.3325498, 55.8465701], [37.3325276, 55.8465621], [37.3324851, 55.8465575], [37.3324637, 55.84655], [37.3324365, 55.8465335], [37.3324253, 55.8465157], [37.3323839, 55.846486], [37.3323415, 55.8464563], [37.3323151, 55.8464266], [37.3322669, 55.8463661], [37.3322245, 55.8463432], [37.3321009, 55.8463157], [37.3320766, 55.8462996], [37.3320686, 55.8462654], [37.3320911, 55.8462222], [37.3321075, 55.8461959], [37.3320995, 55.8461411], [37.3320614, 55.8460578], [37.3320455, 55.8459825], [37.3320436, 55.8459483], [37.332056, 55.8459073], [37.3320684, 55.8458445], [37.3320949, 55.8458012], [37.3321418, 55.8457705], [37.3322127, 55.845758], [37.3323059, 55.8457764], [37.3323606, 55.8458004], [37.3324132, 55.8458062], [37.3324518, 55.8458052], [37.3325127, 55.8457904], [37.3325857, 55.8457779], [37.3326364, 55.8457575], [37.3327259, 55.8457108], [37.3327971, 55.8456573], [37.3328501, 55.8455764], [37.3328464, 55.8454863], [37.3328405, 55.8454588], [37.3328448, 55.8454235], [37.3328611, 55.8453665], [37.3329202, 55.8452958], [37.3330039, 55.8452849], [37.3356613, 55.8452498]]]]}}, {"id": "0", "type": "Feature", "properties": {"name": "\u042e\u0433\u043e-\u0412\u043e\u0441\u0442\u043e\u0447\u043d\u044b\u0439 \u0430\u0434\u043c\u0438\u043d\u0438\u0441\u0442\u0440\u0430\u0442\u0438\u0432\u043d\u044b\u0439 \u043e\u043a\u0440\u0443\u0433"}, "geometry": {"type": "MultiPolygon", "coordinates": [[[[37.6606902, 55.7307034], [37.6607618, 55.730601], [37.6622286, 55.7284447], [37.6627185, 55.7276605], [37.6630914, 55.7268628], [37.6631267, 55.7267583], [37.6634106, 55.7260038], [37.6635975, 55.7252211], [37.6636391, 55.7248896], [37.6636755, 55.724564], [37.6636767, 55.7239223], [37.6636784, 55.7230679], [37.6636574, 55.7224992], [37.6636425, 55.721949], [37.6636525, 55.720869], [37.6635834, 55.7190069], [37.6636206, 55.7184525], [37.6636775, 55.7181319], [37.6639467, 55.7174168], [37.6650128, 55.7140529], [37.6658801, 55.7112053], [37.6661257, 55.7104931], [37.6662648, 55.7100974], [37.6663559, 55.7097949], [37.6672947, 55.706948], [37.6674301, 55.7065678], [37.667811, 55.7052823], [37.6675631, 55.7031389], [37.6673529, 55.7012703], [37.667289, 55.7007414], [37.6709547, 55.7005006], [37.6729337, 55.6996768], [37.6744854, 55.6985084], [37.6790112, 55.6981916], [37.6842701, 55.6974223], [37.6885131, 55.6965787], [37.6947839, 55.6953505], [37.7075727, 55.6932704], [37.7121217, 55.6884567], [37.7123792, 55.6846585], [37.71195, 55.6813197], [37.7079298, 55.6791007], [37.7072418, 55.6788002], [37.7047616, 55.6773626], [37.7026565, 55.6765772], [37.7003413, 55.6758865], [37.6972824, 55.6750684], [37.6926177, 55.6738005], [37.6907474, 55.6732397], [37.6893415, 55.6727018], [37.6885428, 55.6720653], [37.6874025, 55.6711563], [37.6824243, 55.6706238], [37.6818852, 55.6704262], [37.6781327, 55.6690507], [37.6750428, 55.6676468], [37.6732404, 55.6651054], [37.6731553, 55.6647962], [37.6723821, 55.6619827], [37.6716318, 55.6565742], [37.6716026, 55.6563637], [37.6715218, 55.6557792], [37.6716505, 55.6543507], [37.6725947, 55.6532127], [37.6745688, 55.6517599], [37.6780449, 55.6499439], [37.6889454, 55.6452217], [37.6929061, 55.6438288], [37.6944815, 55.6432842], [37.6994168, 55.6421217], [37.7132784, 55.6394574], [37.7264697, 55.6406196], [37.7290341, 55.6408512], [37.7295024, 55.6408924], [37.7453811, 55.6398993], [37.7495868, 55.6406259], [37.766195, 55.6454456], [37.7669191, 55.645621], [37.7673684, 55.6457297], [37.7792313, 55.6486015], [37.7797992, 55.648739], [37.783447, 55.6485453], [37.7853353, 55.6473345], [37.7855069, 55.6451065], [37.7851215, 55.6444988], [37.7838332, 55.6425878], [37.7842624, 55.6383249], [37.7850349, 55.6332622], [37.7867086, 55.6302581], [37.7897556, 55.6257516], [37.7925319, 55.6237146], [37.793561, 55.6229597], [37.7958475, 55.6242264], [37.7997433, 55.6269171], [37.8006021, 55.6274596], [37.8006473, 55.6276939], [37.8013525, 55.6281289], [37.8019679, 55.6285402], [37.804714, 55.6303446], [37.8061647, 55.631261], [37.8073571, 55.6319629], [37.8074737, 55.6319307], [37.8083909, 55.6325296], [37.8083582, 55.6325849], [37.8086638, 55.632911], [37.8103407, 55.6340315], [37.8139267, 55.6363605], [37.8169659, 55.6383354], [37.8174078, 55.6386182], [37.8181167, 55.6390925], [37.8183319, 55.6392096], [37.818544, 55.6392663], [37.8189776, 55.639308], [37.820377, 55.6394269], [37.8207199, 55.6394263], [37.8208955, 55.6393644], [37.8210555, 55.6392934], [37.8212474, 55.6392136], [37.8214713, 55.639125], [37.8217579, 55.6390816], [37.8219162, 55.6391094], [37.8221381, 55.6391376], [37.8223751, 55.6392017], [37.8225802, 55.6392836], [37.8229289, 55.6393215], [37.8235106, 55.6396749], [37.8236354, 55.6398103], [37.8238235, 55.639955], [37.8240118, 55.6400908], [37.8241523, 55.6402352], [37.8241819, 55.6403611], [37.8241639, 55.6404868], [37.8241146, 55.6405853], [37.8239378, 55.6407101], [37.8237454, 55.6408169], [37.8235373, 55.6409146], [37.8233448, 55.6410303], [37.8231524, 55.641137], [37.8229283, 55.6412436], [37.8226563, 55.6413679], [37.8225591, 55.641484], [37.8225401, 55.6415104], [37.8226571, 55.6416176], [37.8247329, 55.6433124], [37.8248319, 55.6433906], [37.8273401, 55.6450854], [37.827678, 55.6452251], [37.8279951, 55.6453681], [37.8284407, 55.6456764], [37.8288722, 55.6460166], [37.8296158, 55.6464617], [37.8308518, 55.6472475], [37.8320939, 55.6480496], [37.8340565, 55.6494505], [37.8348972, 55.6500592], [37.8351163, 55.6502423], [37.835515, 55.650692], [37.8355674, 55.6507511], [37.8360608, 55.6512212], [37.8362886, 55.651504], [37.8369903, 55.6523643], [37.8372124, 55.6526178], [37.8377182, 55.6532799], [37.8383687, 55.654242], [37.8388958, 55.6552444], [37.8390998, 55.6554661], [37.8392609, 55.6555151], [37.839514, 55.6555234], [37.8411397, 55.6551915], [37.8412659, 55.6553474], [37.8409937, 55.6554901], [37.840962, 55.6555592], [37.8412886, 55.6564203], [37.8413901, 55.6567029], [37.8415991, 55.6572848], [37.8416266, 55.6578451], [37.8412502, 55.6581057], [37.8407411, 55.6581489], [37.840133, 55.6582723], [37.8400431, 55.6585583], [37.8401094, 55.6592063], [37.8401416, 55.6598272], [37.8401094, 55.661106], [37.8400733, 55.661591], [37.8400337, 55.6621071], [37.8399432, 55.6625655], [37.8398439, 55.6630508], [37.8397197, 55.6635265], [37.8395998, 55.664007], [37.8394843, 55.6643454], [37.8393386, 55.664739], [37.8389189, 55.6659054], [37.8384642, 55.6671314], [37.8380608, 55.6682492], [37.8377967, 55.6689004], [37.8376038, 55.6695115], [37.8370572, 55.6709608], [37.8366582, 55.6720982], [37.8363444, 55.6729309], [37.8360739, 55.6735942], [37.8359147, 55.6740616], [37.8356564, 55.6747384], [37.8355601, 55.6750313], [37.8354598, 55.6753193], [37.835245, 55.6758838], [37.8351344, 55.6761718], [37.8350401, 55.6764705], [37.8349295, 55.676755], [37.8348148, 55.6770313], [37.8347041, 55.677323], [37.8345286, 55.67789], [37.8343477, 55.6784088], [37.8340993, 55.679107], [37.8337391, 55.680046], [37.8333821, 55.6809054], [37.832785, 55.6822246], [37.832464, 55.6830378], [37.8324744, 55.6834181], [37.8325244, 55.6836507], [37.8327674, 55.6840321], [37.8333804, 55.6843897], [37.8346578, 55.6846434], [37.8353761, 55.6846214], [37.835849, 55.6845695], [37.8368553, 55.6842579], [37.8380612, 55.6838111], [37.840255, 55.6829503], [37.8433949, 55.6817313], [37.8457176, 55.6807777], [37.8475612, 55.6799978], [37.8496936, 55.6790621], [37.8568896, 55.6757013], [37.8573867, 55.6760478], [37.8573732, 55.6760918], [37.8573822, 55.6761274], [37.857426, 55.6761569], [37.8576172, 55.6762848], [37.8576766, 55.6763254], [37.8578508, 55.6764437], [37.8585554, 55.6769224], [37.8587195, 55.6770283], [37.8588606, 55.6771372], [37.8589373, 55.6771966], [37.8589569, 55.6772117], [37.8589723, 55.677235], [37.8590174, 55.6773281], [37.859034, 55.6774757], [37.8590433, 55.6774968], [37.8590536, 55.6775201], [37.8594291, 55.678172], [37.8598216, 55.6788545], [37.8600056, 55.6791874], [37.8603997, 55.6799037], [37.8604133, 55.6799269], [37.8604245, 55.6799462], [37.8606025, 55.6802855], [37.8609752, 55.6809643], [37.8613401, 55.6816011], [37.8634002, 55.6850171], [37.864792, 55.68735], [37.8647708, 55.6873541], [37.8647491, 55.6881807], [37.8647451, 55.6882643], [37.8639217, 55.6887716], [37.8626251, 55.6895701], [37.8623164, 55.6897601], [37.8621659, 55.6898429], [37.8601871, 55.6909301], [37.8600053, 55.6910308], [37.8604091, 55.6913955], [37.8605004, 55.6914783], [37.8607269, 55.6916827], [37.8608128, 55.6917603], [37.8638317, 55.693539], [37.8640933, 55.6936882], [37.8608122, 55.6959065], [37.8603248, 55.6962696], [37.858739, 55.6973655], [37.8561665, 55.6987647], [37.8565458, 55.6989934], [37.858407, 55.7001244], [37.8579213, 55.7003625], [37.8573736, 55.7006232], [37.8573155, 55.7006975], [37.858176, 55.7012542], [37.853409, 55.7035402], [37.8534354, 55.7037885], [37.8523399, 55.7041954], [37.8492008, 55.7052667], [37.845551, 55.706485], [37.8439557, 55.7070257], [37.8423714, 55.7076143], [37.8413707, 55.7079663], [37.8374092, 55.7092892], [37.8360239, 55.7097759], [37.8339009, 55.7104752], [37.8273123, 55.7126833], [37.8238796, 55.713846], [37.8207278, 55.7148955], [37.8167714, 55.7162257], [37.8135815, 55.7173163], [37.8120929, 55.7178206], [37.8085731, 55.7189991], [37.8048076, 55.7202665], [37.8008113, 55.7215389], [37.7991182, 55.7221056], [37.7967705, 55.7228929], [37.7937188, 55.7239789], [37.7923071, 55.7244619], [37.789796, 55.7252929], [37.7896666, 55.7253363], [37.7790629, 55.7288887], [37.7771428, 55.729506], [37.7758967, 55.7299391], [37.7748882, 55.730387], [37.7741734, 55.7307436], [37.7738525, 55.7309061], [37.7699652, 55.7329049], [37.7692666, 55.7332536], [37.767519, 55.7341543], [37.7672992, 55.7342686], [37.7671324, 55.7343582], [37.7658912, 55.7349639], [37.7626364, 55.7365415], [37.7622053, 55.7367079], [37.7617576, 55.736857], [37.7612923, 55.7369941], [37.7609462, 55.7370778], [37.7605827, 55.7371454], [37.7599989, 55.7372466], [37.7592284, 55.7373639], [37.7585482, 55.7374528], [37.7553631, 55.7378493], [37.7539775, 55.738048], [37.7527664, 55.7382581], [37.7516218, 55.738499], [37.7504587, 55.7387998], [37.74935, 55.7391567], [37.7483921, 55.7395349], [37.7475092, 55.7399457], [37.7467226, 55.7403678], [37.7459448, 55.7408776], [37.7452873, 55.7413901], [37.7439671, 55.7425398], [37.7430994, 55.7431779], [37.7423739, 55.7436661], [37.7417423, 55.7440523], [37.7410175, 55.7444517], [37.7401818, 55.7448321], [37.7393417, 55.745177], [37.738416, 55.7454859], [37.7374472, 55.7457558], [37.7367139, 55.7459458], [37.7361885, 55.7460903], [37.7265359, 55.748647], [37.7253252, 55.7489665], [37.7244463, 55.7492324], [37.7236328, 55.7495155], [37.723015, 55.7497726], [37.7224005, 55.7500624], [37.7218517, 55.7503533], [37.7213653, 55.7506351], [37.7208398, 55.7509773], [37.7205725, 55.7511608], [37.7203092, 55.7513552], [37.7197448, 55.7518501], [37.7196118, 55.7519793], [37.7191682, 55.7524109], [37.7187188, 55.7529423], [37.7183854, 55.753419], [37.7181328, 55.7538805], [37.7179152, 55.7544051], [37.7177565, 55.7549601], [37.7176811, 55.755507], [37.7176602, 55.7559645], [37.7177132, 55.7564833], [37.7178174, 55.7569832], [37.7179697, 55.757493], [37.7181798, 55.7580182], [37.7184278, 55.758507], [37.7196735, 55.7606292], [37.7198555, 55.7609433], [37.7202489, 55.7616096], [37.7204717, 55.7620281], [37.7206319, 55.7624647], [37.7207051, 55.762784], [37.7207449, 55.7631229], [37.7208733, 55.7649463], [37.7208531, 55.7654703], [37.7207817, 55.7658833], [37.7206276, 55.7663184], [37.720389, 55.7667332], [37.7200863, 55.7671338], [37.7196127, 55.7676793], [37.7178392, 55.7695892], [37.7173674, 55.7701455], [37.7169713, 55.7707009], [37.7163027, 55.7717763], [37.7159462, 55.772298], [37.7141927, 55.7745327], [37.7137476, 55.7751129], [37.7136135, 55.7753027], [37.7135295, 55.7752599], [37.7131906, 55.7750871], [37.7125211, 55.7747538], [37.7120558, 55.7745221], [37.7118155, 55.7744125], [37.7112244, 55.7741324], [37.7104472, 55.7737404], [37.7103354, 55.7736842], [37.7102438, 55.773638], [37.7100943, 55.7735627], [37.7098662, 55.7734477], [37.7097327, 55.7733813], [37.7096495, 55.7733399], [37.7095516, 55.7732912], [37.7089719, 55.7730028], [37.708335, 55.7726858], [37.707638, 55.7723389], [37.707559, 55.7723034], [37.7073729, 55.7722195], [37.7066069, 55.7718406], [37.7056454, 55.7714303], [37.7053784, 55.7712961], [37.7053128, 55.7712589], [37.7052478, 55.7712148], [37.7051237, 55.7711112], [37.7047997, 55.7708478], [37.7047053, 55.7707874], [37.7046483, 55.7707568], [37.7045926, 55.7707272], [37.7045303, 55.7706987], [37.7044626, 55.7706727], [37.7043203, 55.7706291], [37.7041226, 55.7705799], [37.7039194, 55.7705311], [37.7037504, 55.7704873], [37.70345, 55.7703968], [37.7030704, 55.770261], [37.7026909, 55.7701177], [37.7025185, 55.770029], [37.7017986, 55.7695893], [37.700994, 55.7690925], [37.7003574, 55.7686994], [37.6994225, 55.7681042], [37.699161, 55.7679443], [37.6989332, 55.7678123], [37.6988425, 55.7677576], [37.6986184, 55.7676293], [37.6978939, 55.7671994], [37.6978519, 55.7671746], [37.6972423, 55.7668272], [37.6972239, 55.7668218], [37.6971985, 55.766815], [37.6971649, 55.7668116], [37.6971193, 55.7668146], [37.6970165, 55.766835], [37.696966, 55.7668557], [37.6969201, 55.7668751], [37.69685, 55.7669135], [37.6966058, 55.7670465], [37.6963853, 55.7671709], [37.694085, 55.7684692], [37.6935012, 55.7688168], [37.6933214, 55.7689238], [37.6932758, 55.7689468], [37.6929868, 55.769093], [37.6926003, 55.769268], [37.6924712, 55.7693341], [37.6923416, 55.7694094], [37.6921988, 55.7694899], [37.6903786, 55.7684836], [37.6890397, 55.7677738], [37.6884389, 55.7671317], [37.6872872, 55.7657026], [37.6861199, 55.7643119], [37.6858452, 55.7639835], [37.6855791, 55.7635206], [37.6858125, 55.7623329], [37.6855463, 55.7617504], [37.6853903, 55.7615256], [37.6841593, 55.7602741], [37.682588, 55.7595356], [37.6818025, 55.7593123], [37.680948, 55.7591418], [37.6802155, 55.7590725], [37.679468, 55.7590578], [37.6779878, 55.7590671], [37.6764589, 55.7591713], [37.6751216, 55.75929], [37.6739117, 55.7593699], [37.6730154, 55.7593289], [37.6722196, 55.7591778], [37.6712776, 55.758803], [37.6707731, 55.7583782], [37.6704937, 55.7579563], [37.6703968, 55.7576028], [37.6704884, 55.7574915], [37.6706815, 55.7574673], [37.6709121, 55.7574281], [37.6713575, 55.7566258], [37.6716849, 55.7561162], [37.6722576, 55.7550845], [37.6724874, 55.7547416], [37.6727058, 55.7544162], [37.672941, 55.7540014], [37.6730467, 55.7536944], [37.6730203, 55.7531707], [37.6725497, 55.7523878], [37.6718522, 55.7518007], [37.6710752, 55.7511538], [37.6705307, 55.7507487], [37.6710524, 55.7505562], [37.6717063, 55.7503866], [37.6723328, 55.7502178], [37.673106, 55.7500502], [37.6759854, 55.7495862], [37.6766426, 55.7494807], [37.6776234, 55.7493189], [37.6783597, 55.7491929], [37.6798149, 55.7489323], [37.6806621, 55.74875], [37.6815404, 55.7485298], [37.6824447, 55.7482702], [37.6832039, 55.7480005], [37.6839473, 55.7476928], [37.6847775, 55.747293], [37.6848743, 55.7473079], [37.6859699, 55.7467706], [37.6869458, 55.7463626], [37.6899429, 55.7449982], [37.6923403, 55.7438692], [37.6923035, 55.7438365], [37.6937028, 55.7431755], [37.695284, 55.7423198], [37.6961569, 55.7417027], [37.6970804, 55.7407909], [37.6979194, 55.7395896], [37.6994873, 55.7367431], [37.6998353, 55.7363169], [37.6992903, 55.7363838], [37.6988621, 55.7364362], [37.6985036, 55.7356672], [37.6984425, 55.7355814], [37.6983193, 55.7354086], [37.6982874, 55.7353611], [37.6982001, 55.7352348], [37.6971931, 55.7339046], [37.6970534, 55.7337478], [37.6970279, 55.7337074], [37.6969887, 55.7336488], [37.6961026, 55.7324705], [37.6957359, 55.7319971], [37.6951271, 55.7311849], [37.6949449, 55.7309566], [37.694439, 55.7303236], [37.6943852, 55.7302496], [37.6938048, 55.7294872], [37.6937001, 55.7293029], [37.6936027, 55.72929], [37.6933102, 55.729277], [37.6930372, 55.7292916], [37.6926416, 55.7293718], [37.6921577, 55.7295403], [37.6909432, 55.7301789], [37.6881988, 55.7317728], [37.6870785, 55.7323533], [37.686898, 55.7324468], [37.6856153, 55.7329517], [37.6854092, 55.7330418], [37.6853725, 55.7328838], [37.6854249, 55.7325699], [37.6858269, 55.7301825], [37.6858384, 55.7301132], [37.6840596, 55.7300307], [37.6841025, 55.7295836], [37.68333, 55.7291456], [37.6814418, 55.7290399], [37.6815705, 55.728472], [37.6804669, 55.7284045], [37.6804741, 55.728357], [37.6805071, 55.7281511], [37.6805216, 55.7280648], [37.6805554, 55.7277753], [37.6805675, 55.7276885], [37.6789183, 55.7282645], [37.6788894, 55.7282343], [37.6788088, 55.7281589], [37.6787479, 55.7281057], [37.6786151, 55.7279895], [37.6783788, 55.7277795], [37.6780729, 55.7275161], [37.6777335, 55.7273551], [37.6773365, 55.7272681], [37.6770527, 55.7272059], [37.6767149, 55.7271318], [37.6755974, 55.7268867], [37.6737782, 55.7264878], [37.6725668, 55.7262252], [37.6722122, 55.7261482], [37.6717489, 55.7260477], [37.6708026, 55.7258622], [37.6707189, 55.7258475], [37.6705808, 55.7258255], [37.6705097, 55.7259215], [37.6702148, 55.7263654], [37.6701003, 55.7265377], [37.6696669, 55.7272242], [37.6695856, 55.7273613], [37.6692796, 55.7278756], [37.6691561, 55.7280833], [37.6686667, 55.728906], [37.6686283, 55.7289661], [37.668525, 55.7291401], [37.6681795, 55.729701], [37.6679637, 55.7300378], [37.6677707, 55.7303546], [37.6677039, 55.7304782], [37.6676873, 55.7305484], [37.6674635, 55.7308638], [37.6668226, 55.7312158], [37.6662402, 55.7315357], [37.6658108, 55.7316353], [37.6644262, 55.7314673], [37.6640891, 55.7313893], [37.6636607, 55.7312947], [37.6633988, 55.7312508], [37.663015, 55.7311767], [37.6613351, 55.7308445], [37.6608171, 55.7307343], [37.6606902, 55.7307034]]], [[[37.9070118, 55.706991], [37.9192451, 55.7076063], [37.9206739, 55.7077962], [37.9219165, 55.7079612], [37.92258, 55.7086888], [37.9233553, 55.7095392], [37.9247941, 55.7111172], [37.9248473, 55.7111125], [37.9256924, 55.7119818], [37.9261146, 55.7121867], [37.9262538, 55.7151496], [37.9280699, 55.7161589], [37.9309325, 55.7161927], [37.9365872, 55.7162383], [37.9451088, 55.7208714], [37.9456502, 55.7208385], [37.9474751, 55.7200604], [37.948041, 55.7202503], [37.9483199, 55.7201789], [37.9494082, 55.7200523], [37.9498234, 55.720004], [37.9505098, 55.7200303], [37.9555126, 55.720222], [37.9582766, 55.7177905], [37.9584742, 55.7176168], [37.962053, 55.7171645], [37.9674277, 55.716249], [37.9673167, 55.7160403], [37.9650216, 55.7154398], [37.9606662, 55.7147541], [37.9598592, 55.7140911], [37.9667062, 55.7104986], [37.9667696, 55.7102269], [37.9659724, 55.7099605], [37.9652195, 55.7097024], [37.9640769, 55.7093106], [37.9530978, 55.7112623], [37.9496668, 55.7113411], [37.947302, 55.7085965], [37.9474461, 55.7085565], [37.9475404, 55.7085304], [37.9541942, 55.7066826], [37.9543951, 55.7069382], [37.9544833, 55.7069132], [37.9579106, 55.7059401], [37.9597448, 55.7045084], [37.9582971, 55.7030194], [37.9582196, 55.7029398], [37.9589259, 55.7026134], [37.9586376, 55.7023421], [37.9574917, 55.701312], [37.9570098, 55.7008737], [37.9560376, 55.7011036], [37.9565074, 55.7022066], [37.9557558, 55.7027316], [37.9546131, 55.702875], [37.9542085, 55.7027752], [37.9532961, 55.7020756], [37.953214, 55.7017178], [37.9530545, 55.7016145], [37.952903, 55.7013628], [37.9531582, 55.701228], [37.9533495, 55.7006091], [37.9516988, 55.7006595], [37.9494123, 55.7000074], [37.9471253, 55.7002775], [37.9466317, 55.7000094], [37.9463597, 55.699554], [37.9452369, 55.6991227], [37.9455386, 55.6980898], [37.9448392, 55.697767], [37.944716, 55.6971238], [37.9450607, 55.6968562], [37.9462307, 55.6966727], [37.9484763, 55.6951279], [37.947705, 55.6951973], [37.9482181, 55.6946498], [37.9486046, 55.6946044], [37.9490247, 55.6948756], [37.9497772, 55.6952421], [37.9508766, 55.6961866], [37.9556122, 55.6945131], [37.9539294, 55.692726], [37.9563542, 55.6927429], [37.9575784, 55.6938492], [37.9602038, 55.692774], [37.9589843, 55.69103], [37.95788, 55.6894508], [37.9581242, 55.6893998], [37.9591457, 55.6895692], [37.9594026, 55.689482], [37.9594261, 55.6894272], [37.959625, 55.6893352], [37.9599998, 55.6892733], [37.9607324, 55.6892341], [37.9611843, 55.6890271], [37.9612382, 55.6889687], [37.9609436, 55.6884701], [37.9609619, 55.6883138], [37.9611672, 55.6880814], [37.9612194, 55.6880484], [37.9616181, 55.6877957], [37.962224, 55.6876292], [37.9626213, 55.6875993], [37.9628222, 55.6875095], [37.9634547, 55.6873656], [37.9635776, 55.687194], [37.9635703, 55.6870424], [37.9632404, 55.6866712], [37.963245, 55.6865588], [37.9635972, 55.6864411], [37.9642492, 55.6864319], [37.9645394, 55.6863771], [37.9647157, 55.6862738], [37.9647712, 55.6861743], [37.9647699, 55.6860602], [37.9642361, 55.686003], [37.9635353, 55.686001], [37.9632054, 55.6859385], [37.9629044, 55.6857406], [37.9628731, 55.6856636], [37.9628388, 55.6854847], [37.9629848, 55.6850358], [37.963286, 55.6848967], [37.9637985, 55.6845183], [37.9637379, 55.684344], [37.9635694, 55.6842694], [37.9635461, 55.6841816], [37.9635536, 55.684045], [37.9636633, 55.6839601], [37.9634995, 55.683639], [37.9634911, 55.6833513], [37.9632684, 55.6830215], [37.9630378, 55.6828163], [37.9630657, 55.6823177], [37.9632816, 55.6818611], [37.9634623, 55.681766], [37.9635879, 55.6815758], [37.9635042, 55.6811248], [37.9633796, 55.680907], [37.9636059, 55.6805399], [37.9643503, 55.6800527], [37.9644024, 55.6798146], [37.9642771, 55.6796029], [37.9632634, 55.6789184], [37.9626295, 55.6782131], [37.9621227, 55.6779499], [37.9618591, 55.6777142], [37.961779, 55.6774869], [37.9618771, 55.6769603], [37.9613556, 55.6756369], [37.9614452, 55.6753794], [37.9617389, 55.6751315], [37.9626019, 55.6748992], [37.9634687, 55.6744245], [37.9637963, 55.6739042], [37.9633779, 55.673656], [37.950866, 55.6750226], [37.9496509, 55.6751617], [37.9486257, 55.6755023], [37.9355974, 55.6757771], [37.9320148, 55.6759112], [37.9316044, 55.6759643], [37.9281111, 55.6760237], [37.9271265, 55.6759524], [37.9204717, 55.676143], [37.9204728, 55.6764408], [37.9203069, 55.6768832], [37.9189363, 55.6805384], [37.9185551, 55.6807935], [37.9175378, 55.6809668], [37.9137928, 55.6816045], [37.9136128, 55.682176], [37.9132908, 55.6833168], [37.9151065, 55.6847017], [37.9155812, 55.6850758], [37.9167143, 55.6859461], [37.9172581, 55.6862674], [37.9173874, 55.687135], [37.917725, 55.6876942], [37.918603, 55.68826], [37.921247, 55.6886367], [37.9216098, 55.6886884], [37.9218654, 55.6887255], [37.9224345, 55.6888083], [37.9231926, 55.6892714], [37.9232841, 55.6893883], [37.9234435, 55.689592], [37.9246794, 55.6909433], [37.927583, 55.6939798], [37.9274049, 55.6940575], [37.9274494, 55.6941068], [37.9275086, 55.6941727], [37.927868, 55.6945885], [37.9279111, 55.6946383], [37.9282527, 55.6949993], [37.931068, 55.6956688], [37.9316952, 55.6958179], [37.935871, 55.696811], [37.9381163, 55.6965956], [37.9391259, 55.6964987], [37.939877, 55.696504], [37.9397554, 55.6966076], [37.9398066, 55.6980146], [37.9270528, 55.6982153], [37.9266714, 55.6982203], [37.9266094, 55.6982211], [37.9260679, 55.6978943], [37.924743, 55.6970421], [37.9193761, 55.6993521], [37.9189382, 55.6994252], [37.9151666, 55.6970473], [37.9141371, 55.6975245], [37.9134365, 55.6978652], [37.9134442, 55.6990206], [37.9134642, 55.7020618], [37.9134648, 55.7021704], [37.9122058, 55.7029699], [37.9122249, 55.7032165], [37.9122406, 55.7034207], [37.9113771, 55.7047767], [37.9092729, 55.7049441], [37.9078056, 55.7046341], [37.9072539, 55.7047089], [37.9061275, 55.7062585], [37.9063455, 55.7064391], [37.9070118, 55.706991]]]]}}, {"id": "0", "type": "Feature", "properties": {"name": "\u0426\u0435\u043d\u0442\u0440\u0430\u043b\u044c\u043d\u044b\u0439 \u0430\u0434\u043c\u0438\u043d\u0438\u0441\u0442\u0440\u0430\u0442\u0438\u0432\u043d\u044b\u0439 \u043e\u043a\u0440\u0443\u0433"}, "geometry": {"type": "MultiPolygon", "coordinates": [[[[37.5139297, 55.7584219], [37.5156655, 55.7590896], [37.5158155, 55.759147], [37.5166317, 55.7594597], [37.5192742, 55.7604701], [37.5199265, 55.7607219], [37.5202126, 55.7608314], [37.5203849, 55.7608975], [37.5204703, 55.7609301], [37.520785, 55.7610507], [37.5209728, 55.7611227], [37.5219435, 55.761509], [37.5225621, 55.7616884], [37.5242852, 55.7598458], [37.524388, 55.7598784], [37.525067, 55.7601079], [37.5256123, 55.7604868], [37.5271728, 55.7612451], [37.5272829, 55.7612953], [37.5273796, 55.7613355], [37.5279964, 55.7615995], [37.5280229, 55.7616109], [37.5283515, 55.7617501], [37.5284445, 55.7617892], [37.5285862, 55.7618499], [37.5294279, 55.7621928], [37.5300043, 55.7624266], [37.5303062, 55.7625545], [37.5308402, 55.7627807], [37.531397, 55.7630165], [37.5318193, 55.7632157], [37.5321189, 55.7633709], [37.532202, 55.7634162], [37.5323326, 55.7635175], [37.5324565, 55.7636367], [37.5330264, 55.7642603], [37.5330964, 55.7643369], [37.5332853, 55.764521], [37.5334427, 55.7646228], [37.5335752, 55.7647109], [37.533696, 55.7647869], [37.5339239, 55.7649299], [37.5340363, 55.7650107], [37.5341707, 55.7651495], [37.5343276, 55.7653804], [37.5346519, 55.7658905], [37.5347649, 55.7661935], [37.5360609, 55.7661038], [37.5362432, 55.7673796], [37.5366331, 55.769065], [37.5371294, 55.7697607], [37.537923, 55.7703664], [37.5389632, 55.7711285], [37.54057, 55.7719533], [37.5418631, 55.7724062], [37.5433978, 55.7727916], [37.5444339, 55.7729889], [37.546387, 55.7731054], [37.548089, 55.7731512], [37.5496059, 55.7732177], [37.5519165, 55.7734082], [37.5555062, 55.7738438], [37.5591716, 55.7742226], [37.5669172, 55.7749959], [37.5710801, 55.7754257], [37.5731174, 55.7754706], [37.5736869, 55.7754833], [37.5752326, 55.7755208], [37.5759936, 55.775608], [37.5767285, 55.7757524], [37.57746, 55.7759403], [37.5780998, 55.7761476], [37.5799897, 55.776927], [37.5802536, 55.7770469], [37.5810954, 55.7774317], [37.581307, 55.777537], [37.5814517, 55.7776161], [37.5818157, 55.7778304], [37.5820181, 55.777968], [37.5822436, 55.7781116], [37.5824559, 55.7782454], [37.5825612, 55.7783108], [37.5826646, 55.7783692], [37.5830726, 55.778599], [37.583253, 55.7787053], [37.5834176, 55.7788162], [37.5837773, 55.7790639], [37.5839104, 55.7791554], [37.5840636, 55.7792697], [37.5845745, 55.7796765], [37.5847927, 55.7798664], [37.58499, 55.7801536], [37.5851141, 55.7803426], [37.5851959, 55.7804824], [37.5854437, 55.7810152], [37.5856655, 55.7816101], [37.5858464, 55.7820591], [37.5859585, 55.7823798], [37.5860669, 55.7827004], [37.5861245, 55.7828911], [37.5862388, 55.7832466], [37.5863398, 55.7835793], [37.5863873, 55.7837797], [37.5864445, 55.7839813], [37.5865997, 55.7844372], [37.5867568, 55.7849484], [37.5868414, 55.7852386], [37.5869349, 55.7855934], [37.5870652, 55.7860529], [37.587417, 55.7874754], [37.587563, 55.7880568], [37.5876763, 55.7886389], [37.587869, 55.7897053], [37.5880302, 55.7902299], [37.5881791, 55.7907397], [37.5883209, 55.7911566], [37.5884922, 55.7916717], [37.5886332, 55.7920566], [37.5882289, 55.7923634], [37.5877996, 55.7926366], [37.5881085, 55.7925924], [37.5882178, 55.7925738], [37.5882843, 55.7925624], [37.5889043, 55.7924632], [37.5891654, 55.7924205], [37.5892442, 55.7924116], [37.589328, 55.7924067], [37.5894237, 55.792407], [37.5897623, 55.7924261], [37.589934, 55.7924333], [37.5899695, 55.7924329], [37.590176, 55.7924365], [37.590289, 55.7924367], [37.5917312, 55.792439], [37.5922392, 55.792437], [37.5927828, 55.7924349], [37.5933114, 55.7924291], [37.5934651, 55.7924211], [37.5944086, 55.7923317], [37.5954127, 55.7922483], [37.5956567, 55.7922329], [37.5958899, 55.7922256], [37.5961382, 55.7922329], [37.5963844, 55.7922463], [37.5972547, 55.7923076], [37.5982911, 55.7923959], [37.5992957, 55.7924817], [37.5993139, 55.7924048], [37.5993452, 55.792275], [37.5994982, 55.791695], [37.5995172, 55.7916172], [37.5995383, 55.7915493], [37.5996239, 55.7912733], [37.5996499, 55.79119], [37.5997258, 55.7909328], [37.5997617, 55.7908111], [37.5997853, 55.7907272], [37.5998438, 55.7905192], [37.5998997, 55.7903208], [37.5999028, 55.7903093], [37.6000739, 55.7897065], [37.600139, 55.7894771], [37.6001621, 55.7893978], [37.6002011, 55.7892748], [37.6002027, 55.7892692], [37.6002288, 55.7891793], [37.6003764, 55.7886702], [37.600396, 55.7886025], [37.6005102, 55.7882211], [37.6005689, 55.7880253], [37.6006082, 55.7879011], [37.6006336, 55.7878207], [37.6006396, 55.7878018], [37.6006686, 55.7877284], [37.6007068, 55.7876314], [37.6008318, 55.7873143], [37.6008472, 55.7872793], [37.6009454, 55.7870556], [37.6010313, 55.7868599], [37.6010966, 55.7867111], [37.6011558, 55.7865723], [37.6012425, 55.7863671], [37.6013356, 55.7861464], [37.6015258, 55.7856961], [37.6015517, 55.7856259], [37.601638, 55.7853899], [37.6016871, 55.7852602], [37.6017035, 55.7852132], [37.6017199, 55.7851689], [37.6018463, 55.7851795], [37.6019387, 55.7851856], [37.6026849, 55.7852387], [37.6028574, 55.7852512], [37.6035816, 55.7853005], [37.6037257, 55.7853079], [37.6039062, 55.7853206], [37.6043484, 55.785337], [37.6045341, 55.7853269], [37.6046803, 55.7852888], [37.6047906, 55.7852377], [37.6056838, 55.7848252], [37.6057307, 55.7848056], [37.6058516, 55.7847536], [37.6060179, 55.7846873], [37.6061407, 55.7846396], [37.6062204, 55.7846087], [37.606254, 55.784595], [37.6063181, 55.7845707], [37.606754, 55.7844048], [37.6067939, 55.7843892], [37.6072704, 55.784232], [37.6079072, 55.7840132], [37.6080578, 55.7839617], [37.6093395, 55.7835245], [37.6097475, 55.7833937], [37.6103665, 55.7831968], [37.6109297, 55.7830248], [37.6112969, 55.7829048], [37.6113854, 55.7828758], [37.6114274, 55.7828621], [37.6119029, 55.7827058], [37.6123149, 55.7825885], [37.6124491, 55.782548], [37.6125554, 55.7826518], [37.6127055, 55.7828259], [37.6127667, 55.7829063], [37.6128099, 55.7829856], [37.6129011, 55.783213], [37.6129368, 55.7833023], [37.6129803, 55.7833557], [37.6130531, 55.783397], [37.6131469, 55.7834164], [37.6132351, 55.7834256], [37.6142654, 55.7834806], [37.6146295, 55.7835], [37.6146955, 55.7834993], [37.6147653, 55.7834914], [37.6148355, 55.7834787], [37.6149102, 55.7834494], [37.6149611, 55.7834162], [37.6150049, 55.7833767], [37.6152183, 55.7830401], [37.6153517, 55.7828366], [37.6153, 55.7830486], [37.6152666, 55.7832852], [37.6152687, 55.7833851], [37.6152868, 55.7834989], [37.6154776, 55.7838834], [37.6155075, 55.7839673], [37.6155274, 55.7840752], [37.6156164, 55.7842953], [37.6158553, 55.7846847], [37.6159444, 55.7848297], [37.6161339, 55.7851499], [37.6162142, 55.7852876], [37.6162701, 55.7853819], [37.6163163, 55.7854602], [37.6166952, 55.7861014], [37.6167159, 55.7861341], [37.6167994, 55.7863831], [37.6168132, 55.7865221], [37.6168144, 55.7865337], [37.6167978, 55.7868238], [37.6167847, 55.7869586], [37.6167551, 55.7872616], [37.6167485, 55.7873371], [37.6167078, 55.7877944], [37.6167002, 55.7878526], [37.6166848, 55.7880673], [37.61667, 55.7882125], [37.6166499, 55.7884091], [37.6166361, 55.7885002], [37.6166342, 55.7885136], [37.6166325, 55.788527], [37.6166213, 55.7886126], [37.6166118, 55.7887405], [37.6165649, 55.7893713], [37.6165546, 55.7895144], [37.6165487, 55.7895963], [37.6165445, 55.7896543], [37.6165235, 55.7899443], [37.6164658, 55.790761], [37.6164298, 55.7912739], [37.6164262, 55.7913337], [37.6164237, 55.7913765], [37.6164115, 55.7915779], [37.6163843, 55.7919212], [37.6163541, 55.7923006], [37.6163495, 55.7923664], [37.6163109, 55.7929034], [37.6163097, 55.793116], [37.6163715, 55.7931155], [37.6166832, 55.7931115], [37.6169901, 55.7931057], [37.6175803, 55.7930833], [37.6181579, 55.7930569], [37.6193742, 55.7929887], [37.6213641, 55.7928551], [37.6223632, 55.7927975], [37.6234441, 55.7927467], [37.6246204, 55.7926871], [37.6279594, 55.7925078], [37.6282281, 55.7924844], [37.6285189, 55.7924501], [37.6289407, 55.7923807], [37.6297353, 55.7922408], [37.6298757, 55.792215], [37.630125, 55.7921692], [37.6306133, 55.7920795], [37.6310794, 55.7920005], [37.631313, 55.7919657], [37.6315367, 55.791937], [37.6318893, 55.7919011], [37.6324313, 55.7918625], [37.6326465, 55.7918521], [37.632883, 55.7918449], [37.6331512, 55.7918425], [37.6334136, 55.7918429], [37.6335944, 55.7918471], [37.6337763, 55.7918528], [37.6340869, 55.7918661], [37.6346376, 55.7918923], [37.6346046, 55.7922807], [37.6345055, 55.7933062], [37.6344647, 55.7938023], [37.634432, 55.7943], [37.6344312, 55.7944611], [37.6344483, 55.7946121], [37.6347473, 55.7959956], [37.634957, 55.7969453], [37.635, 55.7971703], [37.635676, 55.796732], [37.6360476, 55.7965691], [37.636271, 55.7964655], [37.6365433, 55.7963601], [37.6368303, 55.7962192], [37.6372258, 55.7960716], [37.6376888, 55.7959116], [37.6377114, 55.7959289], [37.6385285, 55.7955981], [37.6388081, 55.7954812], [37.6393584, 55.7952104], [37.6395907, 55.795105], [37.6395737, 55.7950918], [37.6395822, 55.795069], [37.6396206, 55.7950834], [37.6401683, 55.7947911], [37.6404859, 55.7946125], [37.6412787, 55.7941057], [37.6418542, 55.7937295], [37.6427046, 55.7931716], [37.642957, 55.7930115], [37.6432477, 55.7928271], [37.6461192, 55.7909534], [37.646997, 55.7906045], [37.647731, 55.7903806], [37.6482277, 55.790238], [37.6487562, 55.7901072], [37.6500628, 55.7897144], [37.6503409, 55.7896478], [37.651542, 55.78936], [37.651823, 55.7891203], [37.6556004, 55.7883845], [37.6592728, 55.7876636], [37.6596911, 55.7875793], [37.6598313, 55.7875478], [37.6598319, 55.787534], [37.6600216, 55.7875111], [37.6610226, 55.787324], [37.6625399, 55.7870344], [37.6638544, 55.7867729], [37.6640375, 55.7867382], [37.6672893, 55.7861202], [37.6722786, 55.7852207], [37.6740709, 55.7848912], [37.674579, 55.7847878], [37.6757475, 55.7845303], [37.6783088, 55.7840196], [37.6826668, 55.783163], [37.685813, 55.7825747], [37.6858873, 55.7824453], [37.6882667, 55.781899], [37.6913834, 55.7818855], [37.6925588, 55.7818989], [37.6925489, 55.78199], [37.693997, 55.782002], [37.6947381, 55.7820062], [37.6963604, 55.782047], [37.6968642, 55.7820403], [37.6991783, 55.7819725], [37.6993516, 55.7819726], [37.6995597, 55.781968], [37.6999825, 55.7819118], [37.7006113, 55.781891], [37.7012435, 55.7818504], [37.7018966, 55.7817703], [37.7025296, 55.7816544], [37.7031811, 55.7815237], [37.7043019, 55.7812393], [37.7044913, 55.7811858], [37.7052496, 55.7809934], [37.7060925, 55.7807371], [37.7071267, 55.7803836], [37.7077418, 55.7801607], [37.7082282, 55.7799391], [37.7087897, 55.7796226], [37.7093364, 55.7792844], [37.7099196, 55.7788744], [37.7104299, 55.7784491], [37.7109311, 55.7780006], [37.7126806, 55.7761711], [37.7133276, 55.7754792], [37.7135295, 55.7752599], [37.7131904, 55.775087], [37.7125211, 55.7747538], [37.7120558, 55.7745221], [37.7118155, 55.7744125], [37.7112244, 55.7741324], [37.7104472, 55.7737404], [37.7103354, 55.7736842], [37.7102438, 55.773638], [37.7100943, 55.7735627], [37.7098662, 55.7734477], [37.7097327, 55.7733813], [37.7096495, 55.7733399], [37.7095516, 55.7732912], [37.7089719, 55.7730028], [37.708335, 55.7726858], [37.707638, 55.7723389], [37.7073729, 55.7722195], [37.7066069, 55.7718406], [37.7056454, 55.7714303], [37.7053784, 55.7712961], [37.7053128, 55.7712589], [37.7052478, 55.7712148], [37.7051237, 55.7711112], [37.7047997, 55.7708478], [37.7047053, 55.7707874], [37.7046483, 55.7707568], [37.7045926, 55.7707272], [37.7045303, 55.7706987], [37.7044626, 55.7706727], [37.7043203, 55.7706291], [37.7041226, 55.7705799], [37.7039194, 55.7705311], [37.7037504, 55.7704873], [37.70345, 55.7703968], [37.7030704, 55.770261], [37.7026909, 55.7701177], [37.7025185, 55.770029], [37.7017986, 55.7695893], [37.700994, 55.7690925], [37.7003574, 55.7686994], [37.6994225, 55.7681042], [37.699161, 55.7679443], [37.6989332, 55.7678123], [37.6988425, 55.7677576], [37.6986184, 55.7676293], [37.6978939, 55.7671994], [37.6978519, 55.7671746], [37.6972423, 55.7668272], [37.6972239, 55.7668218], [37.6971985, 55.766815], [37.6971649, 55.7668116], [37.6971193, 55.7668146], [37.6970165, 55.766835], [37.696966, 55.7668557], [37.6969201, 55.7668751], [37.69685, 55.7669135], [37.6966058, 55.7670465], [37.6963853, 55.7671709], [37.694085, 55.7684692], [37.6935012, 55.7688168], [37.6933214, 55.7689238], [37.6932758, 55.7689468], [37.6929868, 55.769093], [37.6926003, 55.769268], [37.6924712, 55.7693341], [37.6923416, 55.7694094], [37.6921988, 55.7694899], [37.6903786, 55.7684836], [37.6890397, 55.7677738], [37.6884389, 55.7671317], [37.6872872, 55.7657026], [37.6861199, 55.7643119], [37.6858452, 55.7639835], [37.6855791, 55.7635206], [37.6858125, 55.7623329], [37.6855463, 55.7617504], [37.6853903, 55.7615256], [37.6841593, 55.7602741], [37.682588, 55.7595356], [37.6818025, 55.7593123], [37.680948, 55.7591418], [37.6802155, 55.7590725], [37.679468, 55.7590578], [37.6779878, 55.7590671], [37.6764589, 55.7591713], [37.6751216, 55.75929], [37.6739117, 55.7593699], [37.6730154, 55.7593289], [37.6722196, 55.7591778], [37.6712776, 55.758803], [37.6707731, 55.7583782], [37.6704937, 55.7579563], [37.6703968, 55.7576028], [37.6704884, 55.7574915], [37.6706815, 55.7574673], [37.6709121, 55.7574281], [37.6713575, 55.7566258], [37.6716849, 55.7561162], [37.6722576, 55.7550845], [37.6724874, 55.7547416], [37.6727058, 55.7544162], [37.672941, 55.7540014], [37.6730467, 55.7536944], [37.6730203, 55.7531707], [37.6725497, 55.7523878], [37.6718522, 55.7518007], [37.6710752, 55.7511538], [37.6705307, 55.7507487], [37.6710524, 55.7505562], [37.6717063, 55.7503866], [37.6723328, 55.7502178], [37.673106, 55.7500502], [37.6759854, 55.7495862], [37.6766426, 55.7494807], [37.6776234, 55.7493189], [37.6783597, 55.7491929], [37.6798149, 55.7489323], [37.6806621, 55.74875], [37.6815404, 55.7485298], [37.6824447, 55.7482702], [37.6832039, 55.7480005], [37.6839473, 55.7476928], [37.6847775, 55.747293], [37.6848743, 55.7473079], [37.6859699, 55.7467706], [37.6869458, 55.7463626], [37.6899429, 55.7449982], [37.6923403, 55.7438692], [37.6923035, 55.7438365], [37.6937028, 55.7431755], [37.695284, 55.7423198], [37.6961569, 55.7417027], [37.6970804, 55.7407909], [37.6979194, 55.7395896], [37.6994873, 55.7367431], [37.6998353, 55.7363169], [37.6992903, 55.7363838], [37.6988621, 55.7364362], [37.6985036, 55.7356672], [37.6984425, 55.7355814], [37.6983193, 55.7354086], [37.6982874, 55.7353611], [37.6982001, 55.7352348], [37.6971931, 55.7339046], [37.6970534, 55.7337478], [37.6970279, 55.7337074], [37.6969887, 55.7336488], [37.6961026, 55.7324705], [37.6957359, 55.7319971], [37.6951271, 55.7311849], [37.6949449, 55.7309566], [37.694439, 55.7303236], [37.6943852, 55.7302496], [37.6938048, 55.7294872], [37.6937001, 55.7293029], [37.6936027, 55.72929], [37.6933102, 55.729277], [37.6930372, 55.7292916], [37.6926416, 55.7293718], [37.6921577, 55.7295403], [37.6909432, 55.7301789], [37.6881988, 55.7317728], [37.6870785, 55.7323533], [37.686898, 55.7324468], [37.6856153, 55.7329517], [37.6854092, 55.7330418], [37.6853725, 55.7328838], [37.6854249, 55.7325699], [37.6858269, 55.7301825], [37.6858384, 55.7301132], [37.6840596, 55.7300307], [37.6841025, 55.7295836], [37.68333, 55.7291456], [37.6814418, 55.7290399], [37.6815705, 55.728472], [37.6804669, 55.7284045], [37.6804741, 55.728357], [37.6805071, 55.7281511], [37.6805216, 55.7280648], [37.6805554, 55.7277753], [37.6805675, 55.7276885], [37.6789183, 55.7282645], [37.6788894, 55.7282343], [37.6788088, 55.7281589], [37.6787479, 55.7281057], [37.6786151, 55.7279895], [37.6783788, 55.7277795], [37.6780729, 55.7275161], [37.6777335, 55.7273551], [37.6773365, 55.7272681], [37.6770527, 55.7272059], [37.6767149, 55.7271318], [37.6755974, 55.7268867], [37.6737782, 55.7264878], [37.6725668, 55.7262252], [37.6722122, 55.7261482], [37.6717489, 55.7260477], [37.6708026, 55.7258622], [37.6707189, 55.7258475], [37.6705808, 55.7258255], [37.6705097, 55.7259215], [37.6702148, 55.7263654], [37.6701003, 55.7265377], [37.6696669, 55.7272242], [37.6695856, 55.7273613], [37.6692796, 55.7278756], [37.6691561, 55.7280833], [37.6686667, 55.728906], [37.6686283, 55.7289661], [37.668525, 55.7291401], [37.6681795, 55.729701], [37.6679637, 55.7300378], [37.6677707, 55.7303546], [37.6677039, 55.7304782], [37.6676873, 55.7305484], [37.6674635, 55.7308638], [37.6668226, 55.7312158], [37.6662402, 55.7315357], [37.6658108, 55.7316353], [37.6644262, 55.7314673], [37.6640891, 55.7313893], [37.6636607, 55.7312947], [37.6633988, 55.7312508], [37.663015, 55.7311767], [37.6613351, 55.7308445], [37.6608171, 55.7307343], [37.6606902, 55.7307034], [37.6607618, 55.730601], [37.6622286, 55.7284447], [37.6627185, 55.7276605], [37.6630914, 55.7268628], [37.6631267, 55.7267583], [37.6629455, 55.7267454], [37.6627505, 55.726731], [37.6626316, 55.7267269], [37.6623635, 55.7267149], [37.6619943, 55.7267136], [37.6598892, 55.7266764], [37.6567175, 55.7263724], [37.6562105, 55.7270994], [37.6557668, 55.7276236], [37.6542108, 55.7288214], [37.6522857, 55.7280661], [37.6521256, 55.7281997], [37.6519972, 55.7281598], [37.6518488, 55.7281335], [37.6517504, 55.7281281], [37.6516458, 55.7281303], [37.6515535, 55.7281441], [37.6511295, 55.7282575], [37.6509685, 55.7283021], [37.6507803, 55.7283045], [37.6507319, 55.728317], [37.645995, 55.729465], [37.6459844, 55.7294513], [37.645964, 55.7294248], [37.6459446, 55.7293997], [37.6456661, 55.7290353], [37.6455742, 55.7289148], [37.644943, 55.7280767], [37.644911, 55.7280118], [37.6448981, 55.7279684], [37.6448797, 55.7278566], [37.6448724, 55.7278199], [37.6447869, 55.7274824], [37.6447237, 55.7272113], [37.6446414, 55.7268559], [37.6445229, 55.7263336], [37.644462, 55.7260664], [37.6443898, 55.725714], [37.6443198, 55.7253695], [37.6441788, 55.7244932], [37.6441337, 55.7242038], [37.6441042, 55.724015], [37.6440761, 55.7238759], [37.6440666, 55.7238281], [37.6440594, 55.7237913], [37.6440463, 55.7237262], [37.6439832, 55.7234127], [37.6438086, 55.7226214], [37.6437422, 55.7224037], [37.6434012, 55.7223923], [37.642886, 55.7223279], [37.6420645, 55.7222074], [37.6419745, 55.7221997], [37.6418821, 55.7221974], [37.6417644, 55.7222108], [37.6416908, 55.7222247], [37.6416225, 55.7222507], [37.6412627, 55.7224649], [37.6411964, 55.7224965], [37.6409978, 55.7225805], [37.6400841, 55.7228801], [37.6400072, 55.7229008], [37.6398038, 55.72295], [37.6390914, 55.7230994], [37.638375, 55.7232395], [37.6382286, 55.7232642], [37.6379142, 55.7233176], [37.6377185, 55.7233472], [37.6372098, 55.7234306], [37.6366707, 55.7235184], [37.6366034, 55.7235278], [37.6364244, 55.7235433], [37.6364041, 55.7233913], [37.6363798, 55.7233358], [37.6360924, 55.7226843], [37.6360627, 55.7226174], [37.6358306, 55.7220865], [37.6358021, 55.72202], [37.6356664, 55.7220411], [37.6343872, 55.7223137], [37.633988, 55.7223979], [37.6337153, 55.7224541], [37.6330619, 55.7225646], [37.6318754, 55.7222635], [37.6317556, 55.7222349], [37.6315352, 55.72218], [37.6314058, 55.7221496], [37.6311221, 55.7220819], [37.6302228, 55.7218748], [37.6297229, 55.7217654], [37.6279359, 55.7213743], [37.6278928, 55.7213649], [37.6276274, 55.7213366], [37.6273067, 55.7213126], [37.6270899, 55.7212963], [37.6270447, 55.7212929], [37.6268215, 55.7212762], [37.6264035, 55.7212464], [37.6256769, 55.7211947], [37.6240863, 55.7210657], [37.6239383, 55.7210537], [37.6238069, 55.721043], [37.6235854, 55.7210249], [37.6233191, 55.7210003], [37.6225805, 55.720932], [37.6223978, 55.7209029], [37.6222489, 55.7208828], [37.6221726, 55.7208718], [37.6213415, 55.7207585], [37.6213345, 55.7207572], [37.6202361, 55.7206099], [37.6197048, 55.7205387], [37.619102, 55.7204579], [37.6178976, 55.7202963], [37.6178584, 55.7202913], [37.6177488, 55.7202788], [37.6175472, 55.7202602], [37.6173353, 55.7202408], [37.6169635, 55.7202078], [37.615804, 55.7201084], [37.6157048, 55.7200999], [37.6155388, 55.7200789], [37.6154863, 55.7201681], [37.6149946, 55.7205473], [37.6148015, 55.7206912], [37.6144777, 55.7209563], [37.6143913, 55.7209991], [37.6143041, 55.7210255], [37.6142451, 55.7210391], [37.6141691, 55.7210527], [37.6121968, 55.7212378], [37.6119223, 55.7212635], [37.6116236, 55.7212915], [37.6111515, 55.7213309], [37.6108795, 55.7213536], [37.6104659, 55.7213915], [37.6104382, 55.721394], [37.6103739, 55.7213999], [37.6101834, 55.7214179], [37.6101202, 55.7214238], [37.6100957, 55.7214266], [37.6099925, 55.7211624], [37.6098889, 55.7208967], [37.609654, 55.7203025], [37.6093473, 55.7195213], [37.6093139, 55.7195261], [37.6092691, 55.7195326], [37.608995, 55.7195767], [37.6089062, 55.7195926], [37.6085199, 55.7196637], [37.607511, 55.7198492], [37.6070227, 55.7199427], [37.6066878, 55.7199943], [37.6053873, 55.7202515], [37.6052622, 55.7202755], [37.6051458, 55.7202975], [37.6034349, 55.7206447], [37.6023836, 55.7208503], [37.6015681, 55.7210149], [37.6014639, 55.7210339], [37.600683, 55.7212122], [37.6004261, 55.7212786], [37.6003099, 55.7213012], [37.598128, 55.7198467], [37.5974936, 55.7201418], [37.5972367, 55.7199632], [37.5968553, 55.7201303], [37.5968012, 55.7200931], [37.5958694, 55.7194985], [37.5957666, 55.7194239], [37.5957372, 55.7194047], [37.595022, 55.7189378], [37.5944729, 55.7185793], [37.5944117, 55.7185393], [37.5940838, 55.7183252], [37.5925649, 55.719146], [37.5926185, 55.7194059], [37.5929726, 55.7195751], [37.5928184, 55.7196453], [37.5927473, 55.7196718], [37.5927146, 55.719686], [37.5924789, 55.7195611], [37.5922284, 55.7194285], [37.5922069, 55.719293], [37.5921326, 55.7188278], [37.5914581, 55.7183647], [37.5914256, 55.7183392], [37.5907951, 55.717873], [37.5908118, 55.7177464], [37.5916661, 55.7174589], [37.5924591, 55.7169919], [37.592419, 55.7169684], [37.5925046, 55.7169234], [37.5925443, 55.7169478], [37.5926712, 55.7168706], [37.5919056, 55.7163791], [37.5917206, 55.7164483], [37.5906914, 55.7156866], [37.5905036, 55.7157456], [37.5904085, 55.7156775], [37.5899321, 55.7153367], [37.5879383, 55.7139531], [37.5884453, 55.7137628], [37.5879122, 55.7133267], [37.5878736, 55.7132951], [37.5882421, 55.7131353], [37.5883361, 55.7130958], [37.585594, 55.7110909], [37.5854794, 55.7111405], [37.5854287, 55.7111634], [37.5853471, 55.7111972], [37.5852319, 55.7112481], [37.5852018, 55.7112269], [37.5851709, 55.7112041], [37.5851013, 55.7112334], [37.5839253, 55.7110137], [37.5827864, 55.7112279], [37.582267, 55.7110348], [37.5821396, 55.7109925], [37.5816353, 55.7113479], [37.5794176, 55.7129555], [37.5776083, 55.7142057], [37.5749279, 55.7131177], [37.56961, 55.7116173], [37.5654005, 55.7107574], [37.5609953, 55.7103378], [37.5592321, 55.7102802], [37.5568728, 55.7103426], [37.5528969, 55.7109726], [37.5485158, 55.7122628], [37.5459417, 55.713687], [37.5433306, 55.7156172], [37.5418852, 55.7175946], [37.5410811, 55.7201251], [37.5411814, 55.7220558], [37.5418634, 55.7240396], [37.5430746, 55.7255663], [37.5449025, 55.7270557], [37.5452203, 55.7271912], [37.5477856, 55.728068], [37.5488288, 55.7284241], [37.5530345, 55.7299465], [37.5590625, 55.7330686], [37.5636326, 55.7350953], [37.5657503, 55.7364009], [37.5683267, 55.7385524], [37.5697769, 55.7401369], [37.5727693, 55.7434061], [37.5730331, 55.7436942], [37.5738914, 55.7447088], [37.5741337, 55.7454535], [37.5744493, 55.7463272], [37.5744922, 55.7488634], [37.5742608, 55.7495853], [37.5740201, 55.7503368], [37.5730331, 55.7514719], [37.5720599, 55.7520196], [37.5713593, 55.7524139], [37.5708015, 55.7527278], [37.5678832, 55.7533557], [37.5640208, 55.7535973], [37.5601783, 55.7530783], [37.5575617, 55.7523903], [37.5545352, 55.7514363], [37.5522808, 55.7504299], [37.5513604, 55.7500189], [37.5490434, 55.7489842], [37.5464841, 55.7478365], [37.5443443, 55.7468767], [37.5435502, 55.7465204], [37.542534, 55.7461804], [37.5403745, 55.7454576], [37.5379723, 55.7449169], [37.5367267, 55.7446363], [37.5324042, 55.7443962], [37.527972, 55.7446121], [37.5255687, 55.7453368], [37.5236375, 55.7463272], [37.5224216, 55.7472845], [37.5220496, 55.7475833], [37.5203603, 55.7498516], [37.5202286, 55.7500222], [37.5185026, 55.7525845], [37.5181443, 55.7532108], [37.5176723, 55.7546357], [37.516299, 55.7568333], [37.5145394, 55.758089], [37.5139297, 55.7584219]]]]}}, {"id": "0", "type": "Feature", "properties": {"name": "\u0417\u0430\u043f\u0430\u0434\u043d\u044b\u0439 \u0430\u0434\u043c\u0438\u043d\u0438\u0441\u0442\u0440\u0430\u0442\u0438\u0432\u043d\u044b\u0439 \u043e\u043a\u0440\u0443\u0433"}, "geometry": {"type": "MultiPolygon", "coordinates": [[[[36.908079, 55.7487516], [36.9080069, 55.7483591], [36.9078145, 55.7479205], [36.9077904, 55.7473194], [36.9071073, 55.747138], [36.9068091, 55.7471028], [36.9063665, 55.7470378], [36.906049, 55.7469566], [36.9058759, 55.7468456], [36.9057893, 55.7466858], [36.9052217, 55.7456136], [36.9047551, 55.7453943], [36.9029362, 55.7449282], [36.9028742, 55.7449123], [36.8997474, 55.7453672], [36.8996849, 55.7451316], [36.8996816, 55.7448341], [36.8996801, 55.7446957], [36.899491, 55.7444724], [36.8992375, 55.7441731], [36.8992568, 55.7436424], [36.898944, 55.7432985], [36.8989632, 55.7426594], [36.8986506, 55.7424076], [36.89862, 55.7421338], [36.8985833, 55.7418064], [36.8971979, 55.7424455], [36.8968708, 55.7421693], [36.8976837, 55.7417929], [36.8983967, 55.7414974], [36.8989152, 55.7412757], [36.8991221, 55.7411836], [36.8992183, 55.7410401], [36.8992856, 55.7407476], [36.8996992, 55.7392149], [36.8999157, 55.7388466], [36.9000552, 55.7383781], [36.8999878, 55.7377037], [36.9003342, 55.7368019], [36.9004256, 55.7363848], [36.9003101, 55.7363686], [36.9005548, 55.7351641], [36.8999301, 55.7351417], [36.9000937, 55.7347273], [36.8998772, 55.7346569], [36.8997281, 55.7337604], [36.8995453, 55.7337143], [36.8995549, 55.7336575], [36.8983104, 55.7332947], [36.897262, 55.733458], [36.8972764, 55.73331], [36.896977, 55.7333177], [36.8955144, 55.7335504], [36.8953001, 55.7336624], [36.8952916, 55.7337486], [36.8949456, 55.7338233], [36.8936163, 55.7338769], [36.8923238, 55.733762], [36.8917251, 55.7338233], [36.8913577, 55.733785], [36.891004, 55.7336777], [36.890487, 55.7336011], [36.890038, 55.7343595], [36.889344, 55.7340301], [36.8889767, 55.7342063], [36.8885413, 55.7348575], [36.8880787, 55.7344361], [36.88914, 55.7336394], [36.8895753, 55.7330266], [36.8924258, 55.7333675], [36.8940248, 55.7333322], [36.8960644, 55.7332726], [36.8972045, 55.7331101], [36.8991527, 55.7328284], [36.9015628, 55.7324086], [36.9040739, 55.7321513], [36.9053727, 55.7322379], [36.9076384, 55.7322434], [36.9089132, 55.7321594], [36.9093028, 55.7320917], [36.9098079, 55.7321838], [36.9100677, 55.7322704], [36.9108999, 55.7324492], [36.9125162, 55.732693], [36.9134446, 55.7328122], [36.9141951, 55.7328392], [36.916056, 55.7325922], [36.9169924, 55.7323498], [36.9177548, 55.7320781], [36.918842, 55.7313956], [36.9189141, 55.7310489], [36.9193904, 55.7312466], [36.9182809, 55.7323847], [36.9177911, 55.7328798], [36.917579, 55.7330759], [36.9177111, 55.7334413], [36.9208708, 55.732897], [36.9209637, 55.7330497], [36.921716, 55.7338379], [36.9218416, 55.7338858], [36.921836, 55.7339735], [36.9217882, 55.734142], [36.9218657, 55.7341824], [36.9225941, 55.7352182], [36.9237123, 55.7368148], [36.9186694, 55.7369122], [36.9169734, 55.7369188], [36.9162379, 55.7369018], [36.9149753, 55.7367589], [36.9120063, 55.736334], [36.910926, 55.7362016], [36.9107236, 55.7362346], [36.9105375, 55.7363121], [36.9103876, 55.7363935], [36.9102614, 55.7365133], [36.9101492, 55.7366626], [36.9101237, 55.736857], [36.9101503, 55.7370466], [36.9103397, 55.7376708], [36.9104103, 55.7379283], [36.9104996, 55.7384626], [36.9104673, 55.7385651], [36.9103227, 55.7386479], [36.9101722, 55.7386876], [36.9084983, 55.7386553], [36.9074766, 55.7386434], [36.9067721, 55.7386015], [36.9067007, 55.7388932], [36.9065507, 55.7392684], [36.9064401, 55.739477], [36.9063896, 55.7395704], [36.9060733, 55.7398857], [36.9058195, 55.740024], [36.9056884, 55.7401182], [36.9055568, 55.7402427], [36.9052964, 55.7405437], [36.905086, 55.7406767], [36.9048141, 55.7407935], [36.904718, 55.7408697], [36.9046807, 55.7409703], [36.9046715, 55.7410464], [36.9047587, 55.7412285], [36.9047674, 55.7413271], [36.9058225, 55.7413837], [36.9067387, 55.7414052], [36.9071574, 55.7414197], [36.9074297, 55.7414481], [36.9075798, 55.7414589], [36.9078119, 55.7414258], [36.9080318, 55.7412453], [36.908573, 55.7406066], [36.9087749, 55.7403209], [36.9089253, 55.7400573], [36.9092209, 55.7393338], [36.9094437, 55.7390942], [36.9096252, 55.7390009], [36.9100383, 55.7389012], [36.9101947, 55.738766], [36.9104086, 55.7387042], [36.9105616, 55.7385928], [36.9106168, 55.7384593], [36.9105567, 55.7381627], [36.9105022, 55.7379357], [36.9104418, 55.7376718], [36.9101958, 55.7368593], [36.910236, 55.7366725], [36.9103452, 55.7365454], [36.9104754, 55.7364423], [36.9106106, 55.7363438], [36.9107647, 55.7362825], [36.9109051, 55.7362598], [36.9111845, 55.7362718], [36.9118894, 55.7363689], [36.9149622, 55.7368137], [36.9162043, 55.7369542], [36.9171685, 55.7369754], [36.918673, 55.7369725], [36.9237425, 55.7368723], [36.9237712, 55.7369012], [36.9240219, 55.7368892], [36.9244865, 55.7371519], [36.9244808, 55.7372354], [36.9245672, 55.737292], [36.9247956, 55.7373224], [36.9252725, 55.7375963], [36.9269756, 55.7386651], [36.9290223, 55.7399237], [36.9295167, 55.7402382], [36.9305141, 55.7408487], [36.9305768, 55.7409318], [36.9308878, 55.7411107], [36.9313034, 55.7413464], [36.9324985, 55.7421195], [36.9331864, 55.7426073], [36.9335547, 55.7429431], [36.9340787, 55.7435035], [36.9344068, 55.7440207], [36.9346228, 55.744643], [36.9345287, 55.7446714], [36.9345672, 55.7447966], [36.9346619, 55.7447948], [36.9347659, 55.745218], [36.9349051, 55.7459055], [36.9352073, 55.7465526], [36.9355011, 55.7474538], [36.9356843, 55.7479619], [36.936227, 55.7495872], [36.9368492, 55.7515758], [36.9367712, 55.7515879], [36.9368458, 55.751798], [36.9369203, 55.7517926], [36.9372803, 55.7528471], [36.9375669, 55.7536925], [36.937655, 55.7539187], [36.9379801, 55.7538761], [36.9393699, 55.7537596], [36.9408181, 55.7539135], [36.9410639, 55.7543163], [36.9436315, 55.7546611], [36.9438108, 55.7536499], [36.9448021, 55.7521716], [36.9453346, 55.7515337], [36.94566, 55.7512278], [36.9460626, 55.7512859], [36.9480606, 55.7518346], [36.9481322, 55.7517342], [36.948236, 55.7517362], [36.9486079, 55.7511871], [36.9481013, 55.75077], [36.9481951, 55.7506889], [36.9483166, 55.7505927], [36.9483863, 55.7504932], [36.9479688, 55.7503205], [36.9484381, 55.7500398], [36.9467093, 55.7491353], [36.9463198, 55.7490005], [36.9461216, 55.7491337], [36.9452523, 55.7486746], [36.9449958, 55.748582], [36.944602, 55.7482261], [36.944655, 55.7481028], [36.9448737, 55.7479671], [36.9458608, 55.747483], [36.9448014, 55.7469737], [36.9453832, 55.7455499], [36.9432126, 55.743399], [36.9438571, 55.7432325], [36.9426226, 55.7420828], [36.941123, 55.7423217], [36.9410514, 55.7413664], [36.9408813, 55.7390788], [36.9407418, 55.7389495], [36.9402605, 55.7388538], [36.9396924, 55.7388605], [36.9370984, 55.7392839], [36.9366657, 55.739518], [36.9360069, 55.7395585], [36.9352279, 55.7371427], [36.9384119, 55.7370364], [36.9433288, 55.7368622], [36.9441502, 55.7368191], [36.9460306, 55.7367582], [36.9460301, 55.736654], [36.946183, 55.7365436], [36.9465424, 55.7361272], [36.9467421, 55.7360409], [36.9468661, 55.7358523], [36.9468851, 55.7350941], [36.9469458, 55.7350596], [36.9469063, 55.7347197], [36.9469267, 55.7345358], [36.9472744, 55.733889], [36.9474377, 55.7330923], [36.9476721, 55.7317613], [36.9482542, 55.7318128], [36.9501303, 55.7319591], [36.9534495, 55.732127], [36.9561337, 55.7323816], [36.957803, 55.7324899], [36.9606363, 55.732666], [36.9619977, 55.7327527], [36.9621131, 55.7331129], [36.9624162, 55.7336059], [36.9627241, 55.7339363], [36.9629357, 55.7343046], [36.9635418, 55.7349845], [36.9638786, 55.7350955], [36.9636236, 55.7354693], [36.9636477, 55.7359026], [36.9638401, 55.7361599], [36.9682139, 55.7373209], [36.9704555, 55.737792], [36.9719208, 55.7380879], [36.9729137, 55.7382179], [36.9737122, 55.7382911], [36.976391, 55.7384217], [36.9761794, 55.7387332], [36.97591, 55.738679], [36.975578, 55.7390121], [36.975346, 55.7392453], [36.9752209, 55.7392183], [36.9751536, 55.7393726], [36.9753364, 55.739416], [36.9751873, 55.7396813], [36.9748891, 55.7396001], [36.9748602, 55.7398384], [36.9754663, 55.7400903], [36.9743208, 55.7411057], [36.9775837, 55.7421556], [36.9786372, 55.7412756], [36.9796618, 55.7404307], [36.9801813, 55.7399622], [36.9806864, 55.739583], [36.9812347, 55.7390252], [36.981382, 55.7386657], [36.9821708, 55.7388546], [36.9820938, 55.7389683], [36.982291, 55.7390171], [36.982291, 55.7390442], [36.9828106, 55.7392104], [36.983238, 55.7387938], [36.9865407, 55.7392797], [36.9879983, 55.739556], [36.9886189, 55.7396237], [36.9893453, 55.7396291], [36.9896676, 55.7396047], [36.9897927, 55.7396399], [36.9900524, 55.739648], [36.9905671, 55.7399161], [36.9891432, 55.7414516], [36.9901775, 55.7418442], [36.9904661, 55.7418469], [36.9927944, 55.7414164], [36.9940932, 55.7405823], [36.9925202, 55.7398484], [36.9911203, 55.7395993], [36.9906152, 55.7395885], [36.9903988, 55.7397184], [36.9900668, 55.7395749], [36.9899224, 55.7393474], [36.9895714, 55.7393881], [36.989023, 55.7394124], [36.9885997, 55.739407], [36.9881089, 55.7393556], [36.9839526, 55.7385296], [36.9842557, 55.7383346], [36.9844385, 55.7381613], [36.984554, 55.7381884], [36.9852948, 55.737468], [36.9856074, 55.737032], [36.9857835, 55.7369354], [36.9863675, 55.7366149], [36.9864733, 55.7366068], [36.9878491, 55.7357699], [36.9895568, 55.734738], [36.9901004, 55.7350657], [36.9908797, 55.7346242], [36.9913319, 55.7349682], [36.9923998, 55.7356209], [36.9918081, 55.7359216], [36.992217, 55.7362736], [36.9935303, 55.7374355], [36.9943817, 55.7380177], [36.9953438, 55.73834], [36.9959018, 55.7383888], [36.9987015, 55.7390008], [37.0025452, 55.7398403], [37.0037478, 55.739908], [37.0045512, 55.7398701], [37.0056864, 55.7396562], [37.0051139, 55.738015], [37.004729, 55.7374382], [37.0031705, 55.7351713], [37.0023431, 55.7351307], [36.9993558, 55.7383563], [36.9965946, 55.7366338], [36.9960125, 55.7369615], [36.9954449, 55.736642], [36.9949398, 55.7368803], [36.9942711, 55.7365282], [36.9954304, 55.7359188], [36.9922411, 55.7341963], [36.9908557, 55.7334623], [36.9911587, 55.7332538], [36.9911106, 55.7332294], [36.9927269, 55.732146], [36.9935543, 55.7315609], [36.9922576, 55.7308395], [36.9877165, 55.7285967], [36.985648, 55.7273289], [36.9852374, 55.7273322], [36.9849745, 55.7273343], [36.9845127, 55.7286888], [36.9839162, 55.7295502], [36.9827232, 55.7301786], [36.9806644, 55.7321126], [36.9803565, 55.7327464], [36.9807125, 55.7331798], [36.980395, 55.7339977], [36.9797215, 55.7347561], [36.9776722, 55.7355578], [36.9738431, 55.7362565], [36.9706297, 55.7363649], [36.9671854, 55.7360236], [36.9652516, 55.7354494], [36.964684, 55.7350919], [36.9632697, 55.7337161], [36.962856, 55.7327789], [36.9628439, 55.7326032], [36.9627502, 55.7312458], [36.9620863, 55.7299294], [36.9625481, 55.729691], [36.9633948, 55.7295068], [36.962221, 55.7279574], [36.9625674, 55.7277732], [36.9633563, 55.7277461], [36.9661367, 55.7279574], [36.9664446, 55.7280549], [36.9668968, 55.7280549], [36.9679936, 55.7278057], [36.9682245, 55.7276323], [36.9688498, 55.7274319], [36.9702256, 55.72663], [36.97037, 55.726695], [36.970649, 55.7265433], [36.9711493, 55.7263537], [36.9722268, 55.7257848], [36.9728618, 55.7255952], [36.974353, 55.7253026], [36.9751612, 55.7250859], [36.9762965, 55.7241539], [36.9768545, 55.7243056], [36.9773644, 55.7241973], [36.9774029, 55.7235146], [36.9780282, 55.7233899], [36.9780763, 55.7234333], [36.9786921, 55.7233737], [36.9815687, 55.7225447], [36.9834256, 55.7214935], [36.9846474, 55.7209462], [36.9852054, 55.7213417], [36.9883226, 55.7201225], [36.9909876, 55.7190929], [36.9912378, 55.7189466], [36.9928733, 55.718822], [36.9951823, 55.7188816], [36.9959039, 55.7189954], [36.9967024, 55.7192609], [36.9975876, 55.7196673], [36.998059, 55.7200196], [36.9989826, 55.7210491], [36.99905, 55.7213201], [36.999887, 55.7229565], [37.0003584, 55.7232599], [37.0045339, 55.7248204], [37.0060732, 55.7253243], [37.0067178, 55.7247933], [37.006541, 55.7236815], [37.0069628, 55.723421], [37.007058, 55.7232026], [37.0088336, 55.723103], [37.0093234, 55.7229842], [37.0093574, 55.7226892], [37.0092078, 55.7222485], [37.0089016, 55.7217543], [37.0086845, 55.7209538], [37.0083819, 55.7200148], [37.0083234, 55.7198193], [37.0088744, 55.71985], [37.0096636, 55.7197005], [37.0103643, 55.7198653], [37.0108337, 55.7202753], [37.0113779, 55.7204515], [37.0121399, 55.7204247], [37.0119698, 55.7202906], [37.0127998, 55.7185663], [37.0119154, 55.7165085], [37.0116705, 55.7158647], [37.014759, 55.7162173], [37.0173714, 55.7156616], [37.0166707, 55.7138988], [37.016419, 55.7133891], [37.0152693, 55.7114997], [37.0149563, 55.7112276], [37.0148611, 55.7112238], [37.0148395, 55.7107633], [37.0197018, 55.7107038], [37.0229191, 55.7101071], [37.0242522, 55.7095857], [37.0234356, 55.7090155], [37.0207247, 55.7084159], [37.0206458, 55.7069193], [37.0159303, 55.7070567], [37.0158611, 55.7066014], [37.0152352, 55.7066014], [37.0152352, 55.7066819], [37.0135209, 55.7067854], [37.0135209, 55.7072952], [37.0094323, 55.7074907], [37.0110854, 55.7104036], [37.0130243, 55.7103538], [37.0132215, 55.7121589], [37.0128363, 55.7129055], [37.0119678, 55.714588], [37.0119358, 55.7146499], [37.0110242, 55.7152286], [37.0078131, 55.7147496], [37.0073437, 55.7152746], [37.0071192, 55.7153781], [37.0066906, 55.7158303], [37.0050579, 55.715447], [37.0050239, 55.7152593], [37.0040715, 55.7146538], [37.0037994, 55.7145618], [37.0042347, 55.714351], [37.0041259, 55.7142246], [37.0033504, 55.713803], [37.0029762, 55.7141632], [37.0022074, 55.7138413], [36.9995066, 55.7134466], [36.998976, 55.713186], [36.9991053, 55.7126801], [36.9991053, 55.7124847], [36.9992889, 55.7124502], [36.9992617, 55.7123237], [37.0000169, 55.711561], [37.0003774, 55.711515], [37.0006155, 55.711745], [37.0009353, 55.7119328], [37.0020782, 55.7119366], [37.0020034, 55.7115994], [37.00167, 55.7113771], [37.0015135, 55.7111509], [37.0019149, 55.7110091], [37.003364, 55.7107485], [37.0029354, 55.7098747], [37.0023435, 55.7097865], [37.002119, 55.7097367], [37.0019421, 55.7095834], [37.0019285, 55.7091924], [37.0020442, 55.7080848], [37.0002414, 55.7078854], [36.9996903, 55.7088858], [36.9994114, 55.7093074], [36.998527, 55.7102349], [36.9981392, 55.7105071], [36.9978195, 55.7108098], [36.9977515, 55.710806], [36.9975066, 55.711059], [36.9979692, 55.7113234], [36.9979488, 55.711883], [36.9980304, 55.7122892], [36.9979079, 55.712477], [36.9961255, 55.7120708], [36.9958806, 55.7123122], [36.9940098, 55.7119979], [36.9937173, 55.712316], [36.9929689, 55.7122011], [36.9928533, 55.7123007], [36.9920437, 55.7120899], [36.9956357, 55.7100088], [37.0001597, 55.707391], [37.0007992, 55.7071457], [37.0014523, 55.7070499], [37.0021967, 55.7070266], [37.0029218, 55.7070039], [37.0029014, 55.7068505], [37.0023571, 55.7062488], [37.0032211, 55.7062373], [37.0037109, 55.7060341], [37.0041735, 55.7054131], [37.011065, 55.7053211], [37.0136501, 55.705302], [37.0172353, 55.7053671], [37.0174122, 55.7065554], [37.0200858, 55.7064787], [37.0201062, 55.7067931], [37.0203443, 55.7067969], [37.0203307, 55.7064787], [37.022587, 55.706432], [37.023154, 55.7063369], [37.0234737, 55.7064327], [37.0256167, 55.7063293], [37.0290454, 55.7062679], [37.0346919, 55.7062296], [37.0346987, 55.7063063], [37.0343517, 55.7063216], [37.0344062, 55.7068122], [37.0337599, 55.7068199], [37.0337803, 55.7071993], [37.034134, 55.7071955], [37.0342157, 55.7071419], [37.0350797, 55.7071189], [37.0352702, 55.7075022], [37.0336646, 55.7084489], [37.0333041, 55.7090046], [37.033032, 55.7092001], [37.0326442, 55.7093381], [37.03127, 55.7103614], [37.0291474, 55.7118178], [37.0289365, 55.711837], [37.0283175, 55.7115572], [37.0284573, 55.7110331], [37.0275625, 55.7104911], [37.0267159, 55.7108271], [37.0262925, 55.7103176], [37.0270285, 55.7099707], [37.0266437, 55.7095588], [37.026307, 55.7095886], [37.0261963, 55.7095317], [37.0246618, 55.7097268], [37.0251621, 55.7104992], [37.0266629, 55.7118515], [37.0275144, 55.7123285], [37.0284043, 55.7125995], [37.0288902, 55.7126455], [37.0326857, 55.7137512], [37.0338402, 55.7139869], [37.0342346, 55.7132525], [37.034897, 55.7120032], [37.0353939, 55.7110656], [37.036789, 55.709762], [37.0379435, 55.7091739], [37.0399687, 55.7088433], [37.0464821, 55.7090709], [37.0523027, 55.7093122], [37.0545396, 55.7097566], [37.0566081, 55.7106862], [37.0583928, 55.712052], [37.0591817, 55.7134016], [37.0596483, 55.7157645], [37.0596387, 55.7175692], [37.060139, 55.7188833], [37.0616543, 55.7203735], [37.0633043, 55.7211782], [37.0654113, 55.7217228], [37.0679024, 55.7228781], [37.0683428, 55.722696], [37.0698827, 55.7217014], [37.0732035, 55.7193695], [37.0757507, 55.7175604], [37.0777995, 55.7161295], [37.0788461, 55.7154165], [37.0794042, 55.7154837], [37.0794207, 55.7154357], [37.0801688, 55.7155511], [37.0812103, 55.7155937], [37.0858539, 55.7155484], [37.0891359, 55.7155304], [37.0916049, 55.7155767], [37.0916049, 55.7156363], [37.093865, 55.7156629], [37.0963993, 55.7155826], [37.0964023, 55.7162999], [37.1006801, 55.7162262], [37.1009206, 55.7162886], [37.1041178, 55.7163682], [37.1056196, 55.7161339], [37.1057687, 55.7159334], [37.1058072, 55.7157871], [37.1065817, 55.7158006], [37.1076763, 55.7160637], [37.1076667, 55.7156382], [37.1107958, 55.7159154], [37.1130094, 55.7161027], [37.112533, 55.7167074], [37.1120865, 55.7170626], [37.1148677, 55.7185934], [37.1167375, 55.7199401], [37.1185607, 55.720761], [37.1188974, 55.7208232], [37.1194843, 55.7200132], [37.1203839, 55.7202137], [37.1230622, 55.7212047], [37.1222543, 55.7216479], [37.1211006, 55.7223188], [37.1209419, 55.7225301], [37.1192707, 55.7238235], [37.11929, 55.7238615], [37.1201506, 55.7242212], [37.121691, 55.7249996], [37.1218786, 55.7251676], [37.122985, 55.7256747], [37.1249703, 55.7264289], [37.1262273, 55.7269872], [37.1277752, 55.7280823], [37.1268698, 55.728826], [37.1228578, 55.7328673], [37.1215879, 55.7338884], [37.1217322, 55.734013], [37.122016, 55.7348608], [37.1169217, 55.736586], [37.1165393, 55.7370063], [37.1164022, 55.7375041], [37.1129098, 55.7377207], [37.1119669, 55.7378941], [37.1116254, 55.7380078], [37.1120054, 55.7384628], [37.112068, 55.738999], [37.1073875, 55.7415743], [37.1067573, 55.7418316], [37.1046648, 55.7422567], [37.0985902, 55.7435095], [37.0981624, 55.7435977], [37.0969672, 55.7437903], [37.0952325, 55.7435935], [37.0947957, 55.743573], [37.0941277, 55.7435876], [37.0930163, 55.7434808], [37.0924909, 55.7436487], [37.0897839, 55.7413193], [37.0894589, 55.7412477], [37.088215, 55.7414426], [37.0858717, 55.741638], [37.0853064, 55.7406701], [37.0847483, 55.74016], [37.0847415, 55.7399597], [37.084162, 55.739168], [37.0843965, 55.7391323], [37.0843269, 55.7390383], [37.0829076, 55.7377831], [37.0824479, 55.7373766], [37.0815029, 55.7361524], [37.0811121, 55.7361045], [37.0796636, 55.7357381], [37.0800539, 55.7356345], [37.0800212, 55.7354973], [37.0803826, 55.7353694], [37.0800149, 55.7351446], [37.0794846, 55.7354089], [37.0802612, 55.7343624], [37.0807326, 55.7338018], [37.0819541, 55.7327901], [37.0823539, 55.7325818], [37.0838725, 55.7322293], [37.0847675, 55.7320064], [37.0858421, 55.7316093], [37.0871811, 55.7308929], [37.0877788, 55.730724], [37.0886371, 55.7305489], [37.0907036, 55.7304443], [37.0913411, 55.7302886], [37.0927259, 55.7295541], [37.0943493, 55.7287203], [37.0945579, 55.7291023], [37.0952526, 55.729786], [37.0957682, 55.7303685], [37.0958802, 55.7306109], [37.0966969, 55.7306011], [37.096878, 55.7309173], [37.0961018, 55.7309438], [37.0962654, 55.73171], [37.0970047, 55.7316621], [37.0999866, 55.7317497], [37.1009627, 55.7320032], [37.1013243, 55.7321482], [37.101388, 55.7322065], [37.1032832, 55.7326267], [37.1037638, 55.7326219], [37.1050108, 55.7324858], [37.1051823, 55.7326387], [37.1026167, 55.7340754], [37.10287, 55.7342177], [37.1032178, 55.7340961], [37.1038984, 55.7339692], [37.1046218, 55.7339082], [37.1050671, 55.7339193], [37.1054162, 55.7339662], [37.105755, 55.7340308], [37.1062964, 55.7341959], [37.1076651, 55.7347674], [37.1079165, 55.7345655], [37.1079916, 55.7344611], [37.1102542, 55.7332288], [37.1107691, 55.7326046], [37.1110084, 55.7322845], [37.1124986, 55.7332171], [37.1143274, 55.7347993], [37.1158834, 55.7361734], [37.1194742, 55.734789], [37.1206476, 55.7327893], [37.1203157, 55.7317722], [37.1197425, 55.7312501], [37.1192922, 55.7310204], [37.1172152, 55.729579], [37.1165638, 55.7291461], [37.1159644, 55.7287447], [37.1158778, 55.7287935], [37.1152573, 55.7283953], [37.1150117, 55.7281956], [37.1145484, 55.7279445], [37.1139182, 55.7277612], [37.1132709, 55.7274234], [37.1125705, 55.7271232], [37.1112406, 55.7267132], [37.1104119, 55.726601], [37.1081948, 55.7263805], [37.1079367, 55.7264543], [37.1051885, 55.7264885], [37.1041369, 55.7264495], [37.1034416, 55.72599], [37.1033672, 55.7259872], [37.1018561, 55.7259312], [37.1017743, 55.7256928], [37.1017723, 55.7256202], [37.0990945, 55.7259513], [37.0969848, 55.7261353], [37.096223, 55.7265165], [37.0950374, 55.7282274], [37.0942617, 55.7282927], [37.0938006, 55.7282672], [37.0932309, 55.727867], [37.0897204, 55.7277559], [37.0888284, 55.7279198], [37.088474, 55.72737], [37.0851968, 55.7280204], [37.0809927, 55.7280767], [37.0790589, 55.7284684], [37.0757689, 55.729851], [37.0737774, 55.7301381], [37.0718965, 55.7298104], [37.0702369, 55.7290194], [37.0697222, 55.7278654], [37.0692989, 55.7259854], [37.0693662, 55.7242733], [37.0691642, 55.7234714], [37.0682753, 55.7231292], [37.0680005, 55.7233204], [37.0676024, 55.7231413], [37.0653772, 55.7223701], [37.0645852, 55.7231905], [37.0614459, 55.7233458], [37.0548138, 55.7236971], [37.052035, 55.7223199], [37.0501148, 55.7220462], [37.0489829, 55.7219833], [37.0488261, 55.7213876], [37.054257, 55.720357], [37.0532375, 55.7187425], [37.0525395, 55.7183531], [37.0509751, 55.7184183], [37.0471437, 55.718843], [37.046197, 55.7188016], [37.0450205, 55.7186598], [37.0442478, 55.7187635], [37.0423661, 55.7194069], [37.0421766, 55.7191502], [37.0415475, 55.7193121], [37.0409757, 55.7192852], [37.0409886, 55.719548], [37.0416977, 55.7195534], [37.0421899, 55.7194428], [37.042751, 55.7202131], [37.0426584, 55.7210281], [37.0447641, 55.7208031], [37.0465688, 55.7212581], [37.0473854, 55.7218452], [37.0476794, 55.722397], [37.0477574, 55.723524], [37.0475746, 55.7242632], [37.047325, 55.725051], [37.0467746, 55.7268231], [37.0446604, 55.7281321], [37.0433809, 55.7285276], [37.0414516, 55.7303537], [37.0405376, 55.7308982], [37.0401432, 55.7312151], [37.0389069, 55.7316322], [37.0359292, 55.7321848], [37.0347314, 55.7319627], [37.0332834, 55.7318949], [37.0316286, 55.7321631], [37.0297622, 55.7322119], [37.0272511, 55.7335201], [37.0240185, 55.7322579], [37.0233048, 55.7331091], [37.0239511, 55.7334849], [37.0248363, 55.7337855], [37.0257406, 55.7340184], [37.0267845, 55.7341376], [37.0274099, 55.7341159], [37.0282565, 55.7340049], [37.0290406, 55.7338288], [37.0291176, 55.7339643], [37.0289011, 55.7341051], [37.0284441, 55.7340726], [37.0278043, 55.7342107], [37.0266402, 55.7342378], [37.0260485, 55.7343489], [37.0254039, 55.7343814], [37.0250816, 55.7344274], [37.0251249, 55.7345303], [37.0219664, 55.7349139], [37.0220815, 55.7350277], [37.0225246, 55.7356818], [37.0225427, 55.7358662], [37.0226551, 55.7360051], [37.0225677, 55.7361109], [37.0226879, 55.7363439], [37.0229165, 55.7365324], [37.0237259, 55.7392256], [37.0242715, 55.7408832], [37.0238425, 55.7429299], [37.0204703, 55.7454183], [37.0202347, 55.7450013], [37.0163334, 55.7462604], [37.0123022, 55.7464554], [37.0124513, 55.7466503], [37.0119462, 55.746607], [37.0114796, 55.746542], [37.0114941, 55.7464174], [37.0112199, 55.746385], [37.011191, 55.7464933], [37.010989, 55.7464147], [37.0106282, 55.7463443], [37.0104743, 55.7463308], [37.0104695, 55.7464283], [37.0101808, 55.7463877], [37.010176, 55.7463037], [37.0099307, 55.7462739], [37.0099692, 55.74606], [37.0095362, 55.7460438], [37.009517, 55.7462063], [37.0087906, 55.7460898], [37.0087762, 55.7460167], [37.0080546, 55.7458109], [37.0079055, 55.7457053], [37.0068953, 55.7453317], [37.006775, 55.7454427], [37.0066403, 55.745394], [37.0064816, 55.7452288], [37.0060583, 55.7450311], [37.0054762, 55.744717], [37.0054714, 55.7446737], [37.0042014, 55.7438858], [37.0035761, 55.7434173], [37.0037492, 55.7433198], [37.0035808, 55.7431519], [37.0035038, 55.7431465], [37.0035279, 55.7429434], [37.0031863, 55.7427214], [37.0030757, 55.7427214], [37.0029218, 55.7425941], [37.002792, 55.7425941], [37.0025418, 55.7423802], [37.0022003, 55.7419307], [37.0019886, 55.7419848], [37.0016663, 55.7416437], [37.0013729, 55.7416572], [36.9992755, 55.7422746], [36.9991312, 55.7424398], [36.9992802, 55.7426293], [36.999492, 55.7431492], [37.0001076, 55.7429705], [37.0000691, 55.7430599], [36.9993813, 55.7434931], [36.9993958, 55.7436096], [36.9998383, 55.7436908], [36.9999057, 55.7435717], [37.0005551, 55.743707], [37.0006561, 55.7436745], [37.0012334, 55.7441836], [37.0007667, 55.7443813], [37.0009544, 55.7449905], [37.0015124, 55.7453994], [37.0020704, 55.7456512], [37.0025274, 55.7453804], [37.0030084, 55.745421], [37.003018, 55.7455402], [37.0056926, 55.7468588], [37.0079391, 55.7477496], [37.0081555, 55.7477279], [37.0072656, 55.7485537], [37.0060341, 55.749596], [37.0045813, 55.7485672], [37.001291, 55.7483371], [36.9989339, 55.747671], [36.9986933, 55.747866], [36.9959947, 55.7473461], [36.9950133, 55.7483046], [36.99421, 55.7484562], [36.9926081, 55.7491656], [36.9920308, 55.7488867], [36.9915787, 55.7488596], [36.9915738, 55.7488271], [36.9917855, 55.7486864], [36.9926466, 55.7490654], [36.993219, 55.7487838], [36.9937963, 55.7485185], [36.9941282, 55.7482234], [36.9951625, 55.74769], [36.9933489, 55.7469535], [36.9933633, 55.7467938], [36.9930267, 55.7458949], [36.9926707, 55.745199], [36.9925312, 55.7451421], [36.9922041, 55.7451503], [36.9920502, 55.7447089], [36.9901741, 55.7447577], [36.9885804, 55.7449255], [36.9882726, 55.7449323], [36.987245, 55.7448121], [36.9867447, 55.7446605], [36.9867206, 55.7447038], [36.9861771, 55.7445116], [36.9850081, 55.7454836], [36.9873989, 55.7464665], [36.9873363, 55.7465261], [36.9875287, 55.7465938], [36.9876345, 55.7466804], [36.9878943, 55.7470892], [36.9884042, 55.7473004], [36.9911173, 55.7484322], [36.9899965, 55.7493987], [36.9899436, 55.7490549], [36.9895539, 55.7487137], [36.9888468, 55.7486136], [36.9872353, 55.7491117], [36.9845414, 55.7502597], [36.9846857, 55.7503707], [36.9873074, 55.7517866], [36.9873748, 55.7519382], [36.9867109, 55.7528776], [36.9869563, 55.7546642], [36.9827134, 55.7576446], [36.9832041, 55.7578747], [36.9833725, 55.7577745], [36.9840748, 55.7581047], [36.9833965, 55.7585486], [36.9836418, 55.758684], [36.9832281, 55.7587922], [36.9822612, 55.7590873], [36.9819822, 55.7593661], [36.980847, 55.7597991], [36.9787544, 55.7604866], [36.977624, 55.759745], [36.9769505, 55.7592659], [36.9757431, 55.7583754], [36.9749349, 55.7572142], [36.976354, 55.7569408], [36.9807914, 55.7559098], [36.9803881, 55.7546392], [36.9803373, 55.7545417], [36.9801861, 55.7542521], [36.980162, 55.7542061], [36.9797825, 55.75378], [36.9777825, 55.7517564], [36.9776596, 55.7515842], [36.9781788, 55.7511847], [36.9780556, 55.7511083], [36.9779748, 55.7511305], [36.9778391, 55.7511678], [36.9772475, 55.7511678], [36.9768202, 55.7512216], [36.9765795, 55.7512718], [36.9760091, 55.7513908], [36.975605, 55.7515668], [36.9732252, 55.7520297], [36.9718337, 55.7521907], [36.9721769, 55.7528009], [36.9722924, 55.7533992], [36.9720133, 55.7539217], [36.9718257, 55.7533667], [36.9719412, 55.7532774], [36.9717063, 55.7524008], [36.9713386, 55.7518573], [36.9710644, 55.7518464], [36.9710403, 55.7514999], [36.9703895, 55.7495426], [36.9681318, 55.7495498], [36.9682772, 55.7487923], [36.9675508, 55.7479259], [36.9672863, 55.7476984], [36.9669591, 55.7474575], [36.966353, 55.7474521], [36.9644144, 55.7476768], [36.9644577, 55.7477932], [36.9636111, 55.7481533], [36.961634, 55.7491957], [36.9612876, 55.7492769], [36.9613117, 55.7494285], [36.9612732, 55.7494691], [36.9590074, 55.7498752], [36.9592624, 55.7500079], [36.959984, 55.7505006], [36.9606093, 55.7506549], [36.9598589, 55.7508363], [36.9589305, 55.7510096], [36.9581945, 55.7512045], [36.9577279, 55.7516377], [36.9574344, 55.751949], [36.9563713, 55.7538494], [36.9563713, 55.7539658], [36.9567369, 55.7542609], [36.9572035, 55.7543584], [36.9579203, 55.7557633], [36.9574777, 55.7572277], [36.9574008, 55.7572683], [36.9569245, 55.7582076], [36.9571073, 55.7582455], [36.9575739, 55.757317], [36.9576557, 55.7572223], [36.9582618, 55.7572764], [36.9590459, 55.7561044], [36.9593586, 55.755276], [36.9625528, 55.7554141], [36.9706584, 55.7557498], [36.9718081, 55.757945], [36.9704275, 55.7584268], [36.9680559, 55.7600373], [36.9642845, 55.7594337], [36.9569822, 55.7582753], [36.9530665, 55.757631], [36.948131, 55.7568325], [36.9448743, 55.7563047], [36.9419207, 55.7558093], [36.9394914, 55.7554168], [36.9386832, 55.755249], [36.9376634, 55.7550811], [36.9375383, 55.755027], [36.9372257, 55.7550297], [36.9358354, 55.7548267], [36.9342191, 55.7545478], [36.9341133, 55.7544883], [36.9340026, 55.7544991], [36.9332185, 55.7544071], [36.9331849, 55.7541499], [36.9329203, 55.7526366], [36.9323142, 55.7526393], [36.9319149, 55.7526014], [36.9309239, 55.7522495], [36.9285043, 55.7511747], [36.9276817, 55.7507037], [36.9249542, 55.7490847], [36.9220198, 55.7472923], [36.9210192, 55.7465802], [36.9169111, 55.7466262], [36.9159826, 55.7466723], [36.9127025, 55.7475112], [36.9093875, 55.7483591], [36.908079, 55.7487516]]], [[[37.1896871, 55.6085415], [37.1895056, 55.6083851], [37.1876823, 55.6076318], [37.187734, 55.6075252], [37.186928, 55.6071655], [37.1868921, 55.6071495], [37.1865159, 55.6069728], [37.186279, 55.606864], [37.1861379, 55.6069609], [37.1860938, 55.6069408], [37.1860561, 55.6069251], [37.184554, 55.6062608], [37.1831699, 55.6056473], [37.1840229, 55.605058], [37.1841566, 55.6049657], [37.1842421, 55.6049907], [37.1845349, 55.6047048], [37.185413, 55.6040981], [37.1858161, 55.6042132], [37.1866499, 55.6033981], [37.1864995, 55.6033467], [37.1860651, 55.6032203], [37.1853592, 55.6029853], [37.1835234, 55.6023519], [37.1844497, 55.6014042], [37.1861857, 55.6019682], [37.186343, 55.6018686], [37.1866048, 55.6017029], [37.1867525, 55.6015475], [37.1867733, 55.6015547], [37.1872233, 55.6016938], [37.1873101, 55.6016185], [37.1877603, 55.6017426], [37.1880968, 55.6018878], [37.1881765, 55.601838], [37.1892374, 55.6021088], [37.1891051, 55.6023145], [37.1893223, 55.6023728], [37.1894946, 55.6024374], [37.1897881, 55.6025401], [37.1899968, 55.6023509], [37.1901181, 55.6023887], [37.1902594, 55.6022468], [37.1901829, 55.6022261], [37.1903091, 55.6020849], [37.1905922, 55.6017863], [37.1908517, 55.6018376], [37.1908777, 55.6018016], [37.1909779, 55.6017841], [37.1909932, 55.6017777], [37.191728, 55.6018909], [37.1921287, 55.6013664], [37.1935366, 55.6019767], [37.1936756, 55.6020369], [37.1949532, 55.6025907], [37.1940282, 55.6031287], [37.1942259, 55.6032331], [37.1946603, 55.6034622], [37.1951337, 55.6037121], [37.1954901, 55.6035304], [37.1979799, 55.6049442], [37.1990591, 55.604329], [37.1980071, 55.6037315], [37.1979469, 55.6036974], [37.1982768, 55.6035403], [37.1998299, 55.6027038], [37.2004322, 55.603087], [37.2005206, 55.6032521], [37.2004742, 55.6034423], [37.2002033, 55.6037206], [37.195273, 55.6069475], [37.2006132, 55.609969], [37.2027134, 55.6091257], [37.2030003, 55.6085519], [37.2031553, 55.6082416], [37.2034174, 55.6077635], [37.2036065, 55.6074181], [37.2037877, 55.6070877], [37.203954, 55.6067841], [37.2061223, 55.6067387], [37.2066836, 55.6066932], [37.2067495, 55.6066774], [37.2072133, 55.6063978], [37.2078688, 55.6058442], [37.2085445, 55.6052023], [37.2103359, 55.6048199], [37.2123127, 55.6024834], [37.2157732, 55.6019032], [37.2182354, 55.6040205], [37.2162115, 55.6062574], [37.2144729, 55.6080385], [37.2168193, 55.609054], [37.2205808, 55.6105164], [37.2191205, 55.6118322], [37.2189943, 55.6122076], [37.2188427, 55.6124368], [37.2186527, 55.6125125], [37.2181582, 55.6125813], [37.2180338, 55.6127121], [37.2182266, 55.6134166], [37.2184558, 55.6141109], [37.2181565, 55.6142578], [37.2173752, 55.6147694], [37.2169143, 55.6150939], [37.2192462, 55.6157307], [37.2199045, 55.6158693], [37.2215666, 55.6162211], [37.2227211, 55.6163768], [37.2237006, 55.6166404], [37.2177949, 55.6184105], [37.2162354, 55.6208673], [37.2173866, 55.6216869], [37.2166717, 55.6219493], [37.2145561, 55.6227591], [37.2141214, 55.6222805], [37.2119823, 55.6205916], [37.2120723, 55.6205704], [37.2115912, 55.6201535], [37.211475, 55.6201733], [37.2114357, 55.6201687], [37.2113752, 55.6201617], [37.2112733, 55.6201053], [37.2111473, 55.6200105], [37.2099452, 55.619106], [37.2074675, 55.618112], [37.2073377, 55.6182137], [37.2068136, 55.6180512], [37.2069649, 55.6179229], [37.2071167, 55.6177944], [37.2051577, 55.6171352], [37.2049105, 55.6173552], [37.2034273, 55.6169387], [37.2037007, 55.6166449], [37.2017672, 55.6159943], [37.1996023, 55.6146835], [37.1978214, 55.6130165], [37.1967309, 55.6120696], [37.1961643, 55.6115501], [37.1960518, 55.6116092], [37.193707, 55.6104976], [37.1907685, 55.6091285], [37.1906202, 55.6090498], [37.1896871, 55.6085415]]], [[[37.2457999, 55.6019109], [37.2418515, 55.597049], [37.239801, 55.5959401], [37.2397329, 55.5957408], [37.2391661, 55.5954402], [37.2390527, 55.5954878], [37.2380027, 55.5948942], [37.2365143, 55.5940529], [37.2348773, 55.5934802], [37.2355468, 55.5883635], [37.2343539, 55.5868364], [37.2302067, 55.5853212], [37.2309814, 55.583631], [37.241949, 55.5847731], [37.2431756, 55.5842849], [37.2437283, 55.5841763], [37.2508805, 55.5827698], [37.2526637, 55.5832148], [37.2564075, 55.5841082], [37.2600648, 55.5849822], [37.2628814, 55.585648], [37.2656566, 55.5863537], [37.2674691, 55.5868222], [37.2688249, 55.5871615], [37.2703866, 55.5875544], [37.2717598, 55.5879078], [37.2738237, 55.5884361], [37.2761613, 55.5890809], [37.2775213, 55.589382], [37.2782182, 55.5896061], [37.2808706, 55.590318], [37.2840269, 55.5911133], [37.2930679, 55.593376], [37.2940439, 55.5936344], [37.2951551, 55.5939331], [37.2992284, 55.5950001], [37.3034236, 55.5960979], [37.3067833, 55.5969784], [37.3107372, 55.5979267], [37.3128374, 55.5985271], [37.3137616, 55.598784], [37.3146455, 55.5990321], [37.3137506, 55.5992018], [37.3127153, 55.6001379], [37.31263, 55.6004475], [37.3132268, 55.6008113], [37.3130338, 55.6009826], [37.3118182, 55.6012587], [37.3113236, 55.6012706], [37.3103366, 55.6011502], [37.309972, 55.6013504], [37.3096799, 55.6011936], [37.3096049, 55.601244], [37.3100846, 55.6020755], [37.3098939, 55.6028356], [37.3104575, 55.6033491], [37.3105174, 55.6038709], [37.3075183, 55.6043398], [37.3073785, 55.6045423], [37.3075466, 55.604656], [37.3074408, 55.6050839], [37.3077474, 55.605444], [37.3070555, 55.6057004], [37.3074719, 55.6058632], [37.3077324, 55.6066645], [37.308505, 55.6073864], [37.3082779, 55.6074725], [37.3096214, 55.6085861], [37.3097141, 55.6085522], [37.3098491, 55.608666], [37.3113933, 55.6079832], [37.3121136, 55.6085295], [37.3116238, 55.608715], [37.3130862, 55.6098307], [37.3132302, 55.6098613], [37.3143158, 55.6103736], [37.3144334, 55.6107762], [37.3143501, 55.611023], [37.3142769, 55.6114785], [37.3140091, 55.6115751], [37.3149697, 55.6120764], [37.3149258, 55.6124388], [37.314913, 55.6125851], [37.3147264, 55.6126903], [37.3147134, 55.6127329], [37.3147302, 55.612794], [37.3148136, 55.6128803], [37.3148802, 55.6129093], [37.3149659, 55.6129145], [37.3152018, 55.6128808], [37.3153055, 55.612877], [37.3153794, 55.6129027], [37.3154504, 55.6129327], [37.3154752, 55.6129661], [37.3154565, 55.6130265], [37.3154327, 55.6130836], [37.3153582, 55.6131568], [37.3153327, 55.6132062], [37.3152974, 55.6132404], [37.3152249, 55.6132623], [37.3150488, 55.6132762], [37.3149236, 55.6132978], [37.3148107, 55.6133421], [37.3147178, 55.613391], [37.314615, 55.6134383], [37.3143809, 55.6134903], [37.314273, 55.6135263], [37.3142241, 55.6135815], [37.3141799, 55.6136756], [37.3140785, 55.6137582], [37.3139974, 55.6138133], [37.3139217, 55.6138332], [37.3138494, 55.6138226], [37.3137419, 55.6137749], [37.3136615, 55.6137319], [37.3135892, 55.6137137], [37.3135251, 55.6137221], [37.3134693, 55.6137611], [37.3134102, 55.6138229], [37.3133643, 55.6139256], [37.3133505, 55.6140036], [37.3133721, 55.614075], [37.3133784, 55.6141398], [37.3133664, 55.6141911], [37.3132852, 55.6142786], [37.3132077, 55.6143242], [37.3131233, 55.6143582], [37.313024, 55.6143857], [37.3129113, 55.6143808], [37.3128204, 55.6143948], [37.3127513, 55.6144338], [37.3127324, 55.6144928], [37.3127775, 55.6145623], [37.3128698, 55.6146225], [37.312947, 55.614674], [37.312977, 55.6147206], [37.3129683, 55.6147663], [37.3129278, 55.6148004], [37.3127912, 55.614867], [37.3126766, 55.6149277], [37.312604, 55.6149561], [37.3125317, 55.6149655], [37.3124526, 55.6149606], [37.3123652, 55.6149271], [37.3122765, 55.6148566], [37.3122145, 55.6148041], [37.3121374, 55.6147479], [37.3120702, 55.6147287], [37.3119877, 55.6147296], [37.3118646, 55.6147627], [37.3117517, 55.6148129], [37.3116894, 55.6148414], [37.3116203, 55.6148499], [37.3115681, 55.6148337], [37.3115308, 55.6147858], [37.3114693, 55.6147498], [37.3113449, 55.6147125], [37.3112324, 55.6146837], [37.3111047, 55.6146578], [37.3109635, 55.614649], [37.3108608, 55.6146508], [37.3107956, 55.6146706], [37.3107679, 55.6147106], [37.3108214, 55.6147538], [37.3109409, 55.6147956], [37.3110753, 55.6148177], [37.3111022, 55.6148519], [37.311105, 55.6148854], [37.3110705, 55.6149368], [37.3109718, 55.6150041], [37.3108638, 55.6150743], [37.3108163, 55.6151504], [37.3107505, 55.6152025], [37.3106492, 55.6152405], [37.3105566, 55.6152528], [37.3104239, 55.6152269], [37.3102132, 55.6152177], [37.3101313, 55.6151846], [37.3100425, 55.6151178], [37.3099703, 55.6151043], [37.3098912, 55.615109], [37.3098339, 55.6151307], [37.3098116, 55.6151698], [37.3098583, 55.6153059], [37.3098881, 55.6154012], [37.3098693, 55.615442], [37.3098203, 55.6154732], [37.3097275, 55.6155016], [37.309588, 55.6155254], [37.3094146, 55.6155412], [37.3092857, 55.6155431], [37.3090948, 55.6155474], [37.3089839, 55.6155558], [37.3089147, 55.6155719], [37.3088996, 55.6155995], [37.3089448, 55.6156327], [37.3090523, 55.6156578], [37.30913, 55.6156661], [37.3092103, 55.6156827], [37.3092607, 55.6157104], [37.3092587, 55.615739], [37.3092268, 55.6157665], [37.309151, 55.615775], [37.3091054, 55.6158035], [37.3090662, 55.6159366], [37.3090407, 55.6159727], [37.3089935, 55.6159965], [37.3089361, 55.6159974], [37.3088757, 55.6159849], [37.3086893, 55.6159346], [37.3085311, 55.6159178], [37.3083997, 55.6159214], [37.3082753, 55.6159593], [37.3081345, 55.6160215], [37.3079789, 55.6161149], [37.3078907, 55.6161614], [37.3077559, 55.616205], [37.3072781, 55.6164012], [37.307185, 55.6165743], [37.3071643, 55.6165927], [37.3071602, 55.6166303], [37.3071701, 55.6166497], [37.3072223, 55.6166771], [37.3072504, 55.616708], [37.3072664, 55.6167354], [37.3073006, 55.6167548], [37.307367, 55.616788], [37.3074593, 55.6168544], [37.3074973, 55.6168942], [37.3075435, 55.6169331], [37.3075616, 55.616964], [37.3075734, 55.6170084], [37.3075753, 55.6170518], [37.3075912, 55.617077], [37.3076293, 55.6171089], [37.3076454, 55.617133], [37.3076392, 55.6171592], [37.307607, 55.6171876], [37.3075747, 55.6172001], [37.3074918, 55.6172171], [37.3074313, 55.6172341], [37.3073949, 55.6172363], [37.3073425, 55.6172363], [37.3073083, 55.6172374], [37.307272, 55.6172521], [37.3072275, 55.6172658], [37.3071509, 55.6172782], [37.3070702, 55.6173032], [37.3070096, 55.6173282], [37.306941, 55.6173463], [37.306828, 55.6173827], [37.3067712, 55.6174191], [37.3067066, 55.6174668], [37.3066783, 55.6174896], [37.3066055, 55.6175248], [37.3065288, 55.6175521], [37.3064299, 55.6175804], [37.3063793, 55.6176101], [37.3063166, 55.617643], [37.3062499, 55.6176692], [37.3062055, 55.6176771], [37.3061571, 55.6176816], [37.3060986, 55.6177019], [37.306048, 55.6177327], [37.3060157, 55.6177452], [37.3059634, 55.6177543], [37.3058906, 55.617777], [37.3058482, 55.6178066], [37.3058138, 55.6178202], [37.3057675, 55.6178179], [37.3057092, 55.6178098], [37.305677, 55.6178097], [37.3056404, 55.617821], [37.3055919, 55.6178461], [37.3055595, 55.6178905], [37.3055433, 55.6179008], [37.305511, 55.6179076], [37.3053638, 55.6179484], [37.3053153, 55.61795], [37.3052972, 55.6179506], [37.305265, 55.617946], [37.3052227, 55.6179356], [37.3052146, 55.6179207], [37.3052088, 55.6178991], [37.3052007, 55.6178888], [37.3051745, 55.6178774], [37.3051504, 55.6178773], [37.305104, 55.6178943], [37.3050252, 55.617917], [37.3049688, 55.6179283], [37.3049325, 55.6179282], [37.3048437, 55.6179133], [37.304743, 55.6179131], [37.3046927, 55.617912], [37.3045637, 55.6179003], [37.3044509, 55.6179036], [37.304346, 55.6179125], [37.3042613, 55.6179227], [37.3041887, 55.617934], [37.304108, 55.6179349], [37.3039265, 55.6179484], [37.3037794, 55.6179686], [37.3036341, 55.6179764], [37.3035597, 55.6179763], [37.3035233, 55.6179774], [37.3034849, 55.6179864], [37.3034546, 55.6180091], [37.3034243, 55.6180445], [37.3034081, 55.6180513], [37.3033656, 55.6180546], [37.3033111, 55.6180546], [37.303285, 55.6180568], [37.3032204, 55.6180796], [37.3031762, 55.6180886], [37.3030955, 55.6180953], [37.3030712, 55.6180953], [37.3029642, 55.6181225], [37.3028755, 55.6181212], [37.3027868, 55.6181154], [37.3027465, 55.6181152], [37.3026739, 55.618122], [37.3026215, 55.618123], [37.3025288, 55.6181229], [37.3024845, 55.618124], [37.3024422, 55.6181319], [37.3024199, 55.6181455], [37.3023897, 55.6181455], [37.3023573, 55.6181398], [37.302303, 55.6181249], [37.3022687, 55.6181213], [37.3022346, 55.6181258], [37.302166, 55.6181485], [37.3021093, 55.6181588], [37.3020711, 55.6181588], [37.3020389, 55.6181506], [37.3020067, 55.6181506], [37.3019743, 55.618155], [37.3019119, 55.6181744], [37.3018695, 55.6181801], [37.301805, 55.6181765], [37.3017645, 55.6181753], [37.3017404, 55.6181798], [37.3017263, 55.6181912], [37.3017081, 55.6182003], [37.3016939, 55.6182002], [37.3016658, 55.6181968], [37.3016095, 55.6181808], [37.3015791, 55.6181807], [37.3015429, 55.618183], [37.3015045, 55.6181965], [37.3014762, 55.6182103], [37.3014521, 55.6182102], [37.301432, 55.618209], [37.3013998, 55.6182009], [37.3013736, 55.6182009], [37.3013148, 55.6182145], [37.3012343, 55.6182155], [37.3012182, 55.6182223], [37.3011959, 55.6182372], [37.3011799, 55.6182462], [37.3011637, 55.6182461], [37.3011436, 55.6182347], [37.3011355, 55.6182279], [37.3010851, 55.6182256], [37.3010307, 55.6182299], [37.300956, 55.6182378], [37.3008693, 55.6182491], [37.300833, 55.6182548], [37.3008149, 55.6182708], [37.3007886, 55.6182775], [37.3007501, 55.6182968], [37.3007298, 55.6183241], [37.3007137, 55.6183345], [37.3006894, 55.6183379], [37.3006471, 55.6183378], [37.3006108, 55.618332], [37.3005607, 55.6183148], [37.3005345, 55.6183148], [37.3004879, 55.6183238], [37.3004517, 55.618334], [37.3003608, 55.6183429], [37.3003327, 55.6183703], [37.3003103, 55.6183851], [37.3002699, 55.6183884], [37.3002296, 55.6183987], [37.300173, 55.6184283], [37.3001143, 55.6184784], [37.3000758, 55.618525], [37.3000514, 55.618549], [37.3000211, 55.6185637], [37.2999766, 55.6185762], [37.2999504, 55.6185989], [37.299906, 55.6186194], [37.2998172, 55.6186306], [37.2997022, 55.6186488], [37.2996216, 55.6186543], [37.2995812, 55.618661], [37.2995288, 55.6186747], [37.2994783, 55.6186747], [37.299422, 55.6186666], [37.2993474, 55.6186618], [37.2992929, 55.6186572], [37.2992468, 55.61864], [37.2992084, 55.6186332], [37.299146, 55.618633], [37.2991096, 55.618642], [37.2990794, 55.6186592], [37.2990571, 55.6186625], [37.2989987, 55.6186624], [37.2989704, 55.6186692], [37.29894, 55.6187114], [37.2988611, 55.6187387], [37.2988228, 55.6187682], [37.2987721, 55.6187966], [37.2987299, 55.6188103], [37.2986753, 55.6188148], [37.2986171, 55.6187987], [37.2985548, 55.6187496], [37.2985046, 55.6187072], [37.2984525, 55.6186524], [37.2984104, 55.6186055], [37.2983623, 55.6185747], [37.2983199, 55.6185587], [37.2982756, 55.6185529], [37.2982513, 55.6185528], [37.2980942, 55.6184328], [37.2980528, 55.6183666], [37.2977397, 55.6181288], [37.2974047, 55.6181853], [37.2972634, 55.6181896], [37.2971467, 55.6181803], [37.2970893, 55.6181581], [37.2960474, 55.616945], [37.2952458, 55.6153419], [37.2949559, 55.6152424], [37.2947868, 55.6150373], [37.2946511, 55.6150298], [37.2942518, 55.6148639], [37.2941058, 55.6146967], [37.2939433, 55.614655], [37.2926028, 55.615481], [37.2919116, 55.6157606], [37.2918895, 55.6157448], [37.2904161, 55.6164009], [37.2903839, 55.6163776], [37.2897157, 55.616726], [37.2893328, 55.6166826], [37.288682, 55.6168669], [37.2886385, 55.6167271], [37.2881675, 55.6163965], [37.2881574, 55.6165393], [37.2875795, 55.6162835], [37.2870948, 55.6163057], [37.2838034, 55.615189], [37.2825174, 55.6153969], [37.281852, 55.6152612], [37.2816292, 55.615145], [37.2814256, 55.6152627], [37.2814238, 55.6152605], [37.2813614, 55.6152969], [37.2812393, 55.615207], [37.2804461, 55.6156819], [37.2805294, 55.6157811], [37.2804407, 55.6158332], [37.2825857, 55.6183632], [37.2824154, 55.6184382], [37.2829362, 55.6191284], [37.2821858, 55.6193137], [37.2818338, 55.6188452], [37.2814019, 55.6185225], [37.2811353, 55.6181254], [37.2808773, 55.6179567], [37.2805615, 55.6177503], [37.2804365, 55.6176619], [37.2799812, 55.6173713], [37.2798393, 55.6171837], [37.2792363, 55.6163868], [37.2782423, 55.6169796], [37.2770934, 55.6176647], [37.2758327, 55.6184165], [37.2750144, 55.6189044], [37.2741639, 55.6194116], [37.2740911, 55.619455], [37.2740353, 55.6194883], [37.2739323, 55.6195497], [37.2734142, 55.6193875], [37.2733732, 55.6193753], [37.272894, 55.6192228], [37.2727419, 55.6189855], [37.2724035, 55.618876], [37.2720752, 55.618947], [37.2720076, 55.6189], [37.2717896, 55.6187617], [37.2717543, 55.6187393], [37.2714516, 55.618506], [37.2707027, 55.6179287], [37.2701554, 55.6175189], [37.2698777, 55.6173056], [37.2695356, 55.6171197], [37.2690776, 55.6168837], [37.2683265, 55.6164903], [37.2683072, 55.6165022], [37.2677707, 55.6162686], [37.2674183, 55.6161113], [37.2664325, 55.6157378], [37.2634755, 55.6144149], [37.2631392, 55.61471], [37.2629004, 55.615087], [37.2615864, 55.6170912], [37.2615184, 55.6173191], [37.2615259, 55.6178275], [37.2613513, 55.6178374], [37.2610394, 55.6177041], [37.2592166, 55.6173642], [37.2591111, 55.6174909], [37.2585546, 55.6173598], [37.2587068, 55.6172331], [37.2559485, 55.616644], [37.2552051, 55.6164853], [37.2548988, 55.6163721], [37.2540879, 55.6160158], [37.2528612, 55.6154236], [37.2509954, 55.6144471], [37.2501431, 55.6148701], [37.2503671, 55.6149381], [37.249144, 55.6149818], [37.2491434, 55.6147521], [37.248885, 55.6145658], [37.2488705, 55.6144711], [37.2480339, 55.6139248], [37.2522772, 55.610792], [37.2536998, 55.6097814], [37.2506764, 55.6084256], [37.2500357, 55.6067861], [37.2495807, 55.6049631], [37.2493383, 55.6040761], [37.2492225, 55.603894], [37.2491423, 55.6037643], [37.2490034, 55.6035917], [37.2484361, 55.6031245], [37.2483342, 55.6030376], [37.2473791, 55.6025829], [37.2465588, 55.6022498], [37.2457999, 55.6019109]]], [[[37.2982173, 55.7976281], [37.2944673, 55.7967167], [37.2944097, 55.7967872], [37.2941174, 55.7967126], [37.2941684, 55.7966347], [37.2931684, 55.7963971], [37.2932645, 55.7980647], [37.290502, 55.8019897], [37.2954221, 55.8029975], [37.2966321, 55.8032024], [37.2977692, 55.803354], [37.2986365, 55.8034501], [37.2996863, 55.8035219], [37.3035641, 55.8035588], [37.3032652, 55.8031819], [37.3029227, 55.8024772], [37.3027769, 55.8012728], [37.3023539, 55.7986335], [37.2982173, 55.7976281]]], [[[37.3079191, 55.7972282], [37.3080428, 55.7969743], [37.3091117, 55.7971293], [37.3091617, 55.7968921], [37.3091866, 55.796774], [37.3093743, 55.7958481], [37.3097394, 55.7960182], [37.3116774, 55.7963949], [37.3114403, 55.7967947], [37.3118836, 55.7968584], [37.3126617, 55.7956909], [37.3137376, 55.7959892], [37.3136428, 55.7961288], [37.3137882, 55.7962856], [37.3147764, 55.7966539], [37.315274, 55.7968902], [37.3154952, 55.7966253], [37.3155448, 55.796614], [37.3152007, 55.796163], [37.315247, 55.7961368], [37.315849, 55.7963533], [37.3162922, 55.7963769], [37.31654, 55.7962386], [37.3167382, 55.7957912], [37.3177473, 55.7961169], [37.31843, 55.7964261], [37.3187113, 55.7964922], [37.319386, 55.7966376], [37.3193577, 55.7967866], [37.3191616, 55.7970112], [37.3191509, 55.7972729], [37.3197747, 55.7975013], [37.3202952, 55.7976697], [37.320955, 55.7978203], [37.3216559, 55.7977624], [37.3225685, 55.797415], [37.3235735, 55.7971166], [37.3240838, 55.7971166], [37.3247538, 55.7968559], [37.3249703, 55.7966009], [37.3250064, 55.79643], [37.3245271, 55.796288], [37.3244085, 55.7963865], [37.3247281, 55.7966009], [37.3246147, 55.7966965], [37.3243879, 55.7968124], [37.3233931, 55.7970036], [37.3233777, 55.7968935], [37.3232952, 55.7968993], [37.3231509, 55.7970297], [37.3213211, 55.7962358], [37.3213108, 55.7961286], [37.3179918, 55.7950271], [37.3170698, 55.7950391], [37.3169585, 55.7947516], [37.3143887, 55.7936861], [37.3149196, 55.7933934], [37.3158938, 55.7930051], [37.3162288, 55.7929124], [37.3164556, 55.7928776], [37.3164453, 55.7927791], [37.3160432, 55.7926661], [37.3115333, 55.7925879], [37.3105643, 55.7923097], [37.3100592, 55.7920866], [37.3107138, 55.7915186], [37.3112292, 55.7912347], [37.3114354, 55.7912347], [37.3124868, 55.7909797], [37.3128219, 55.7908116], [37.31326, 55.7903074], [37.3137084, 55.7901161], [37.3141156, 55.789835], [37.3145021, 55.789383], [37.3148423, 55.7887628], [37.315399, 55.7884035], [37.3154144, 55.7882412], [37.3145279, 55.7882412], [37.3145898, 55.7880644], [37.3141156, 55.7880586], [37.3128801, 55.7877903], [37.3123887, 55.7870575], [37.3106059, 55.7844642], [37.3115518, 55.7841496], [37.3118433, 55.7801654], [37.3127201, 55.7798866], [37.3131458, 55.7797513], [37.312827, 55.7863845], [37.3154075, 55.7855365], [37.3178875, 55.7847147], [37.3192926, 55.7842721], [37.3222351, 55.7833587], [37.3246984, 55.7824278], [37.327816, 55.7812464], [37.3284093, 55.7810864], [37.3278008, 55.780016], [37.326803, 55.7793281], [37.325376, 55.7790988], [37.3251358, 55.7790494], [37.3243365, 55.7786025], [37.3234665, 55.7777055], [37.3240236, 55.7775334], [37.3229728, 55.7767335], [37.3224149, 55.7769447], [37.3153017, 55.7746034], [37.3116324, 55.7752552], [37.3108515, 55.775436], [37.3098117, 55.7719721], [37.3093795, 55.7712045], [37.3092909, 55.7711008], [37.3084936, 55.7705912], [37.3099097, 55.7699998], [37.311442, 55.7694494], [37.3127565, 55.769081], [37.3143587, 55.7691248], [37.316035, 55.7691492], [37.3174229, 55.7692906], [37.3189368, 55.7695065], [37.3192725, 55.7689725], [37.3207022, 55.7668207], [37.3229539, 55.7669578], [37.324072, 55.7670194], [37.3255419, 55.7671056], [37.3271802, 55.7672065], [37.3273495, 55.7672245], [37.3285487, 55.7672942], [37.3287192, 55.7672931], [37.3296449, 55.7674265], [37.3305401, 55.7678458], [37.3322474, 55.767984], [37.3322455, 55.7682484], [37.3324119, 55.7682964], [37.3323382, 55.7686881], [37.3321111, 55.768689], [37.3320915, 55.7688573], [37.3320438, 55.7699828], [37.3319585, 55.7713753], [37.3320311, 55.7715445], [37.3323016, 55.7719341], [37.3366541, 55.7711801], [37.3382838, 55.7712914], [37.3395161, 55.7707177], [37.3392543, 55.7705987], [37.3403335, 55.7704036], [37.3383437, 55.7692766], [37.3398609, 55.7690197], [37.3444968, 55.7685981], [37.3445011, 55.7693467], [37.3445145, 55.7697565], [37.3450037, 55.7697336], [37.3457275, 55.7695935], [37.3459158, 55.7695572], [37.3464189, 55.76957], [37.347067, 55.7695512], [37.347392, 55.7698176], [37.3477342, 55.7701623], [37.3481055, 55.7700806], [37.3484686, 55.7701745], [37.3487426, 55.7706852], [37.3486378, 55.7707326], [37.3502015, 55.7724093], [37.3506306, 55.7728787], [37.3524395, 55.7737624], [37.3524784, 55.7741673], [37.3524632, 55.7743212], [37.3522537, 55.7764698], [37.3523899, 55.77751], [37.3521938, 55.7776802], [37.3524529, 55.7778156], [37.3522318, 55.7780271], [37.3542857, 55.7793472], [37.3555297, 55.7801439], [37.3565423, 55.7807517], [37.3575296, 55.7813366], [37.3576919, 55.7814398], [37.3577644, 55.7814848], [37.3578795, 55.7815499], [37.3579933, 55.7816006], [37.3588167, 55.78206], [37.3593961, 55.782408], [37.359469, 55.7824514], [37.3603782, 55.7830006], [37.3605084, 55.7830987], [37.3605627, 55.7831669], [37.3605802, 55.7832407], [37.3605672, 55.7833159], [37.3604851, 55.7834239], [37.3602583, 55.7835957], [37.3594888, 55.783967], [37.359615, 55.78403], [37.3616346, 55.7850581], [37.3665422, 55.7867143], [37.3670921, 55.7869869], [37.3677341, 55.7871721], [37.3698742, 55.7878081], [37.3705101, 55.7880302], [37.3705061, 55.7882383], [37.3699896, 55.7887601], [37.3687827, 55.7895744], [37.3680102, 55.7899212], [37.3672967, 55.7901113], [37.3656659, 55.7905124], [37.3638435, 55.7909669], [37.3611837, 55.7916158], [37.3606125, 55.7916811], [37.3578174, 55.7925682], [37.3531093, 55.7943681], [37.3486793, 55.7964211], [37.3499482, 55.7969932], [37.3505168, 55.7970143], [37.3520939, 55.797147], [37.3535686, 55.7986692], [37.3538935, 55.798865], [37.3575402, 55.8000128], [37.3594884, 55.8012546], [37.3590548, 55.8023681], [37.3582767, 55.8032658], [37.3582512, 55.8033426], [37.3578356, 55.8033099], [37.3577996, 55.8034326], [37.3576734, 55.8034306], [37.3576685, 55.8034566], [37.3576024, 55.8034701], [37.3574977, 55.8034784], [37.3571808, 55.8037046], [37.3494535, 55.8064784], [37.3478479, 55.8066493], [37.3427757, 55.8051113], [37.3361041, 55.8020657], [37.3349988, 55.8010969], [37.3344983, 55.7999625], [37.334486, 55.7996108], [37.3276039, 55.8002945], [37.3251505, 55.8005495], [37.323161, 55.8007233], [37.32179, 55.8007522], [37.3211611, 55.8006132], [37.3205736, 55.8005552], [37.3204547, 55.8003742], [37.3203502, 55.8003887], [37.3195118, 55.8005089], [37.3193805, 55.8004785], [37.3163677, 55.7993964], [37.3150614, 55.7992883], [37.3147699, 55.7992573], [37.3143061, 55.7981332], [37.3118948, 55.7978565], [37.3102961, 55.7976755], [37.3079191, 55.7972282]]], [[[37.3262279, 55.68276], [37.3291594, 55.6819169], [37.3295948, 55.681884], [37.3299631, 55.6816479], [37.3311842, 55.6813247], [37.3312804, 55.6814171], [37.3316435, 55.6812479], [37.3332834, 55.6806896], [37.3335411, 55.6805289], [37.3337312, 55.6804654], [37.3336913, 55.6804245], [37.3460858, 55.6762988], [37.3489862, 55.678562], [37.3542991, 55.676321], [37.3564887, 55.6783159], [37.3574845, 55.6792432], [37.3580956, 55.6790776], [37.3586273, 55.679595], [37.3589283, 55.6798956], [37.3611, 55.6820978], [37.3550715, 55.6855232], [37.3555625, 55.6860259], [37.3556746, 55.6861406], [37.3566586, 55.6877063], [37.3558015, 55.6874558], [37.3562459, 55.6886278], [37.3567062, 55.6893346], [37.3567538, 55.6899608], [37.3569354, 55.6901208], [37.3572617, 55.6904081], [37.3579918, 55.6917687], [37.3583976, 55.6916832], [37.3592741, 55.6914038], [37.3592063, 55.6909133], [37.3594169, 55.6908261], [37.3602348, 55.6905368], [37.3608118, 55.6902991], [37.3609638, 55.6902162], [37.361118, 55.6901107], [37.361096, 55.6899881], [37.3610077, 55.689933], [37.3606971, 55.6897935], [37.3596676, 55.6890355], [37.3600239, 55.6889241], [37.3639508, 55.6877694], [37.3643544, 55.6882413], [37.3635283, 55.6885363], [37.362729, 55.6888101], [37.3633645, 55.6899639], [37.3643209, 55.6906915], [37.3653644, 55.6902529], [37.3661031, 55.6900987], [37.3666553, 55.6907831], [37.3668292, 55.6909352], [37.3671975, 55.6911593], [37.3672436, 55.6912275], [37.3672629, 55.6912203], [37.3672916, 55.6912096], [37.3675874, 55.6914629], [37.3679036, 55.6917278], [37.3701312, 55.6914605], [37.3728959, 55.6911025], [37.371502, 55.6900401], [37.3716494, 55.6899981], [37.3725327, 55.6897471], [37.3732577, 55.6895236], [37.3748651, 55.6889363], [37.3771988, 55.6906146], [37.37755, 55.6908104], [37.3810708, 55.692636], [37.381334, 55.6924707], [37.3828032, 55.6932217], [37.3832198, 55.6932411], [37.3833753, 55.6932199], [37.383474, 55.6931174], [37.3834965, 55.6930794], [37.3836932, 55.6930726], [37.3838302, 55.6931701], [37.383847, 55.6934804], [37.3838981, 55.6935219], [37.3839318, 55.6936265], [37.3840283, 55.6937452], [37.3841383, 55.6938261], [37.3842094, 55.6938646], [37.3901959, 55.6967759], [37.3933396, 55.6949401], [37.3936145, 55.6947793], [37.3936964, 55.694813], [37.393859, 55.6948984], [37.3939655, 55.6949852], [37.3940861, 55.6950785], [37.3941394, 55.6951591], [37.3941703, 55.6952618], [37.394155, 55.6954966], [37.394103, 55.6956743], [37.3940906, 55.6957874], [37.3941282, 55.6959809], [37.394145, 55.6961026], [37.3941703, 55.6961911], [37.3942363, 55.696288], [37.3943217, 55.6963586], [37.3944338, 55.6964218], [37.3945768, 55.6964739], [37.3947142, 55.6964961], [37.3949886, 55.696496], [37.3951825, 55.6965087], [37.3953395, 55.6965593], [37.3954736, 55.6965981], [37.3956816, 55.6966114], [37.3959256, 55.6966083], [37.3961022, 55.6965909], [37.396234, 55.6965482], [37.3963854, 55.6965245], [37.3966154, 55.6965229], [37.3965761, 55.6966686], [37.3961618, 55.6978172], [37.3958119, 55.6983311], [37.3955557, 55.6985603], [37.3950829, 55.6989225], [37.3952771, 55.6989981], [37.3959055, 55.6984425], [37.3961248, 55.6982156], [37.3963275, 55.6978836], [37.396864, 55.6965214], [37.3969107, 55.6965242], [37.3972463, 55.6965514], [37.3974033, 55.6966051], [37.3975526, 55.6966707], [37.3976529, 55.6967521], [37.3977202, 55.6968485], [37.3977931, 55.6969733], [37.3978503, 55.6970641], [37.397908, 55.6971219], [37.3980735, 55.6972262], [37.3982165, 55.6973131], [37.3983353, 55.6973719], [37.3984857, 55.6974142], [37.3986904, 55.6974585], [37.398942, 55.6974912], [37.3992041, 55.6975208], [37.400691, 55.6978905], [37.4008323, 55.6979391], [37.4010826, 55.6980682], [37.401418, 55.6983077], [37.4021617, 55.6988389], [37.4040926, 55.6974066], [37.4083932, 55.6942242], [37.4103742, 55.6926291], [37.4116931, 55.691286], [37.4121665, 55.6907084], [37.4124023, 55.6904191], [37.4125257, 55.6902312], [37.4133068, 55.6889001], [37.4137834, 55.6881235], [37.4138545, 55.6879925], [37.4146069, 55.6859316], [37.414734, 55.6859515], [37.41496, 55.6852669], [37.4149591, 55.6849735], [37.4148995, 55.684886], [37.4148593, 55.684816], [37.414704, 55.6841332], [37.4146766, 55.6841046], [37.4146829, 55.6839547], [37.4146952, 55.683798], [37.414714, 55.6836829], [37.4147409, 55.6835843], [37.4147714, 55.6834795], [37.4148219, 55.6833438], [37.4148634, 55.6832548], [37.4149371, 55.6831225], [37.4149966, 55.682983], [37.4150661, 55.6828338], [37.4151246, 55.6826945], [37.4151502, 55.6826121], [37.4151749, 55.6825086], [37.4151603, 55.6824256], [37.4148794, 55.6822889], [37.4146758, 55.6822001], [37.4143513, 55.6820786], [37.4142093, 55.6820281], [37.414376, 55.6818551], [37.4146012, 55.681932], [37.4148455, 55.6820183], [37.4151035, 55.6821098], [37.4151963, 55.6821004], [37.4153349, 55.6820779], [37.4154479, 55.6820433], [37.4161435, 55.6816553], [37.4172943, 55.680985], [37.4172141, 55.6809523], [37.4173185, 55.6808901], [37.4174809, 55.6807761], [37.4152728, 55.6799079], [37.4133888, 55.6791858], [37.4133271, 55.6790954], [37.4117686, 55.678501], [37.4105849, 55.6780483], [37.4112904, 55.6774908], [37.4102139, 55.6770208], [37.4103127, 55.6769593], [37.4098153, 55.6766969], [37.4089252, 55.6763246], [37.4078105, 55.6756198], [37.4059716, 55.6744577], [37.4057072, 55.6732809], [37.4048007, 55.6728285], [37.4044946, 55.6719906], [37.4043663, 55.6717182], [37.4040324, 55.6710432], [37.4042451, 55.6707014], [37.4043673, 55.6707028], [37.4048814, 55.6704096], [37.4059428, 55.6701038], [37.4067318, 55.6703728], [37.4075356, 55.6697625], [37.407338, 55.6696824], [37.4130735, 55.6674097], [37.4154572, 55.6647647], [37.4139454, 55.6642768], [37.4119834, 55.6636178], [37.4094801, 55.6629639], [37.404661, 55.6619362], [37.4021647, 55.6615229], [37.401202, 55.6616043], [37.4008174, 55.6616488], [37.3998873, 55.6615583], [37.3972414, 55.6610404], [37.3941332, 55.6609367], [37.3895322, 55.6617602], [37.3890614, 55.6619263], [37.3880708, 55.6628389], [37.3872276, 55.6637816], [37.3866645, 55.6644111], [37.3861581, 55.6645757], [37.3852393, 55.664597], [37.3822024, 55.6645672], [37.3805794, 55.6645089], [37.3800659, 55.6644295], [37.3798883, 55.664269], [37.379712, 55.6640279], [37.379096, 55.6625254], [37.3785179, 55.6604799], [37.3783179, 55.6598282], [37.3780032, 55.6594828], [37.3769913, 55.659102], [37.3750563, 55.6590643], [37.3726189, 55.65906], [37.3709519, 55.6590578], [37.3697653, 55.6595194], [37.3699713, 55.6605437], [37.3696052, 55.6610389], [37.3697994, 55.6642071], [37.3699171, 55.6662025], [37.3698342, 55.6667183], [37.3699411, 55.6669241], [37.3699987, 55.6679967], [37.3698156, 55.6681733], [37.3690414, 55.668919], [37.3646173, 55.6691243], [37.3639044, 55.6689184], [37.3633637, 55.6686622], [37.3596204, 55.6667486], [37.3582439, 55.6660448], [37.3583388, 55.6644668], [37.3583786, 55.6638038], [37.3584524, 55.6625761], [37.3550293, 55.661146], [37.3528875, 55.6603377], [37.3515865, 55.6608209], [37.3502376, 55.6611985], [37.3504312, 55.6617956], [37.3505549, 55.6618095], [37.350509, 55.6620289], [37.3505088, 55.6624102], [37.3535824, 55.6637243], [37.3529643, 55.6641714], [37.352291, 55.6646039], [37.351702, 55.6648772], [37.3514965, 55.6648906], [37.3501553, 55.6654284], [37.3497779, 55.6655647], [37.3480466, 55.6658287], [37.3479631, 55.665702], [37.3481316, 55.6641931], [37.3482288, 55.6639829], [37.3484908, 55.6629065], [37.3482962, 55.6627913], [37.3481067, 55.6628222], [37.3476527, 55.6620314], [37.3445895, 55.6624264], [37.3441802, 55.6624606], [37.3441658, 55.662435], [37.3441122, 55.6624184], [37.3440442, 55.6624091], [37.3439744, 55.6623999], [37.3439029, 55.662386], [37.3438532, 55.6623707], [37.3438128, 55.6623536], [37.3437687, 55.6623309], [37.3437296, 55.6623024], [37.3436925, 55.6622684], [37.3436625, 55.6622352], [37.3436458, 55.6621966], [37.3436084, 55.6621441], [37.3436045, 55.6621009], [37.3436148, 55.6620611], [37.3436351, 55.6620225], [37.3436676, 55.6619611], [37.3437141, 55.6618918], [37.3437585, 55.6618567], [37.3438029, 55.6618373], [37.3438392, 55.6618192], [37.3438615, 55.6617991], [37.3438797, 55.6617624], [37.3438717, 55.6617317], [37.3438456, 55.6617055], [37.3437996, 55.6616781], [37.3437089, 55.6616633], [37.3436225, 55.6616484], [37.3435863, 55.6616415], [37.34353, 55.6616243], [37.3434857, 55.6616027], [37.3434416, 55.6615663], [37.3433875, 55.6615161], [37.3433575, 55.6614831], [37.3433334, 55.6614182], [37.3432755, 55.6613341], [37.3432274, 55.6612669], [37.3431975, 55.6612088], [37.3431756, 55.6611588], [37.3431556, 55.6611031], [37.3431217, 55.6610507], [37.3430654, 55.6610017], [37.3429892, 55.660938], [37.3428648, 55.6608422], [37.3427484, 55.6607477], [37.3426922, 55.6606908], [37.3426199, 55.6606316], [37.3425792, 55.6605827], [37.342513, 55.6604974], [37.3424306, 55.6604083], [37.3423554, 55.6603356], [37.3422753, 55.6602687], [37.3422432, 55.6602251], [37.34203, 55.6601291], [37.3430252, 55.6601512], [37.3438885, 55.6600897], [37.3440944, 55.6601277], [37.3460669, 55.6597055], [37.3471348, 55.6595635], [37.3471412, 55.6594929], [37.3470194, 55.6594576], [37.3463961, 55.6591283], [37.3454227, 55.6582951], [37.3451522, 55.657997], [37.3443891, 55.6574323], [37.3460417, 55.6565263], [37.3461102, 55.656478], [37.3460274, 55.6564398], [37.3462773, 55.6562934], [37.3449789, 55.6555373], [37.3440672, 55.6553762], [37.3434601, 55.6555759], [37.3426564, 55.6559971], [37.3416806, 55.6567799], [37.3413968, 55.6566829], [37.3413647, 55.6566116], [37.3413533, 55.6565588], [37.341346, 55.6565161], [37.3413578, 55.6564722], [37.3414629, 55.6563856], [37.3414835, 55.6563012], [37.3415005, 55.6561278], [37.3415289, 55.6560662], [37.3416057, 55.656007], [37.3416966, 55.6559551], [37.3417759, 55.6558453], [37.341873, 55.6557793], [37.3422247, 55.6556131], [37.3422981, 55.6555616], [37.3423664, 55.655497], [37.3423819, 55.6554514], [37.3423829, 55.6554126], [37.3423823, 55.6553788], [37.3423454, 55.6553131], [37.3422161, 55.6552078], [37.3421259, 55.6551158], [37.3421099, 55.6550632], [37.3421265, 55.6550268], [37.3422, 55.6549694], [37.3423246, 55.6548878], [37.3425024, 55.6548082], [37.3425405, 55.6547513], [37.3425746, 55.6546762], [37.3426365, 55.6545917], [37.3426665, 55.6545482], [37.3426937, 55.6545087], [37.3427299, 55.6544343], [37.3427767, 55.6543266], [37.3428291, 55.6541916], [37.3428723, 55.6541425], [37.3429658, 55.6540905], [37.3430571, 55.6540578], [37.3429996, 55.6540457], [37.3429343, 55.6540295], [37.3405144, 55.6535229], [37.33786, 55.652824], [37.3360925, 55.6518785], [37.3350044, 55.6509182], [37.3346191, 55.6503664], [37.3342189, 55.6497933], [37.3333181, 55.6488586], [37.3328449, 55.6483677], [37.3311162, 55.6473916], [37.3308994, 55.6473054], [37.3308966, 55.647277], [37.3320472, 55.6459377], [37.3317032, 55.6445269], [37.3306524, 55.6422502], [37.3305814, 55.6422192], [37.3305008, 55.6421898], [37.3299897, 55.6418395], [37.3302905, 55.6409152], [37.3298184, 55.6398737], [37.3303472, 55.6393238], [37.3315369, 55.6394591], [37.3324398, 55.6395476], [37.3344062, 55.6384798], [37.335274, 55.6366416], [37.3354842, 55.6360955], [37.3356158, 55.6361084], [37.3359621, 55.6354295], [37.3360563, 55.635179], [37.3385496, 55.635488], [37.3388586, 55.6353942], [37.3421195, 55.6337877], [37.3425517, 55.6331601], [37.3455051, 55.633889], [37.3464519, 55.6341312], [37.3470062, 55.6342972], [37.3473923, 55.6344326], [37.3506395, 55.6362374], [37.3515508, 55.6360771], [37.352991, 55.6354324], [37.3552828, 55.6353592], [37.3555985, 55.6352359], [37.3582507, 55.6347584], [37.3585032, 55.6345653], [37.3583565, 55.6340758], [37.3588405, 55.6337751], [37.3597308, 55.6338597], [37.3601468, 55.6332724], [37.3598257, 55.6313936], [37.3598593, 55.6313805], [37.362382, 55.6297881], [37.3661084, 55.6305467], [37.367912, 55.6279139], [37.3706839, 55.62538], [37.3714126, 55.6252258], [37.3714862, 55.6252102], [37.3733422, 55.6248173], [37.3738039, 55.6245705], [37.3764026, 55.6232301], [37.3775683, 55.6239354], [37.3756415, 55.6249381], [37.3778742, 55.6263371], [37.3797759, 55.6275364], [37.3870745, 55.6322195], [37.3871165, 55.6322554], [37.3872673, 55.6321712], [37.387445, 55.6320723], [37.3875676, 55.6320085], [37.3876513, 55.631958], [37.3877679, 55.6319116], [37.3878776, 55.631881], [37.388006, 55.6318406], [37.388126, 55.6318046], [37.388238, 55.6317748], [37.3883794, 55.6317438], [37.3884631, 55.6317198], [37.3884994, 55.6317098], [37.3885514, 55.6317012], [37.3886019, 55.6316954], [37.3885536, 55.6315674], [37.3884574, 55.6313329], [37.3884064, 55.6311744], [37.3879155, 55.6294163], [37.3876951, 55.6284972], [37.3911966, 55.6281131], [37.3937194, 55.627831], [37.3945285, 55.6287839], [37.394645, 55.6288723], [37.3975484, 55.6287207], [37.3979051, 55.628781], [37.3979492, 55.6290472], [37.3980122, 55.6295527], [37.3980878, 55.6300705], [37.3981274, 55.6302862], [37.3981973, 55.6304689], [37.3982593, 55.6304503], [37.3983214, 55.6304318], [37.3984347, 55.6304122], [37.3986587, 55.6303485], [37.3987348, 55.63033], [37.3988002, 55.6302895], [37.3988677, 55.6302724], [37.398933, 55.6302601], [37.3990331, 55.6302503], [37.3991223, 55.6302406], [37.3992789, 55.6302221], [37.3993964, 55.63021], [37.3994574, 55.6302076], [37.3995444, 55.6302104], [37.3996335, 55.6302176], [37.3997271, 55.6302053], [37.3997988, 55.6302054], [37.3998967, 55.6302154], [37.3999859, 55.6302265], [37.4000577, 55.6302278], [37.4001403, 55.6302131], [37.4001991, 55.6302156], [37.4002588, 55.630228], [37.4003121, 55.6302403], [37.400373, 55.6302441], [37.4004948, 55.6302479], [37.4006471, 55.6302418], [37.4008669, 55.6302285], [37.4009364, 55.6302236], [37.4009843, 55.630231], [37.4010972, 55.6302656], [37.4011777, 55.630278], [37.4012974, 55.6302829], [37.4013858, 55.6302957], [37.4015832, 55.6303404], [37.4017623, 55.6303699], [37.4018432, 55.6303789], [37.4019255, 55.6303802], [37.4020329, 55.6303746], [37.4020826, 55.6303752], [37.4021875, 55.6303908], [37.4022959, 55.630406], [37.4023535, 55.6304055], [37.4024286, 55.6303948], [37.4025102, 55.6303825], [37.402563, 55.6303819], [37.4026094, 55.6303851], [37.4026928, 55.6304074], [37.402777, 55.6304325], [37.4028407, 55.630445], [37.4029018, 55.63045], [37.402944, 55.630447], [37.4029902, 55.6304474], [37.4030468, 55.6304497], [37.4031206, 55.6304566], [37.4031749, 55.6304552], [37.4032114, 55.630445], [37.4032574, 55.6304005], [37.4033217, 55.6303794], [37.4033942, 55.6303726], [37.4034779, 55.6303631], [37.4037164, 55.6303478], [37.4040736, 55.6303665], [37.4043155, 55.6303433], [37.404478, 55.6302829], [37.4046682, 55.6301952], [37.4048271, 55.6301446], [37.4049929, 55.630125], [37.4051714, 55.6301312], [37.4052537, 55.630133], [37.4054322, 55.6301041], [37.405518, 55.6300848], [37.4055952, 55.6300577], [37.4057, 55.6300189], [37.4057873, 55.6300017], [37.405969, 55.6299979], [37.4060275, 55.629995], [37.406096, 55.6299873], [37.4061747, 55.629968], [37.4062814, 55.6299322], [37.4063603, 55.6299207], [37.4064597, 55.6299198], [37.4065454, 55.6299101], [37.4067359, 55.6298753], [37.4067958, 55.6298744], [37.4070018, 55.6298852], [37.4070686, 55.6298785], [37.4071544, 55.629836], [37.4072215, 55.6297691], [37.4072878, 55.6297373], [37.407357, 55.629713], [37.4074359, 55.6297189], [37.4075507, 55.6297741], [37.407626, 55.6297947], [37.4077033, 55.6297966], [37.407765, 55.6297927], [37.4078748, 55.6297648], [37.4079949, 55.6297206], [37.4081135, 55.6296709], [37.4081734, 55.6296496], [37.4082986, 55.6296536], [37.4083927, 55.6296672], [37.4084856, 55.6296605], [37.4087136, 55.6296228], [37.4088046, 55.6296152], [37.4088885, 55.6296114], [37.4089947, 55.6296241], [37.4091561, 55.6296367], [37.4093721, 55.6296079], [37.4094425, 55.6295827], [37.4095042, 55.629573], [37.4095488, 55.6295914], [37.409564, 55.6296273], [37.4096121, 55.6296458], [37.4096755, 55.6296517], [37.4097323, 55.629642], [37.4097732, 55.6296284], [37.4098214, 55.6296014], [37.4098635, 55.6295718], [37.4099056, 55.6295423], [37.4099707, 55.6295172], [37.4100714, 55.6294932], [37.4101271, 55.6296001], [37.4101952, 55.629849], [37.4108518, 55.63197], [37.4115299, 55.6338668], [37.4122821, 55.6359049], [37.41394, 55.6357266], [37.4147727, 55.6356887], [37.415092, 55.6357005], [37.4150982, 55.6359207], [37.4151628, 55.6381842], [37.4151713, 55.6383346], [37.4165244, 55.6382504], [37.4164801, 55.6391193], [37.4169163, 55.6406217], [37.4173933, 55.6425199], [37.4174925, 55.6449071], [37.417165, 55.6463923], [37.4170816, 55.6467379], [37.417055, 55.6468166], [37.417084, 55.6473549], [37.4171099, 55.647495], [37.4170629, 55.6480663], [37.4154909, 55.6477487], [37.4136053, 55.6511568], [37.4136898, 55.6513247], [37.414685, 55.6514954], [37.4146053, 55.6517057], [37.4150132, 55.6517871], [37.4147431, 55.6522328], [37.4174482, 55.6530212], [37.416413, 55.6558027], [37.4145863, 55.6556724], [37.4132194, 55.6576738], [37.4133726, 55.6577257], [37.4150833, 55.6577979], [37.4151981, 55.6577897], [37.4153188, 55.6579842], [37.4151986, 55.6601566], [37.4188082, 55.6604087], [37.4200085, 55.6604976], [37.4203547, 55.6605232], [37.4233846, 55.6607476], [37.4251184, 55.6608651], [37.4255845, 55.6609001], [37.4266977, 55.6609838], [37.4270025, 55.6609652], [37.4290058, 55.6610903], [37.4322994, 55.6601361], [37.4326465, 55.6600529], [37.4330011, 55.6599748], [37.433313, 55.6599099], [37.4336495, 55.6598112], [37.4339233, 55.6597201], [37.4342086, 55.6596272], [37.4353249, 55.6586615], [37.436554, 55.6575984], [37.4388588, 55.6556339], [37.4415328, 55.6534706], [37.4416903, 55.6533431], [37.4433196, 55.652025], [37.4481263, 55.647916], [37.4524812, 55.6441959], [37.4567711, 55.640526], [37.4568244, 55.6404323], [37.456838, 55.6403186], [37.4568478, 55.6401723], [37.4568239, 55.6400537], [37.4567875, 55.6399181], [37.4567373, 55.6396917], [37.4566379, 55.6393518], [37.4566019, 55.6392248], [37.4565492, 55.6389808], [37.4564855, 55.6387065], [37.4564172, 55.6384729], [37.456389, 55.6383063], [37.4563368, 55.6381435], [37.4562827, 55.6379682], [37.456227, 55.6378496], [37.4561515, 55.637691], [37.4559673, 55.6375574], [37.4558296, 55.6374474], [37.4556218, 55.6373215], [37.4554342, 55.6372227], [37.4557186, 55.6370487], [37.4637211, 55.6407043], [37.4782007, 55.6475145], [37.4824662, 55.6494605], [37.4826333, 55.649537], [37.4956144, 55.6556312], [37.5016534, 55.6585246], [37.5065428, 55.6617784], [37.5089576, 55.6633808], [37.5200937, 55.6708846], [37.5240014, 55.6737181], [37.5236692, 55.6738675], [37.5236984, 55.673847], [37.5188512, 55.6761341], [37.5142636, 55.678286], [37.512129, 55.6794427], [37.5116624, 55.6797306], [37.5300532, 55.689929], [37.5357473, 55.6930988], [37.5365712, 55.6935632], [37.546313, 55.7007463], [37.5541494, 55.7065306], [37.5570247, 55.7086148], [37.5592321, 55.7102802], [37.5568728, 55.7103426], [37.5528969, 55.7109726], [37.5485158, 55.7122628], [37.5459417, 55.713687], [37.5433306, 55.7156172], [37.5418852, 55.7175946], [37.5410811, 55.7201251], [37.5411814, 55.7220558], [37.5418634, 55.7240396], [37.5430746, 55.7255663], [37.5449025, 55.7270557], [37.5452203, 55.7271912], [37.5477856, 55.728068], [37.5488288, 55.7284241], [37.5530345, 55.7299465], [37.5590625, 55.7330686], [37.5636326, 55.7350953], [37.5657503, 55.7364009], [37.5683267, 55.7385524], [37.5697769, 55.7401369], [37.5727693, 55.7434061], [37.5730331, 55.7436942], [37.5738914, 55.7447088], [37.5741337, 55.7454535], [37.5744493, 55.7463272], [37.5744922, 55.7488634], [37.5742608, 55.7495853], [37.5740201, 55.7503368], [37.5730331, 55.7514719], [37.5720599, 55.7520196], [37.5713593, 55.7524139], [37.5708015, 55.7527278], [37.5678832, 55.7533557], [37.5640208, 55.7535973], [37.5601783, 55.7530783], [37.5575617, 55.7523903], [37.5545352, 55.7514363], [37.5522808, 55.7504299], [37.5513604, 55.7500189], [37.5490434, 55.7489842], [37.5464841, 55.7478365], [37.5443443, 55.7468767], [37.5435502, 55.7465204], [37.542534, 55.7461804], [37.5403745, 55.7454576], [37.5379723, 55.7449169], [37.5367267, 55.7446363], [37.5324042, 55.7443962], [37.527972, 55.7446121], [37.5255687, 55.7453368], [37.5236375, 55.7463272], [37.5224216, 55.7472845], [37.5220496, 55.7475833], [37.5203603, 55.7498516], [37.5202286, 55.7500222], [37.5185026, 55.7525845], [37.5181443, 55.7532108], [37.5176723, 55.7546357], [37.516299, 55.7568333], [37.5145394, 55.758089], [37.5139297, 55.7584219], [37.5116641, 55.7596586], [37.5109561, 55.7599165], [37.5058276, 55.7617835], [37.5042827, 55.762532], [37.5029523, 55.7634012], [37.501064, 55.764367], [37.4981458, 55.7655018], [37.4975162, 55.7656864], [37.4960858, 55.7661053], [37.4920518, 55.7673608], [37.4897158, 55.7679596], [37.4871806, 55.7681941], [37.4845108, 55.76817], [37.4819189, 55.7679769], [37.4800361, 55.7677128], [37.4794184, 55.7675454], [37.4788659, 55.7673434], [37.4784216, 55.7670545], [37.4780555, 55.7666923], [37.477087, 55.7655256], [37.476388, 55.7645104], [37.4761731, 55.7629909], [37.4761731, 55.7617112], [37.4767739, 55.7569059], [37.476731, 55.7559641], [37.4765165, 55.7545875], [37.4761731, 55.7522932], [37.4757869, 55.7512305], [37.4751432, 55.749878], [37.4741561, 55.7485012], [37.4727828, 55.7472693], [37.4710233, 55.7461099], [37.4673755, 55.7440325], [37.4648006, 55.7428971], [37.4617965, 55.7418583], [37.4591357, 55.7412061], [37.4553163, 55.7406021], [37.4525268, 55.7406021], [37.4492652, 55.7411336], [37.4465186, 55.7418583], [37.4444587, 55.7426072], [37.4424846, 55.7435735], [37.439738, 55.7452161], [37.4373777, 55.7464239], [37.436691, 55.7471003], [37.4363477, 55.7478732], [37.4366052, 55.7487186], [37.4368887, 55.7492185], [37.4369215, 55.7492637], [37.4373764, 55.7496856], [37.4392216, 55.7505309], [37.4421828, 55.7513038], [37.4455711, 55.7520988], [37.4488347, 55.7528978], [37.4530833, 55.753888], [37.4554436, 55.7547815], [37.4576323, 55.75582], [37.4596064, 55.7571482], [37.461838, 55.7588385], [37.4634259, 55.7601907], [37.4645205, 55.7623834], [37.4645693, 55.7626957], [37.4645846, 55.7627939], [37.4646628, 55.7632953], [37.4645615, 55.7643068], [37.4642718, 55.7652279], [37.4639901, 55.7657713], [37.4629397, 55.7669505], [37.4603789, 55.7690757], [37.4552656, 55.7741771], [37.45303, 55.7756937], [37.4506431, 55.7768688], [37.4496838, 55.77714], [37.4488294, 55.7772765], [37.4482727, 55.7773271], [37.4473534, 55.7772534], [37.4454867, 55.7768773], [37.4436401, 55.7763323], [37.4393579, 55.7752176], [37.4362176, 55.7744064], [37.4341209, 55.7741996], [37.4307464, 55.774173], [37.4288433, 55.7742824], [37.4256268, 55.7745234], [37.4210255, 55.7749416], [37.4169486, 55.7753278], [37.4142917, 55.7754355], [37.412185, 55.7755209], [37.410032, 55.775665], [37.4085801, 55.7757622], [37.4018274, 55.771798], [37.4005182, 55.7714336], [37.3982595, 55.7711769], [37.3948685, 55.771203], [37.3909335, 55.7710464], [37.3867323, 55.7709022], [37.3861691, 55.7712067], [37.3840684, 55.7719425], [37.3834024, 55.7721824], [37.3821304, 55.7722155], [37.3804065, 55.7722962], [37.379752, 55.7723482], [37.3794105, 55.7722735], [37.3791373, 55.7721448], [37.3789226, 55.7720322], [37.3788353, 55.7716772], [37.3769496, 55.7714939], [37.3708646, 55.7710135], [37.3702608, 55.7713623], [37.3702616, 55.7730269], [37.3688853, 55.7730382], [37.3688249, 55.7727246], [37.3687488, 55.7726136], [37.3687433, 55.7724985], [37.3684735, 55.772405], [37.3682454, 55.7723118], [37.3678721, 55.7721208], [37.3677004, 55.7720618], [37.3675416, 55.7720175], [37.367254, 55.7719532], [37.3669952, 55.7718889], [37.3666102, 55.7717806], [37.366516, 55.7717594], [37.366315, 55.7717308], [37.3661965, 55.7717233], [37.3660151, 55.7717456], [37.3657865, 55.7717839], [37.3655167, 55.7718963], [37.3653881, 55.7718121], [37.3652598, 55.771728], [37.3654183, 55.7716361], [37.365647, 55.7715019], [37.3658605, 55.7713812], [37.3661078, 55.7712637], [37.3663572, 55.7711444], [37.3665424, 55.7710439], [37.3666878, 55.7709677], [37.3667563, 55.7709031], [37.3667693, 55.7708363], [37.3666203, 55.7706844], [37.3665275, 55.7705354], [37.3664094, 55.7703678], [37.3663988, 55.7702522], [37.3664554, 55.770103], [37.3665266, 55.7700084], [37.3667071, 55.7698806], [37.3668836, 55.7697945], [37.3670274, 55.7697729], [37.3671618, 55.7697507], [37.3673729, 55.7696215], [37.3675623, 55.7694953], [37.3677608, 55.7693792], [37.3679579, 55.7692513], [37.3681323, 55.7691412], [37.3682977, 55.7690294], [37.3684336, 55.7689304], [37.3685377, 55.7688578], [37.3686443, 55.76869], [37.3686544, 55.7685038], [37.3686077, 55.7669409], [37.3685083, 55.7668674], [37.3683507, 55.7667547], [37.3681547, 55.7666402], [37.3679492, 55.766499], [37.3677667, 55.7663857], [37.3675795, 55.7662788], [37.3673966, 55.7661561], [37.3672219, 55.7660207], [37.3671026, 55.765927], [37.366901, 55.7657976], [37.3668392, 55.7657364], [37.3667301, 55.7656208], [37.3666373, 55.7654751], [37.3665814, 55.7653687], [37.3665539, 55.7652582], [37.366496, 55.7650964], [37.3664137, 55.7649363], [37.3664091, 55.764925], [37.3665435, 55.7649435], [37.3665193, 55.764881], [37.3663059, 55.7646072], [37.3658076, 55.7644374], [37.3656346, 55.7644153], [37.3656123, 55.7644124], [37.3657364, 55.7642046], [37.3662852, 55.764289], [37.3665471, 55.7642924], [37.3667277, 55.7643188], [37.3670105, 55.7642917], [37.3672853, 55.7642634], [37.3674967, 55.7642344], [37.3676722, 55.7641989], [37.3679049, 55.7641354], [37.3680268, 55.7640506], [37.3680774, 55.7639507], [37.3681428, 55.7638386], [37.3681562, 55.7637759], [37.3681284, 55.763622], [37.3680758, 55.763484], [37.3680082, 55.7633456], [37.3679287, 55.7632062], [37.3678719, 55.7630371], [37.3681544, 55.7627331], [37.3683373, 55.7626399], [37.3684889, 55.7625565], [37.3684558, 55.7612601], [37.368591, 55.7604636], [37.3684911, 55.7595728], [37.3685413, 55.7586763], [37.3685441, 55.7577752], [37.368565, 55.7568756], [37.3684665, 55.7559802], [37.3683023, 55.7519426], [37.3683118, 55.75013], [37.3685769, 55.7478677], [37.3689476, 55.745982], [37.3700157, 55.7433958], [37.3704089, 55.7425274], [37.371348, 55.7408036], [37.3735546, 55.7364938], [37.37394, 55.7356187], [37.3741331, 55.735085], [37.3745175, 55.7343246], [37.3744435, 55.7340882], [37.3743684, 55.7338103], [37.3741352, 55.7332714], [37.3739841, 55.7329321], [37.373957, 55.7327148], [37.3739823, 55.7325129], [37.3741805, 55.7321508], [37.3747955, 55.7318736], [37.3757426, 55.7318875], [37.3766307, 55.7302791], [37.3771112, 55.7292622], [37.3771559, 55.7291743], [37.3772041, 55.7290798], [37.3772927, 55.7289354], [37.3783687, 55.7267941], [37.3792683, 55.7250185], [37.3792143, 55.7246765], [37.3792451, 55.7242944], [37.3792147, 55.7241948], [37.3790909, 55.7240228], [37.3789766, 55.7239221], [37.3788458, 55.7238149], [37.3786613, 55.7237656], [37.3784782, 55.7237524], [37.3784539, 55.7233383], [37.3787197, 55.7232883], [37.3788893, 55.7232243], [37.3791054, 55.723107], [37.3793277, 55.7229618], [37.3795122, 55.7228123], [37.3796896, 55.7226642], [37.3798671, 55.7225332], [37.3800325, 55.7223952], [37.380187, 55.7222444], [37.3803066, 55.7220994], [37.3804383, 55.7219482], [37.3805754, 55.721805], [37.3807553, 55.7216627], [37.3809389, 55.7215273], [37.3811235, 55.7213833], [37.3824094, 55.718858], [37.3824817, 55.7187212], [37.3825604, 55.7185764], [37.3834397, 55.7168565], [37.3843099, 55.7151658], [37.3842333, 55.7150252], [37.3841377, 55.7148783], [37.3840912, 55.7148128], [37.384066, 55.7147791], [37.3839868, 55.7146705], [37.3838452, 55.714547], [37.3837149, 55.7144474], [37.3835493, 55.7143358], [37.3834063, 55.7142462], [37.3832011, 55.7141149], [37.3830521, 55.7140162], [37.3828791, 55.7138975], [37.382718, 55.7137844], [37.3825374, 55.7136544], [37.3823952, 55.7135497], [37.3822234, 55.7134338], [37.3820207, 55.7133218], [37.381899, 55.7132513], [37.3817146, 55.7131845], [37.381492, 55.7131248], [37.381352, 55.7130942], [37.3815623, 55.7126032], [37.3820114, 55.7126527], [37.3823002, 55.7126822], [37.3826351, 55.7126391], [37.3827668, 55.712598], [37.3829616, 55.7125328], [37.3831988, 55.7124585], [37.3834778, 55.7123648], [37.3837497, 55.7122777], [37.3840359, 55.7121852], [37.3843098, 55.7121105], [37.3845399, 55.7120358], [37.3848363, 55.7119347], [37.385102, 55.7118527], [37.3854092, 55.7117402], [37.3855974, 55.7116618], [37.3858249, 55.711556], [37.3860376, 55.711459], [37.3862448, 55.7113565], [37.3864367, 55.7112645], [37.386661, 55.7111474], [37.3870337, 55.7107729], [37.387878, 55.7099358], [37.3897062, 55.7081227], [37.3919978, 55.7063747], [37.3924774, 55.7059193], [37.3879412, 55.7043201], [37.3885622, 55.7035562], [37.3882393, 55.7032332], [37.3904837, 55.7024365], [37.3886457, 55.7007934], [37.3921624, 55.6984232], [37.3898297, 55.6969492], [37.3878857, 55.6981045], [37.385447, 55.6969691], [37.3820139, 55.6985367], [37.3790341, 55.6973127], [37.3795115, 55.6969227], [37.3791574, 55.6967504], [37.3786585, 55.6971253], [37.3781936, 55.6968433], [37.3775974, 55.7041715], [37.3775875, 55.705955], [37.3775718, 55.7088135], [37.3774809, 55.7093972], [37.3767395, 55.7106743], [37.37606, 55.7107201], [37.3758477, 55.7110084], [37.3758142, 55.7110107], [37.3754669, 55.7114978], [37.3746167, 55.7113467], [37.3718946, 55.7109556], [37.3694444, 55.7103633], [37.3644212, 55.7089047], [37.3650195, 55.7082362], [37.3651927, 55.7080444], [37.3675067, 55.7079718], [37.3675131, 55.7080115], [37.3675802, 55.7082587], [37.3683517, 55.708223], [37.3684833, 55.7085399], [37.3693474, 55.7084951], [37.3691776, 55.7077922], [37.3690857, 55.7074115], [37.3682256, 55.7074588], [37.3661551, 55.7070035], [37.3680075, 55.7045431], [37.367919, 55.704522], [37.3684809, 55.7036899], [37.3704148, 55.7041782], [37.3708077, 55.703857], [37.3709401, 55.7036925], [37.3687821, 55.7031769], [37.3686398, 55.703477], [37.3677399, 55.7032985], [37.3679513, 55.7026651], [37.3690049, 55.7027611], [37.3691059, 55.702475], [37.3668194, 55.7021291], [37.3664989, 55.7030851], [37.365914, 55.7029208], [37.3658618, 55.702533], [37.3656043, 55.7020509], [37.3652691, 55.7018604], [37.3646683, 55.701862], [37.3655936, 55.7013179], [37.365595, 55.7009431], [37.364439, 55.7008773], [37.3643404, 55.7009427], [37.3642666, 55.7009945], [37.3637314, 55.7013515], [37.3634392, 55.7016296], [37.3634412, 55.7018211], [37.3633127, 55.7018251], [37.3633195, 55.7007325], [37.3631736, 55.7007258], [37.3631394, 55.7007246], [37.3613951, 55.7006771], [37.3573203, 55.7005489], [37.3574355, 55.6995235], [37.355769, 55.6994601], [37.3556302, 55.7005218], [37.3553748, 55.7005137], [37.3533615, 55.7004503], [37.3531138, 55.7017954], [37.3541338, 55.7023401], [37.3540427, 55.7026309], [37.353993, 55.7029242], [37.3540641, 55.7029589], [37.3539796, 55.7030269], [37.353968, 55.7031365], [37.3542409, 55.7033044], [37.3545348, 55.7034788], [37.3546222, 55.7035357], [37.3556448, 55.7041577], [37.3556879, 55.7041869], [37.355736, 55.7042142], [37.3563797, 55.7046023], [37.3560893, 55.7047715], [37.3514621, 55.7022513], [37.3514358, 55.7018743], [37.3516525, 55.7018744], [37.3517734, 55.7002496], [37.3518141, 55.7001658], [37.3495, 55.6988856], [37.347376, 55.6976493], [37.3466144, 55.6978975], [37.3449651, 55.6983968], [37.3447395, 55.6979121], [37.3445685, 55.6969048], [37.3438154, 55.6961412], [37.3430516, 55.6948713], [37.3430062, 55.6947954], [37.3429431, 55.6946987], [37.3428456, 55.6944884], [37.3427282, 55.6940505], [37.342544, 55.6938033], [37.3424958, 55.6935804], [37.3425387, 55.6935789], [37.3424737, 55.69307], [37.342475, 55.6925081], [37.344006, 55.6906998], [37.3437925, 55.6901985], [37.343927, 55.6898289], [37.3439224, 55.6895963], [37.3440364, 55.6894355], [37.3438553, 55.6892225], [37.3423024, 55.6890876], [37.3424181, 55.6887217], [37.3423412, 55.688714], [37.3420278, 55.6886827], [37.342044, 55.6886279], [37.3414526, 55.6885381], [37.3413776, 55.6885122], [37.3397625, 55.6881671], [37.3397331, 55.6879645], [37.3393663, 55.6877536], [37.3394208, 55.6873443], [37.3391221, 55.6872804], [37.3385424, 55.6872882], [37.3388139, 55.6876394], [37.3387602, 55.6886541], [37.3387403, 55.6887367], [37.3380944, 55.6896304], [37.3378599, 55.6901497], [37.3384251, 55.6909014], [37.3387, 55.691365], [37.3386913, 55.6925673], [37.3379696, 55.6933729], [37.3376328, 55.6935156], [37.3350645, 55.6911852], [37.3351524, 55.6911542], [37.3334921, 55.6896301], [37.3334126, 55.6896587], [37.330653, 55.6870725], [37.3307451, 55.6870407], [37.3294276, 55.6857865], [37.3307567, 55.685325], [37.3337236, 55.6843016], [37.3339095, 55.6842], [37.3339812, 55.6840892], [37.3339537, 55.6839367], [37.3339003, 55.6837661], [37.3336066, 55.6832286], [37.334823, 55.6825533], [37.3348271, 55.6824529], [37.3341064, 55.6820478], [37.3325575, 55.682918], [37.3325116, 55.6829408], [37.3309701, 55.6815531], [37.3302202, 55.681839], [37.3293291, 55.6821288], [37.3268711, 55.6829631], [37.3276715, 55.6836016], [37.3277359, 55.683582], [37.3277764, 55.6836206], [37.3278137, 55.6836561], [37.3288004, 55.6844756], [37.3288138, 55.6845762], [37.3298214, 55.6854426], [37.3292925, 55.6856525], [37.3262279, 55.68276]]], [[[37.3717465, 55.8092418], [37.3730747, 55.8112761], [37.3735856, 55.8121414], [37.3738626, 55.8125917], [37.3748846, 55.8124247], [37.3750634, 55.812385], [37.3764976, 55.8120661], [37.3774473, 55.812688], [37.3779685, 55.812371], [37.3782797, 55.8121926], [37.3783007, 55.8121806], [37.3784387, 55.8120995], [37.3786115, 55.8119982], [37.3787066, 55.8119424], [37.3789377, 55.8118067], [37.3791905, 55.8116582], [37.3792075, 55.8116482], [37.379299, 55.8116193], [37.3794286, 55.8115783], [37.3797039, 55.8114913], [37.3797576, 55.8114726], [37.3801966, 55.8113191], [37.3802209, 55.811267], [37.3799908, 55.8110154], [37.3796638, 55.8106705], [37.3797825, 55.8106685], [37.3805733, 55.8106543], [37.3810807, 55.8106454], [37.380728, 55.8096574], [37.3823724, 55.8095241], [37.3850512, 55.8093072], [37.3849554, 55.8090616], [37.3807178, 55.8093622], [37.3806179, 55.8090092], [37.3797943, 55.8090609], [37.3793921, 55.8091485], [37.378641, 55.8083657], [37.3780837, 55.8077846], [37.3778418, 55.806987], [37.3791232, 55.8065438], [37.3785716, 55.80568], [37.3782263, 55.8056683], [37.377926, 55.8056641], [37.3778829, 55.8056213], [37.3775494, 55.8056418], [37.3775595, 55.805681], [37.3767724, 55.8057476], [37.3767308, 55.8057427], [37.3766973, 55.8057278], [37.3763316, 55.805754], [37.3763202, 55.8057135], [37.3761669, 55.805729], [37.3760564, 55.8056096], [37.3759849, 55.8055229], [37.3759968, 55.8055136], [37.375904, 55.8053828], [37.3753691, 55.8047554], [37.3754861, 55.8047297], [37.3754917, 55.8047352], [37.3760103, 55.8045847], [37.3758232, 55.8043714], [37.3752773, 55.8045172], [37.3744013, 55.8038436], [37.374289, 55.8037879], [37.3738014, 55.8035562], [37.3735617, 55.8029868], [37.3723377, 55.8031613], [37.3723829, 55.8032934], [37.3720936, 55.8033531], [37.3725457, 55.8056751], [37.372827, 55.8064331], [37.3729591, 55.8074531], [37.3727727, 55.8079751], [37.3729131, 55.8087967], [37.3727514, 55.8088101], [37.3717465, 55.8092418]]]]}}, {"id": "0", "type": "Feature", "properties": {"name": "\u0417\u0435\u043b\u0435\u043d\u043e\u0433\u0440\u0430\u0434\u0441\u043a\u0438\u0439 \u0430\u0434\u043c\u0438\u043d\u0438\u0441\u0442\u0440\u0430\u0442\u0438\u0432\u043d\u044b\u0439 \u043e\u043a\u0440\u0443\u0433"}, "geometry": {"type": "MultiPolygon", "coordinates": [[[[37.131602, 56.0164459], [37.1339486, 56.0144271], [37.1339937, 56.0143331], [37.1359561, 56.0125833], [37.1373937, 56.0111981], [37.1390683, 56.0095945], [37.1394168, 56.0097213], [37.1412755, 56.0080789], [37.1432803, 56.0063631], [37.1469765, 56.0033472], [37.1490893, 56.0014618], [37.1511708, 55.9995486], [37.1506438, 55.9992264], [37.1491991, 55.9983433], [37.1502482, 55.9975337], [37.1502686, 55.9972117], [37.1499295, 55.9965725], [37.1511554, 55.9963071], [37.1513681, 55.9962133], [37.1527109, 55.994242], [37.1527443, 55.9930578], [37.1506909, 55.9931332], [37.1488216, 55.9921204], [37.1496615, 55.991567], [37.1497114, 55.9913785], [37.1495824, 55.9911696], [37.1478375, 55.9908021], [37.1469252, 55.9910209], [37.1460934, 55.9904776], [37.1456018, 55.990116], [37.1447091, 55.9899769], [37.1445309, 55.9899497], [37.144354, 55.9899227], [37.1440873, 55.989882], [37.1443928, 55.9893163], [37.1456894, 55.9854467], [37.1460757, 55.9843465], [37.1462778, 55.9837708], [37.1465677, 55.982945], [37.1470176, 55.9816399], [37.1473338, 55.9807059], [37.147352, 55.9806695], [37.1484181, 55.9777598], [37.1487335, 55.9769918], [37.1487315, 55.9750138], [37.1487315, 55.973508], [37.1487316, 55.9732024], [37.1487411, 55.9732006], [37.1487736, 55.9702666], [37.1487617, 55.9702304], [37.1484269, 55.9701639], [37.1472674, 55.9700255], [37.1463797, 55.9699697], [37.1463056, 55.969682], [37.1461447, 55.9690659], [37.1458539, 55.9680705], [37.1456573, 55.9666597], [37.1455974, 55.9660427], [37.1470119, 55.9660349], [37.1483029, 55.9656039], [37.1466108, 55.9637194], [37.1474157, 55.9633483], [37.1479416, 55.9635283], [37.1492328, 55.9630419], [37.149624, 55.9622873], [37.1507193, 55.9625258], [37.1511552, 55.9618777], [37.1513106, 55.9618483], [37.1516231, 55.9617891], [37.1524413, 55.961979], [37.1530383, 55.9618865], [37.1532432, 55.9623197], [37.1541848, 55.9624265], [37.154299, 55.9622015], [37.154249, 55.9619558], [37.154456, 55.9619141], [37.1549115, 55.9619453], [37.1555096, 55.9621074], [37.1562874, 55.9621344], [37.1564966, 55.9619783], [37.1567595, 55.9621389], [37.1566361, 55.9624257], [37.1568535, 55.9625578], [37.1577943, 55.9624017], [37.1578428, 55.9623927], [37.157879, 55.9623509], [37.1578849, 55.9623001], [37.157869, 55.9622545], [37.1578626, 55.9622039], [37.1578957, 55.9621613], [37.1579627, 55.9621142], [37.1580238, 55.9620703], [37.1580627, 55.9620284], [37.1580829, 55.9619992], [37.158297, 55.9619523], [37.1584404, 55.9619548], [37.1587199, 55.9619436], [37.1588159, 55.9619277], [37.1589119, 55.9619062], [37.1590359, 55.9618954], [37.1591688, 55.9618885], [37.159278, 55.9618903], [37.1594007, 55.9619009], [37.1594807, 55.9619277], [37.1595276, 55.9619805], [37.1595073, 55.9620159], [37.1594902, 55.962063], [37.1593757, 55.962147], [37.1592271, 55.9622042], [37.1591673, 55.962234], [37.1590884, 55.9622642], [37.1590003, 55.9623492], [37.1590264, 55.9624625], [37.1590902, 55.9624993], [37.1591908, 55.9625209], [37.1594204, 55.962495], [37.1594893, 55.9624636], [37.1596889, 55.9623733], [37.1599021, 55.9622587], [37.1599655, 55.9622178], [37.1600001, 55.9621879], [37.1600486, 55.9621461], [37.1600866, 55.9621219], [37.1601252, 55.9621069], [37.1601704, 55.9620833], [37.1601666, 55.9620593], [37.160146, 55.9620372], [37.1601062, 55.9620157], [37.1600503, 55.9619849], [37.159993, 55.9619469], [37.1599926, 55.9618993], [37.1600045, 55.9618677], [37.1600146, 55.9618386], [37.1600217, 55.961808], [37.1600292, 55.9617822], [37.1600531, 55.9617621], [37.1600754, 55.9617473], [37.1600903, 55.9617318], [37.1600812, 55.961699], [37.1600656, 55.9616774], [37.1600625, 55.9616512], [37.1600806, 55.9616284], [37.1601459, 55.9615919], [37.1601897, 55.9615833], [37.1602338, 55.961568], [37.1602682, 55.9615488], [37.1602935, 55.9615203], [37.1603316, 55.9614937], [37.1603706, 55.9614826], [37.160466, 55.9614369], [37.1605145, 55.9614308], [37.1605767, 55.9614344], [37.1606771, 55.9614777], [37.1607116, 55.9615069], [37.160751, 55.9615247], [37.1607851, 55.9615499], [37.1608062, 55.9615788], [37.16082, 55.9616477], [37.1608312, 55.9616717], [37.1608627, 55.9617029], [37.1608944, 55.9617432], [37.1609106, 55.9617775], [37.1609311, 55.9618172], [37.1609569, 55.9618461], [37.161014, 55.9618615], [37.16104, 55.9618562], [37.1610897, 55.9618446], [37.1611349, 55.9618286], [37.161198, 55.9618151], [37.1612707, 55.9617969], [37.1614302, 55.9617027], [37.1614872, 55.9616459], [37.1615236, 55.9615868], [37.1616375, 55.9615148], [37.1616778, 55.9614896], [37.1617092, 55.9614572], [37.1617182, 55.9614268], [37.1617297, 55.961396], [37.1617509, 55.9613608], [37.1617894, 55.9613193], [37.1618336, 55.9612886], [37.161935, 55.961175], [37.1619436, 55.9611327], [37.161944, 55.9611308], [37.1619437, 55.9611289], [37.1619375, 55.9610971], [37.1619329, 55.9610443], [37.1619445, 55.9610259], [37.1619626, 55.9609989], [37.1619855, 55.9609647], [37.1619941, 55.9609159], [37.1620065, 55.9607774], [37.161999, 55.9607141], [37.1619728, 55.9606582], [37.1619572, 55.9605945], [37.1619585, 55.9605276], [37.1619511, 55.960472], [37.1619687, 55.960419], [37.1619645, 55.9603633], [37.161951, 55.9602903], [37.1619457, 55.9602215], [37.1619183, 55.9601571], [37.1618985, 55.9601013], [37.1619132, 55.9600188], [37.1619537, 55.9599718], [37.1619802, 55.9599504], [37.16203, 55.9599382], [37.1620912, 55.9599466], [37.1622583, 55.9600284], [37.1623191, 55.9600711], [37.1623382, 55.9601037], [37.1623395, 55.9601344], [37.1623714, 55.9601816], [37.1623908, 55.9602083], [37.162421, 55.9602248], [37.1624667, 55.9602324], [37.1625165, 55.9602351], [37.1625638, 55.9602304], [37.1626764, 55.960168], [37.1627574, 55.9601202], [37.1627884, 55.9600914], [37.1627987, 55.9600199], [37.1627542, 55.9599529], [37.1627366, 55.9599185], [37.1626279, 55.9598241], [37.1625525, 55.9597678], [37.1625302, 55.9597316], [37.1624968, 55.9596917], [37.1624327, 55.9596327], [37.1623973, 55.9596074], [37.1623799, 55.9595829], [37.1623721, 55.9595502], [37.1624131, 55.9594681], [37.162475, 55.9593967], [37.1625287, 55.9593481], [37.1626989, 55.9592535], [37.162791, 55.9592303], [37.1628445, 55.9592097], [37.1629221, 55.9591791], [37.1629856, 55.959125], [37.1630037, 55.9590781], [37.1630573, 55.9590231], [37.1631156, 55.9590123], [37.1631881, 55.9590143], [37.1633233, 55.9590572], [37.1633724, 55.9591433], [37.1633528, 55.9591894], [37.1632874, 55.9592769], [37.1632676, 55.9593248], [37.1632657, 55.9593627], [37.1632978, 55.9593981], [37.1633717, 55.9594183], [37.1634444, 55.9594247], [37.1635347, 55.9594105], [37.1636975, 55.9594219], [37.1638051, 55.9594664], [37.1639098, 55.9594957], [37.1640404, 55.9594924], [37.1641199, 55.9594637], [37.1641637, 55.9594277], [37.1641866, 55.959386], [37.1641758, 55.9593418], [37.1640942, 55.9592592], [37.1639342, 55.9590896], [37.1639252, 55.959029], [37.1639545, 55.9590019], [37.1639966, 55.9589832], [37.1640371, 55.9589706], [37.1642644, 55.9589712], [37.1645401, 55.9589855], [37.1651065, 55.9591101], [37.1649852, 55.959069], [37.1651248, 55.9590974], [37.1652182, 55.9591103], [37.1652908, 55.9591087], [37.1653571, 55.9591026], [37.1654426, 55.9591037], [37.1656022, 55.9590978], [37.1656846, 55.9590881], [37.1657636, 55.9590937], [37.1658331, 55.9590767], [37.1659154, 55.9590788], [37.1659911, 55.9590826], [37.1660268, 55.9590673], [37.1660482, 55.9590159], [37.1660228, 55.9589778], [37.1659828, 55.9589306], [37.1658977, 55.9588716], [37.1657628, 55.9587853], [37.165731, 55.9587446], [37.1657269, 55.9586694], [37.165753, 55.9586207], [37.1657968, 55.9585711], [37.1658423, 55.9585459], [37.1659087, 55.9585208], [37.1659943, 55.9585137], [37.1661139, 55.958505], [37.1662072, 55.9585044], [37.1662798, 55.9585091], [37.166354, 55.9585097], [37.1664573, 55.958504], [37.1665559, 55.9584881], [37.1666334, 55.9584829], [37.1667172, 55.9584894], [37.166933, 55.9585198], [37.1670506, 55.958531], [37.1671218, 55.9585276], [37.1672171, 55.9585152], [37.167296, 55.9585208], [37.1673748, 55.9585473], [37.1674132, 55.9585772], [37.1674211, 55.9586171], [37.1673964, 55.958655], [37.1672878, 55.9587134], [37.1672068, 55.9587666], [37.1671854, 55.9588189], [37.1671752, 55.9588813], [37.1671845, 55.9589284], [37.167239, 55.9589603], [37.1673291, 55.9589958], [37.167411, 55.9590267], [37.1676415, 55.9590573], [37.1677319, 55.9590502], [37.1678305, 55.9590351], [37.1679194, 55.9590164], [37.1680145, 55.9590167], [37.1680855, 55.9590258], [37.1681449, 55.9590342], [37.168305, 55.9590057], [37.1684584, 55.9589825], [37.1686444, 55.9589098], [37.1687384, 55.9588593], [37.1689099, 55.9588056], [37.1690065, 55.9588041], [37.1690915, 55.9588251], [37.1691448, 55.9588613], [37.1691879, 55.9589283], [37.1692165, 55.9589764], [37.1691967, 55.9590306], [37.1691464, 55.9590631], [37.1691345, 55.9591326], [37.1691698, 55.9591681], [37.1691695, 55.9592052], [37.1691496, 55.9592476], [37.1691073, 55.9592854], [37.169054, 55.9593206], [37.1689876, 55.9593449], [37.1687939, 55.9593651], [37.1687052, 55.9593586], [37.1685939, 55.9593438], [37.1684669, 55.9593226], [37.168346, 55.9593042], [37.1682783, 55.9593023], [37.168228, 55.9593129], [37.1681857, 55.9593454], [37.1681257, 55.9594058], [37.1681062, 55.9594338], [37.1681123, 55.9594582], [37.1681507, 55.9595108], [37.1681938, 55.9595462], [37.1682548, 55.9595791], [37.1684253, 55.959648], [37.1685087, 55.9596999], [37.1687272, 55.9597872], [37.1688495, 55.9598383], [37.168944, 55.9599154], [37.1689673, 55.9600168], [37.1689456, 55.9601072], [37.1689028, 55.9602075], [37.1688223, 55.9603881], [37.1687377, 55.9604738], [37.1686042, 55.9605892], [37.168588, 55.9606289], [37.1686421, 55.9607015], [37.1687017, 55.9607188], [37.1688226, 55.9607238], [37.1691723, 55.9607707], [37.1692965, 55.960771], [37.1694382, 55.9607867], [37.1695477, 55.9608061], [37.1697105, 55.960831], [37.1697958, 55.9608465], [37.1699962, 55.9608127], [37.1700544, 55.9608048], [37.1701806, 55.9608083], [37.1702131, 55.9608232], [37.1702588, 55.9608274], [37.1703333, 55.96081], [37.1704338, 55.9607714], [37.1704822, 55.9607589], [37.1705804, 55.9607854], [37.1706108, 55.9608098], [37.1706575, 55.9608217], [37.1709098, 55.9607582], [37.1710485, 55.9607386], [37.1711956, 55.9607056], [37.1712989, 55.960705], [37.1714702, 55.9606801], [37.1717664, 55.9605606], [37.1720414, 55.9604799], [37.1721657, 55.9604458], [37.1722773, 55.9604218], [37.1724161, 55.9603986], [37.1725293, 55.9603645], [37.1726931, 55.9602809], [37.1727469, 55.9602159], [37.172794, 55.9601663], [37.1729495, 55.9601043], [37.1730382, 55.9600864], [37.1731594, 55.9600722], [37.1732224, 55.9600607], [37.1732938, 55.9600184], [37.1733575, 55.9599281], [37.1734944, 55.9597575], [37.1735725, 55.9596791], [37.1736422, 55.9596349], [37.1737141, 55.9595366], [37.1737598, 55.9594589], [37.173791, 55.9593965], [37.1738042, 55.9593468], [37.1737425, 55.959221], [37.1733791, 55.9589668], [37.1731534, 55.9588622], [37.1730666, 55.9588456], [37.1729843, 55.9588309], [37.1728686, 55.958762], [37.1727276, 55.9586648], [37.1726297, 55.9585903], [37.1725272, 55.9585023], [37.1724921, 55.9584742], [37.1724462, 55.95838], [37.1724339, 55.9583148], [37.1724375, 55.958249], [37.1724518, 55.958096], [37.1724876, 55.9580518], [37.1725284, 55.95799], [37.1725598, 55.9579344], [37.1727169, 55.9578481], [37.172801, 55.957822], [37.1728947, 55.9577978], [37.1729771, 55.9577809], [37.1731287, 55.9577876], [37.1732708, 55.957769], [37.1733629, 55.9577448], [37.1734681, 55.9577125], [37.1735765, 55.9576758], [37.173646, 55.9576605], [37.1737137, 55.9576571], [37.1738121, 55.9576682], [37.1739539, 55.9576704], [37.1740283, 55.9576481], [37.1741526, 55.9576356], [37.1742656, 55.9576341], [37.1743365, 55.9576234], [37.1744515, 55.9576003], [37.1745952, 55.9575581], [37.1746744, 55.9575312], [37.1747456, 55.9575087], [37.1748638, 55.9574757], [37.1749347, 55.9574722], [37.1750216, 55.9574861], [37.1750813, 55.9574978], [37.1752007, 55.9575046], [37.1752844, 55.957511], [37.1753648, 55.9575321], [37.175421, 55.9575694], [37.1754706, 55.9576147], [37.1755057, 55.9576663], [37.1755166, 55.9577143], [37.175534, 55.9577415], [37.1755663, 55.9577588], [37.1756225, 55.9577679], [37.1756985, 55.9577691], [37.1757709, 55.9577774], [37.1758305, 55.9577975], [37.1758624, 55.9578247], [37.175896, 55.9578718], [37.1759471, 55.9579226], [37.1760195, 55.9579608], [37.1761124, 55.9580016], [37.1762203, 55.958049], [37.1763361, 55.9580918], [37.1764214, 55.9581121], [37.1765244, 55.9581358], [37.1766243, 55.9581442], [37.1766873, 55.9581515], [37.1767499, 55.9581752], [37.1768254, 55.9582053], [37.1769203, 55.9582426], [37.176996, 55.9582663], [37.1772214, 55.9583302], [37.1772872, 55.9583684], [37.177311, 55.9583992], [37.1773108, 55.9584272], [37.1772815, 55.9584633], [37.1772921, 55.9585176], [37.1772903, 55.9585583], [37.1773142, 55.9585901], [37.177364, 55.9586173], [37.1774411, 55.9586431], [37.1775344, 55.9586873], [37.1776084, 55.958712], [37.1776938, 55.9587195], [37.1777825, 55.9587206], [37.1778795, 55.9587055], [37.1779752, 55.958692], [37.1780024, 55.9586848], [37.178032, 55.9586622], [37.1780476, 55.9586393], [37.1780433, 55.9585923], [37.1780281, 55.9585286], [37.1780321, 55.9584956], [37.1780491, 55.9584621], [37.1780721, 55.958438], [37.1781178, 55.9584128], [37.178172, 55.9583926], [37.178232, 55.9583841], [37.17839, 55.9583664], [37.1784607, 55.9583631], [37.1785276, 55.9583633], [37.1786282, 55.9583723], [37.178725, 55.9583893], [37.178854, 55.9584219], [37.178971, 55.9584491], [37.1790715, 55.9584661], [37.1791647, 55.9584798], [37.1792783, 55.9584882], [37.1795129, 55.9585156], [37.179624, 55.9585267], [37.1797234, 55.9585302], [37.1798503, 55.95853], [37.1799999, 55.9585282], [37.180128, 55.9585307], [37.1801999, 55.9585275], [37.1803138, 55.9585117], [37.1804396, 55.9584938], [37.1804468, 55.9584935], [37.1805582, 55.9584791], [37.1806937, 55.958464], [37.1807872, 55.9584562], [37.1810457, 55.9584535], [37.1812158, 55.9584399], [37.1812829, 55.9584357], [37.1813548, 55.9584409], [37.1814096, 55.9584518], [37.1814788, 55.9584795], [37.1815667, 55.9585397], [37.1816456, 55.9585808], [37.1817458, 55.9586133], [37.1818677, 55.9586512], [37.1820276, 55.9587], [37.1821231, 55.9587257], [37.1822285, 55.9587408], [37.1823106, 55.9587457], [37.1824198, 55.9587446], [37.1825097, 55.9587334], [37.1825722, 55.9587135], [37.1826083, 55.958688], [37.182629, 55.9586532], [37.1826341, 55.9586096], [37.182601, 55.958551], [37.1825788, 55.958494], [37.1825743, 55.9584538], [37.1825976, 55.9583974], [37.1826256, 55.9583478], [37.1826559, 55.9583069], [37.1826824, 55.9582747], [37.1827162, 55.9582473], [37.1828085, 55.95821], [37.1829253, 55.9581553], [37.1830105, 55.9581091], [37.1831248, 55.9580458], [37.1832234, 55.957999], [37.1833266, 55.957959], [37.1834167, 55.9579269], [37.1834852, 55.9578908], [37.1835549, 55.9578636], [37.1836987, 55.9578411], [37.183784, 55.9578232], [37.1838475, 55.9577951], [37.1839233, 55.9577605], [37.1839822, 55.957723], [37.1840748, 55.9576655], [37.1841892, 55.9575887], [37.1842447, 55.9575478], [37.1843023, 55.9575037], [37.184364, 55.9574388], [37.1843967, 55.9574046], [37.1844112, 55.9573578], [37.1844176, 55.957314], [37.1844181, 55.9572717], [37.1844123, 55.9572248], [37.1844009, 55.9571825], [37.1843854, 55.9571582], [37.1842879, 55.9570768], [37.1842393, 55.9570363], [37.1842058, 55.957008], [37.1841188, 55.9569622], [37.1840725, 55.9569346], [37.1840369, 55.9569036], [37.1840179, 55.9568734], [37.1840278, 55.9568244], [37.1840512, 55.9567641], [37.1840646, 55.9567056], [37.1840701, 55.956644], [37.1840599, 55.9565601], [37.1840315, 55.9565097], [37.1839652, 55.9564396], [37.183901, 55.9563844], [37.1837665, 55.9562961], [37.1836925, 55.9562477], [37.1836224, 55.9561945], [37.1835749, 55.9561399], [37.1835503, 55.9560781], [37.183534, 55.9560223], [37.183532, 55.9559633], [37.1835364, 55.9558855], [37.1835175, 55.9558317], [37.1834571, 55.9557685], [37.1834048, 55.9557234], [37.1833573, 55.9556675], [37.183335, 55.9556326], [37.1833352, 55.9556057], [37.1833618, 55.9555689], [37.1833932, 55.9555427], [37.1834423, 55.9555315], [37.1835027, 55.9555243], [37.1835058, 55.9555232], [37.1835562, 55.9555002], [37.1836079, 55.9554661], [37.1836527, 55.9554299], [37.1836828, 55.9553998], [37.1836878, 55.9553623], [37.1836727, 55.9553012], [37.1836911, 55.9552482], [37.1837395, 55.9552148], [37.1837762, 55.9551991], [37.1838792, 55.9551777], [37.1839902, 55.9551617], [37.1840812, 55.9551356], [37.1841061, 55.9551284], [37.184202, 55.9550901], [37.1842377, 55.9550727], [37.1841791, 55.9550293], [37.1841811, 55.9550273], [37.1832169, 55.9542615], [37.1836741, 55.9540886], [37.1841046, 55.953926], [37.1858263, 55.9533015], [37.1858288, 55.9533006], [37.1862202, 55.9531567], [37.1864035, 55.9530893], [37.1864636, 55.9532056], [37.1875313, 55.9554467], [37.1888245, 55.9561139], [37.1915904, 55.9555652], [37.1925744, 55.9553687], [37.1943295, 55.9550392], [37.1938648, 55.9545043], [37.1952343, 55.9537653], [37.1956928, 55.9544168], [37.1956873, 55.9544526], [37.1957142, 55.954447], [37.1959052, 55.9547182], [37.1998648, 55.9538739], [37.202851, 55.9532172], [37.2029496, 55.9526837], [37.2029357, 55.9526342], [37.2029325, 55.9525736], [37.2029168, 55.9517714], [37.20268, 55.9513502], [37.2026784, 55.9513474], [37.202581, 55.9511202], [37.20253, 55.9509963], [37.2025069, 55.9509609], [37.2025034, 55.9509551], [37.2022889, 55.9505998], [37.2022502, 55.9505368], [37.2021118, 55.9503536], [37.2021089, 55.9502251], [37.2020611, 55.9501501], [37.2020171, 55.9501046], [37.202044, 55.9500706], [37.2020651, 55.9500435], [37.2020762, 55.9500116], [37.2020688, 55.9500046], [37.2020428, 55.9499806], [37.2020162, 55.9499743], [37.2019699, 55.9499702], [37.2019476, 55.9499622], [37.2019377, 55.9499496], [37.2019421, 55.9499278], [37.2019578, 55.9498949], [37.2019735, 55.949876], [37.2019818, 55.9498602], [37.2019821, 55.9498436], [37.2019145, 55.9496702], [37.2019008, 55.949649], [37.2018769, 55.9496336], [37.2018546, 55.9496227], [37.2018151, 55.9496194], [37.2017604, 55.9496249], [37.201731, 55.9496272], [37.2017139, 55.9496255], [37.2016962, 55.9496137], [37.2016879, 55.9495991], [37.2016966, 55.9495818], [37.2016927, 55.9495414], [37.2016703, 55.9495216], [37.201634, 55.9495064], [37.2016172, 55.9494946], [37.201606, 55.9494772], [37.2015752, 55.9494542], [37.2015376, 55.9494249], [37.2015293, 55.949413], [37.2015381, 55.9493602], [37.2015466, 55.9493411], [37.2015721, 55.9493143], [37.2016245, 55.9492796], [37.2016413, 55.9492616], [37.2016513, 55.9492489], [37.2016383, 55.9492211], [37.2016337, 55.9492052], [37.2016774, 55.9491793], [37.2017271, 55.949129], [37.2017449, 55.9490706], [37.2017397, 55.9489894], [37.2017515, 55.9489423], [37.2018042, 55.9488953], [37.2018798, 55.9488532], [37.2019553, 55.9488209], [37.2020077, 55.9488064], [37.2020395, 55.9487773], [37.2021301, 55.9486897], [37.2022378, 55.9486396], [37.2023482, 55.9485977], [37.2024439, 55.9485769], [37.2025165, 55.9485721], [37.2026032, 55.9485918], [37.2026785, 55.9486], [37.2027625, 55.9485922], [37.2028642, 55.9485664], [37.2031284, 55.9484761], [37.2031607, 55.9484437], [37.2031868, 55.9484323], [37.2032504, 55.9484406], [37.2032939, 55.9484423], [37.2034277, 55.9483907], [37.203509, 55.9483454], [37.203567, 55.9483407], [37.2036945, 55.9483442], [37.2038364, 55.9483545], [37.2039465, 55.9483659], [37.2040477, 55.948384], [37.2041229, 55.9483891], [37.2041781, 55.9483811], [37.2042913, 55.9483424], [37.2044455, 55.9482632], [37.2045212, 55.9482341], [37.2046196, 55.9482245], [37.2047559, 55.94822], [37.2048778, 55.9481976], [37.2049645, 55.9482027], [37.2051034, 55.9482339], [37.2052018, 55.9482406], [37.2052771, 55.9482538], [37.2053494, 55.9482751], [37.2055513, 55.9483681], [37.2056412, 55.948396], [37.2058317, 55.9484793], [37.2060657, 55.9485677], [37.206138, 55.9485792], [37.2063233, 55.9485797], [37.2064306, 55.9485896], [37.206523, 55.9486061], [37.2066011, 55.9486306], [37.2066588, 55.9486681], [37.2067081, 55.948678], [37.2067803, 55.9486814], [37.2069136, 55.9487044], [37.2070929, 55.9487326], [37.2071564, 55.9487473], [37.2073327, 55.9488388], [37.2074538, 55.9488943], [37.2075027, 55.9489318], [37.2075692, 55.9489627], [37.2076992, 55.9490166], [37.2078174, 55.949077], [37.2079532, 55.9491407], [37.2080313, 55.9491588], [37.2081036, 55.9491606], [37.2081618, 55.9491445], [37.2082564, 55.9490863], [37.2083512, 55.9490085], [37.2084417, 55.9489193], [37.2085173, 55.9488822], [37.2086016, 55.9488498], [37.2086713, 55.9488094], [37.2087124, 55.9487559], [37.2087242, 55.9487087], [37.208667, 55.9486127], [37.2086122, 55.9485801], [37.2085402, 55.9485183], [37.2084767, 55.9484775], [37.2084339, 55.9484254], [37.2084426, 55.9484076], [37.2085266, 55.9484045], [37.208686, 55.9484146], [37.2087729, 55.9484099], [37.2089178, 55.9484217], [37.2089843, 55.9484267], [37.209126, 55.9484612], [37.2091811, 55.9484662], [37.209314, 55.9485038], [37.209421, 55.9485204], [37.2095021, 55.948527], [37.2095659, 55.9485207], [37.2096529, 55.9484966], [37.2097053, 55.9484772], [37.2097402, 55.9484561], [37.2098361, 55.948432], [37.2099464, 55.9483932], [37.2100045, 55.9483674], [37.2100738, 55.9483505], [37.2101566, 55.9483246], [37.2102457, 55.9483097], [37.2104223, 55.9482702], [37.2105419, 55.9482404], [37.2106473, 55.9482098], [37.2107688, 55.9481801], [37.2109008, 55.9481414], [37.2110402, 55.9480938], [37.2110704, 55.9480778], [37.2111045, 55.9480719], [37.2111365, 55.9480771], [37.2112073, 55.9481401], [37.2112406, 55.9482211], [37.211222, 55.948311], [37.2112272, 55.948337], [37.2112662, 55.9483781], [37.211298, 55.9484111], [37.2113084, 55.9484431], [37.2113333, 55.9484521], [37.2113619, 55.9484492], [37.2114009, 55.9484633], [37.2114437, 55.9484574], [37.211508, 55.9484345], [37.2116081, 55.9484098], [37.2116704, 55.948383], [37.2117455, 55.9483641], [37.21184, 55.9483604], [37.2119414, 55.9483677], [37.2120518, 55.9483889], [37.2121477, 55.9484241], [37.2122624, 55.9484883], [37.2122805, 55.9485173], [37.2122643, 55.9485442], [37.2122106, 55.9485751], [37.2120182, 55.9486376], [37.2119676, 55.9486634], [37.2119514, 55.9486934], [37.2119564, 55.9487772], [37.21199, 55.9487964], [37.2120415, 55.9488014], [37.2120952, 55.9487846], [37.2121218, 55.9487836], [37.2122001, 55.9488068], [37.2122393, 55.948803], [37.212284, 55.9487821], [37.2123214, 55.9487892], [37.2123731, 55.9487803], [37.2124212, 55.9487874], [37.2124763, 55.9487876], [37.2125265, 55.9487736], [37.2125408, 55.9487567], [37.2125355, 55.9487347], [37.2124985, 55.9487096], [37.2124484, 55.9486846], [37.2124382, 55.9486655], [37.212472, 55.9486526], [37.2125237, 55.9486438], [37.2127403, 55.9485224], [37.2128315, 55.9484726], [37.213044, 55.9484082], [37.2130941, 55.9483783], [37.2131369, 55.9483615], [37.2132243, 55.9483516], [37.2133599, 55.948341], [37.2134633, 55.9483122], [37.2135367, 55.9482854], [37.2135704, 55.9482875], [37.2135845, 55.9483115], [37.2135683, 55.9483385], [37.2135896, 55.9483674], [37.2137051, 55.9483878], [37.2138635, 55.9484121], [37.2139968, 55.9484653], [37.2142079, 55.9485843], [37.2142947, 55.9486629], [37.2143193, 55.9486979], [37.2143438, 55.9487409], [37.2144379, 55.9488001], [37.2144807, 55.9488032], [37.2146093, 55.9487644], [37.2147413, 55.9487348], [37.2147788, 55.9487109], [37.2149021, 55.9486782], [37.214968, 55.9486604], [37.2150449, 55.9486556], [37.2151143, 55.9486418], [37.2152497, 55.9486471], [37.2153283, 55.9486383], [37.2154855, 55.9485747], [37.2155606, 55.9485339], [37.2156498, 55.9485091], [37.2157605, 55.9484854], [37.2158033, 55.9484906], [37.2158668, 55.9485396], [37.2159058, 55.9485906], [37.2160387, 55.9486769], [37.2160796, 55.948701], [37.2161312, 55.9487082], [37.2162041, 55.9487153], [37.2162718, 55.9487314], [37.2163751, 55.9487337], [37.2165072, 55.948724], [37.2165581, 55.948705], [37.2165823, 55.9486701], [37.216603, 55.9485852], [37.2166726, 55.9485054], [37.2167262, 55.9484937], [37.2168783, 55.9483891], [37.2169199, 55.9483212], [37.2169739, 55.9482255], [37.217026, 55.9481896], [37.2172421, 55.9481062], [37.2173405, 55.9480434], [37.2174103, 55.9480146], [37.2174548, 55.9480078], [37.2174975, 55.9480148], [37.2175401, 55.9480389], [37.2175722, 55.948047], [37.2177129, 55.9480263], [37.2179424, 55.9482059], [37.2192167, 55.9494097], [37.2199076, 55.9502304], [37.2184454, 55.9514662], [37.219285, 55.9530747], [37.2207934, 55.9540293], [37.2185558, 55.9552062], [37.2193881, 55.9571182], [37.2172453, 55.9579073], [37.2153356, 55.9563228], [37.2138271, 55.9566009], [37.2129634, 55.9558351], [37.212592, 55.9558441], [37.2113848, 55.9564182], [37.2103162, 55.9573461], [37.2101783, 55.9573718], [37.2101283, 55.9575279], [37.2093294, 55.960172], [37.2072985, 55.9614473], [37.2068763, 55.9614407], [37.2056539, 55.9628403], [37.2056397, 55.9631208], [37.2058114, 55.9632131], [37.20928, 55.9644195], [37.2115659, 55.9671511], [37.2091156, 55.9681923], [37.2089162, 55.9686813], [37.2076749, 55.9687217], [37.2083247, 55.9697722], [37.2085291, 55.9700967], [37.2124004, 55.9692435], [37.2131413, 55.9701733], [37.2113032, 55.9704557], [37.2113639, 55.9713447], [37.2117745, 55.9732403], [37.2128397, 55.9765963], [37.2131852, 55.9765199], [37.2144503, 55.9763505], [37.2143385, 55.9761515], [37.2149228, 55.9760791], [37.2155578, 55.9766825], [37.2170014, 55.9759938], [37.2187735, 55.9772412], [37.2177532, 55.9777369], [37.2170506, 55.9776682], [37.2171144, 55.9778202], [37.2171811, 55.9779113], [37.2172665, 55.9780149], [37.217435, 55.9782706], [37.2174582, 55.9783647], [37.2189123, 55.9803601], [37.2200531, 55.9810336], [37.2205146, 55.9813061], [37.2207548, 55.9813683], [37.2208457, 55.9813956], [37.2209319, 55.9814193], [37.2210171, 55.9814367], [37.2210994, 55.9814615], [37.2211949, 55.9814904], [37.2212801, 55.981511], [37.2213598, 55.9815352], [37.2214572, 55.9815646], [37.2215442, 55.9815831], [37.2216059, 55.9815984], [37.2216826, 55.9816174], [37.2217511, 55.9816397], [37.2218043, 55.9816489], [37.2218847, 55.9816574], [37.2219854, 55.9816647], [37.222072, 55.9816746], [37.2221265, 55.9816809], [37.2221666, 55.9816864], [37.2222198, 55.9816931], [37.2222702, 55.9816959], [37.2223757, 55.9817083], [37.2224644, 55.9817145], [37.2225782, 55.9817265], [37.2227163, 55.9817415], [37.2227453, 55.981733], [37.2227936, 55.9817212], [37.2228449, 55.9817101], [37.222906, 55.9816969], [37.222938, 55.9816946], [37.2229812, 55.9816845], [37.2230158, 55.9816865], [37.2230559, 55.9816901], [37.2230951, 55.9816968], [37.2231278, 55.9817056], [37.2231557, 55.9817149], [37.223185, 55.9817301], [37.2232037, 55.9817404], [37.2232259, 55.9817467], [37.2232625, 55.9817503], [37.2233053, 55.9817486], [37.2233518, 55.9817353], [37.2233879, 55.9817217], [37.2234193, 55.9816995], [37.2234518, 55.9816848], [37.2234926, 55.9816715], [37.2235119, 55.9816589], [37.2235323, 55.9816468], [37.2235553, 55.981631], [37.2235728, 55.9816194], [37.2235868, 55.9816115], [37.223609, 55.9816047], [37.223623, 55.9816062], [37.2236417, 55.9816077], [37.2236529, 55.9816092], [37.2236668, 55.9816139], [37.2236783, 55.9816207], [37.2236858, 55.9816326], [37.2237048, 55.9816542], [37.2237057, 55.9816699], [37.2237069, 55.9816819], [37.2237098, 55.981696], [37.2237137, 55.9816997], [37.223724, 55.9817044], [37.2237407, 55.9817075], [37.2237547, 55.9817069], [37.2237722, 55.9817038], [37.2237993, 55.9816932], [37.2238269, 55.9816768], [37.2238502, 55.9816653], [37.2238752, 55.9816552], [37.2239226, 55.9816519], [37.2239485, 55.9816382], [37.2239588, 55.9816361], [37.2239819, 55.9816297], [37.2240062, 55.9816218], [37.2240298, 55.9816024], [37.2240383, 55.9815872], [37.2240418, 55.981573], [37.2240333, 55.9815547], [37.224018, 55.9815348], [37.2240046, 55.9815233], [37.2239982, 55.9815097], [37.2240008, 55.9814998], [37.2240082, 55.9814972], [37.2240195, 55.981496], [37.2240472, 55.9814938], [37.2240585, 55.9814975], [37.2240875, 55.9815021], [37.224108, 55.9815063], [37.2241426, 55.9815131], [37.2241705, 55.981516], [37.2242031, 55.9815144], [37.2242458, 55.9815122], [37.2242776, 55.9815057], [37.2242998, 55.9814968], [37.2243137, 55.9814926], [37.2243397, 55.9814825], [37.2243593, 55.9814846], [37.2243825, 55.9814824], [37.2244114, 55.9814781], [37.2244309, 55.981476], [37.2244493, 55.9814702], [37.2244659, 55.9814585], [37.2244807, 55.9814381], [37.2244953, 55.9814172], [37.2245064, 55.9814045], [37.2245303, 55.9813856], [37.2245376, 55.9813724], [37.2245495, 55.9813551], [37.224568, 55.981343], [37.2245937, 55.9813262], [37.2246153, 55.9813146], [37.2246429, 55.9812972], [37.2246902, 55.9812774], [37.224718, 55.9812739], [37.2247227, 55.9812718], [37.224755, 55.9812728], [37.2247777, 55.9812711], [37.2248231, 55.9812642], [37.2248397, 55.9812468], [37.2248544, 55.9812269], [37.2248616, 55.9812079], [37.2249069, 55.9811107], [37.2249134, 55.9810445], [37.2249265, 55.9809306], [37.2249744, 55.9808438], [37.2250353, 55.9807721], [37.2251287, 55.9807043], [37.2251912, 55.9806593], [37.2252792, 55.9806292], [37.2254008, 55.9805992], [37.2254976, 55.9805808], [37.2256167, 55.9805619], [37.2256641, 55.9805281], [37.2256645, 55.9804865], [37.2256243, 55.9804411], [37.2254496, 55.9803538], [37.2254095, 55.9803198], [37.2254164, 55.9802896], [37.2254706, 55.9802632], [37.2255785, 55.9802371], [37.2256732, 55.9801919], [37.2257749, 55.9801128], [37.2258553, 55.9800801], [37.2258877, 55.9800803], [37.225941, 55.9800995], [37.2259796, 55.9801787], [37.2259886, 55.9802578], [37.2260617, 55.9802662], [37.2261594, 55.9802336], [37.2263252, 55.9801931], [37.2264862, 55.9801607], [37.2265499, 55.9800927], [37.2265506, 55.9799808], [37.2265754, 55.9799181], [37.226639, 55.9798883], [37.2267168, 55.9799048], [37.2267796, 55.9799704], [37.2267985, 55.9800496], [37.2268371, 55.9800878], [37.2269297, 55.980088], [37.2269787, 55.9800554], [37.2269937, 55.9799817], [37.2270284, 55.9799054], [37.227102, 55.9798457], [37.2272043, 55.9798159], [37.2273552, 55.9798162], [37.2275061, 55.9798329], [37.2276469, 55.9798823], [37.2278558, 55.9799618], [37.2280453, 55.9800169], [37.2281621, 55.9800225], [37.2282695, 55.9799955], [37.2283327, 55.9799929], [37.2284738, 55.9800178], [37.228668, 55.9801109], [37.2288473, 55.9802205], [37.2289296, 55.9802889], [37.2290269, 55.9803], [37.2291049, 55.9802838], [37.2292026, 55.9802295], [37.2293249, 55.9801643], [37.2294467, 55.9801482], [37.2295732, 55.9801593], [37.2296752, 55.9802005], [37.2297871, 55.9802281], [37.2299234, 55.9802256], [37.2300353, 55.980234], [37.2301716, 55.9802425], [37.2302594, 55.9802236], [37.230323, 55.9801801], [37.2303382, 55.980101], [37.2303487, 55.9799891], [37.2304025, 55.9799511], [37.2304756, 55.9799485], [37.2305825, 55.9799733], [37.230675, 55.9799789], [37.2307433, 55.9799573], [37.2307777, 55.9799001], [37.2307734, 55.9798346], [37.2306814, 55.9797361], [37.2305804, 55.9795723], [37.2304689, 55.979523], [37.2304399, 55.979482], [37.2304742, 55.9794356], [37.2305038, 55.9793893], [37.2304699, 55.9793374], [37.2304751, 55.9792938], [37.2305534, 55.9792775], [37.2306314, 55.9792587], [37.2306462, 55.9792205], [37.2306123, 55.979174], [37.2305399, 55.9790784], [37.2305356, 55.9790156], [37.2305749, 55.9789584], [37.2306533, 55.9789095], [37.2307412, 55.9788823], [37.2308336, 55.9788934], [37.230877, 55.9789291], [37.2308525, 55.9789808], [37.2308374, 55.9790436], [37.230876, 55.9790791], [37.2309588, 55.9790902], [37.2311291, 55.9790797], [37.2313386, 55.9790964], [37.2315576, 55.9790806], [37.2317185, 55.9790619], [37.2320203, 55.9790762], [37.2322104, 55.9790629], [37.2323859, 55.9790332], [37.2324884, 55.9789871], [37.2326205, 55.9789084], [37.232743, 55.9788049], [37.2328898, 55.9787097], [37.2329481, 55.9787045], [37.2331037, 55.9787375], [37.2331768, 55.9787321], [37.2332062, 55.978705], [37.2331918, 55.978664], [37.2331437, 55.9785793], [37.2331636, 55.9785412], [37.2331978, 55.9785113], [37.233266, 55.9784951], [37.2333488, 55.9785006], [37.2334897, 55.978531], [37.2336307, 55.9785696], [37.2337472, 55.9786161], [37.2338492, 55.9786655], [37.2338926, 55.9787119], [37.2338875, 55.978761], [37.2339067, 55.9788046], [37.2339552, 55.9788266], [37.2340477, 55.9788186], [37.2341163, 55.9787833], [37.2341942, 55.9787671], [37.2342574, 55.9787809], [37.2343057, 55.9788274], [37.2343442, 55.9789038], [37.2343486, 55.9789693], [37.234353, 55.9790294], [37.2343967, 55.9790569], [37.2345134, 55.9790706], [37.2346009, 55.9790845], [37.234819, 55.979205], [37.2348628, 55.9792597], [37.2348624, 55.9793224], [37.2348912, 55.9793524], [37.2349497, 55.9793607], [37.235042, 55.9793446], [37.2351883, 55.9793285], [37.2353198, 55.9793396], [37.2354317, 55.9793535], [37.2354948, 55.9793892], [37.2354994, 55.9794301], [37.2354601, 55.979471], [37.2353721, 55.9795117], [37.2352063, 55.979555], [37.2351478, 55.9795821], [37.2351474, 55.9796232], [37.2352105, 55.9796505], [37.2353371, 55.9796644], [37.2354685, 55.9796783], [37.235556, 55.9796976], [37.2357015, 55.9797798], [37.2358183, 55.9797992], [37.2359253, 55.9797939], [37.2360229, 55.979775], [37.2361886, 55.9797427], [37.2363397, 55.979732], [37.2364565, 55.9797104], [37.2365641, 55.9796589], [37.2366376, 55.9796017], [37.2366721, 55.9795226], [37.2366629, 55.9794353], [37.2366635, 55.9793644], [37.2366932, 55.9792962], [37.2367377, 55.9792092], [37.2367284, 55.9791381], [37.236753, 55.9790945], [37.236836, 55.979062], [37.2369433, 55.9790431], [37.2370504, 55.9790543], [37.2371378, 55.9790763], [37.2372156, 55.9790818], [37.2373182, 55.9790494], [37.2374745, 55.9789842], [37.2375573, 55.9789681], [37.2376255, 55.9789846], [37.2376693, 55.9790228], [37.2376491, 55.9790719], [37.237605, 55.9791155], [37.2376193, 55.9791564], [37.2376728, 55.9791838], [37.2377456, 55.9791812], [37.2378093, 55.9791514], [37.2378632, 55.9791051], [37.2379218, 55.9790725], [37.2380828, 55.9790291], [37.238195, 55.9789857], [37.2382588, 55.9789286], [37.238279, 55.9788359], [37.2383132, 55.9788059], [37.2383718, 55.9787869], [37.2384498, 55.9787871], [37.2385372, 55.9788037], [37.238571, 55.9788338], [37.2385658, 55.9788747], [37.2385412, 55.9789237], [37.2385507, 55.9789647], [37.2385942, 55.9789866], [37.2386672, 55.9789976], [37.238794, 55.9789842], [37.2388917, 55.9789573], [37.2389845, 55.9789083], [37.2391118, 55.9788103], [37.2391847, 55.9787915], [37.2392726, 55.978797], [37.2393601, 55.9788218], [37.2394621, 55.9788384], [37.2396081, 55.9788496], [37.2396665, 55.9788716], [37.2396808, 55.9789071], [37.2396461, 55.9789643], [37.2396214, 55.9790215], [37.2396505, 55.979068], [37.2397183, 55.9791036], [37.239801, 55.9791201], [37.2399565, 55.9791778], [37.2400294, 55.9791779], [37.2400734, 55.979148], [37.2401082, 55.9790716], [37.2401423, 55.9790553], [37.2401958, 55.9790556], [37.240249, 55.9790829], [37.2402829, 55.9791402], [37.2403117, 55.9791921], [37.2403603, 55.9792113], [37.2404333, 55.9792169], [37.2405221, 55.979209], [37.240594, 55.9792009], [37.2406721, 55.9792092], [37.2407256, 55.9792285], [37.2407544, 55.9792587], [37.2407735, 55.9793076], [37.2407827, 55.9793977], [37.2408068, 55.9794496], [37.2408454, 55.9794742], [37.240899, 55.9794826], [37.2409819, 55.9794692], [37.2410404, 55.9794419], [37.2410846, 55.9794092], [37.2411335, 55.979352], [37.2411729, 55.979314], [37.2412461, 55.979295], [37.2413287, 55.9792953], [37.2414163, 55.9793118], [37.2415525, 55.9793448], [37.2416741, 55.9793614], [37.2417764, 55.9793589], [37.2418795, 55.9793454], [37.241926, 55.979338], [37.2419795, 55.9793146], [37.2420274, 55.9792738], [37.2420558, 55.9792127], [37.2420563, 55.9791467], [37.2420593, 55.9790934], [37.2420987, 55.9790622], [37.2421719, 55.9790434], [37.242284, 55.9790326], [37.2423849, 55.979025], [37.2424661, 55.9790063], [37.2425055, 55.9789814], [37.2425058, 55.9789484], [37.242442, 55.9788619], [37.242417, 55.9788085], [37.2424258, 55.9787583], [37.2424598, 55.9787128], [37.2425272, 55.9786784], [37.242603, 55.9786424], [37.2426397, 55.9786003], [37.2426429, 55.9785516], [37.2426152, 55.9785106], [37.2425231, 55.9784619], [37.2423723, 55.9783908], [37.2423417, 55.9783532], [37.2423392, 55.9783092], [37.2423676, 55.9782685], [37.2424688, 55.9781965], [37.2425841, 55.978137], [37.2427104, 55.978084], [37.2428313, 55.9780246], [37.2429215, 55.977951], [37.2429947, 55.9778805], [37.243034, 55.9778696], [37.2432188, 55.9778825], [37.2433897, 55.9778719], [37.2435272, 55.9778675], [37.2435777, 55.9778504], [37.2436201, 55.9777878], [37.2436375, 55.9776872], [37.2436244, 55.9775774], [37.2435644, 55.9774909], [37.2435495, 55.9774359], [37.2435582, 55.9774084], [37.2435751, 55.9773794], [37.2436145, 55.9773607], [37.2436678, 55.977342], [37.2437295, 55.9773373], [37.2437939, 55.977336], [37.2438806, 55.9773503], [37.2439114, 55.9773425], [37.2439369, 55.9773268], [37.2439822, 55.9772421], [37.2440355, 55.9772187], [37.2440778, 55.977189], [37.2440921, 55.9771482], [37.2440923, 55.9771231], [37.2440902, 55.9769374], [37.2436962, 55.9766983], [37.2464974, 55.9757394], [37.250464, 55.9726829], [37.25327, 55.9704143], [37.2528408, 55.9685687], [37.2526505, 55.9680639], [37.2524878, 55.9678978], [37.2529376, 55.9679027], [37.2532071, 55.9678132], [37.2533622, 55.967844], [37.2535164, 55.9678892], [37.2536461, 55.9679707], [37.25369, 55.968021], [37.253841, 55.9680621], [37.2539562, 55.9680896], [37.2540572, 55.9680809], [37.2542215, 55.9680723], [37.2543199, 55.9680801], [37.2544038, 55.9681274], [37.2544831, 55.9681269], [37.2545581, 55.9681009], [37.2545855, 55.9680578], [37.2546571, 55.968023], [37.2547205, 55.967963], [37.2547602, 55.9679478], [37.2548441, 55.9679449], [37.2550435, 55.9679255], [37.255151, 55.9679436], [37.2552154, 55.9679418], [37.2553573, 55.9679116], [37.2554037, 55.9679129], [37.2555374, 55.9678948], [37.2556223, 55.9678973], [37.255653, 55.9679069], [37.2556923, 55.96794], [37.2557319, 55.9679585], [37.2558213, 55.9679466], [37.2559154, 55.9679252], [37.2559689, 55.9678986], [37.2560278, 55.9678747], [37.2562847, 55.9678485], [37.2563358, 55.9678416], [37.2563723, 55.9678446], [37.2564765, 55.9678244], [37.2566216, 55.9677993], [37.2567398, 55.9677437], [37.2568482, 55.9677099], [37.2570153, 55.967688], [37.2571505, 55.9676867], [37.2572671, 55.9676855], [37.2573362, 55.9676678], [37.2573945, 55.9676695], [37.2574765, 55.9676844], [37.2575668, 55.9676757], [37.2576623, 55.9676745], [37.2577576, 55.967682], [37.2578611, 55.9676718], [37.2579473, 55.9676749], [37.2579716, 55.9676822], [37.2580703, 55.967712], [37.2581713, 55.9677279], [37.2582256, 55.9677288], [37.2583094, 55.9677166], [37.2584108, 55.9677093], [37.2584929, 55.9677063], [37.2585796, 55.9677064], [37.2586956, 55.967714], [37.2588212, 55.9677439], [37.2589755, 55.967806], [37.2592242, 55.9678426], [37.2596839, 55.9678824], [37.2598813, 55.9678931], [37.2600364, 55.9679084], [37.2601646, 55.9678806], [37.2611191, 55.9674703], [37.2611663, 55.9674514], [37.2609457, 55.9672908], [37.2622617, 55.9668767], [37.2636735, 55.9669716], [37.2645469, 55.9672533], [37.2675496, 55.9675917], [37.268302, 55.9678365], [37.2681368, 55.9682126], [37.2612918, 55.9680732], [37.2615811, 55.9699104], [37.2610555, 55.9699023], [37.2614608, 55.971425], [37.2628199, 55.9717629], [37.2629924, 55.9719154], [37.2630429, 55.9719038], [37.2630972, 55.971895], [37.2631427, 55.9718947], [37.2631781, 55.9718984], [37.2631994, 55.9719126], [37.2632068, 55.9719324], [37.2631954, 55.9719536], [37.2631689, 55.9719726], [37.2631395, 55.9719946], [37.2631318, 55.97202], [37.263143, 55.9720504], [37.2631618, 55.9720796], [37.263192, 55.9721086], [37.2632284, 55.9721334], [37.2632434, 55.9721428], [37.2632738, 55.9721619], [37.2633216, 55.9721896], [37.2633719, 55.9722154], [37.2634551, 55.9722584], [37.2635258, 55.9723839], [37.263798, 55.9727113], [37.2638711, 55.9729044], [37.2636231, 55.9728945], [37.2636079, 55.9730153], [37.2639197, 55.9730332], [37.2646064, 55.9747183], [37.2651779, 55.9761832], [37.2655042, 55.9771444], [37.2656665, 55.9776104], [37.266438, 55.9794662], [37.2660615, 55.9795444], [37.2654083, 55.9796474], [37.2661625, 55.9811435], [37.2665677, 55.9813662], [37.2671024, 55.9816244], [37.267743, 55.9819338], [37.2673545, 55.9824283], [37.2651737, 55.9830376], [37.2655034, 55.9844898], [37.2651069, 55.9858838], [37.2642351, 55.9869114], [37.2644582, 55.9871372], [37.2639459, 55.9873183], [37.2637145, 55.9876265], [37.2630137, 55.9885412], [37.261111, 55.9879385], [37.2586847, 55.9877301], [37.256052, 55.9873364], [37.2555495, 55.9872614], [37.2546995, 55.9876787], [37.2537922, 55.9882694], [37.2573078, 55.9900582], [37.2592815, 55.991703], [37.2605357, 55.9931529], [37.2567069, 55.9946155], [37.2544148, 55.9955098], [37.2524586, 55.996273], [37.2484436, 55.9978412], [37.2485037, 55.9983936], [37.248087, 55.9985533], [37.2474508, 55.9990808], [37.2470321, 56.0001369], [37.2467531, 56.0004861], [37.2463116, 56.0008098], [37.2453938, 56.0010689], [37.2443671, 56.0010943], [37.2434038, 56.0008937], [37.2423007, 56.0002817], [37.2406766, 56.0009268], [37.2404145, 56.0010308], [37.2354033, 56.0029686], [37.2317603, 56.0044286], [37.2286881, 56.0055685], [37.2261025, 56.0065664], [37.2231837, 56.0076962], [37.2205148, 56.0087447], [37.2178427, 56.0097574], [37.2147661, 56.0109527], [37.2106647, 56.0124305], [37.2113024, 56.0129758], [37.2073751, 56.0171497], [37.2069723, 56.0171702], [37.2069039, 56.0171737], [37.2058531, 56.0167369], [37.2051287, 56.0164464], [37.2038304, 56.0159427], [37.2032501, 56.0154857], [37.2006278, 56.0165665], [37.1974583, 56.0178464], [37.1955701, 56.0186013], [37.1907449, 56.020521], [37.1902353, 56.0207287], [37.1895977, 56.0209797], [37.1889779, 56.0212238], [37.1888142, 56.0211207], [37.1881598, 56.0207088], [37.1869984, 56.0199938], [37.1849096, 56.0201431], [37.1848916, 56.0200719], [37.1845117, 56.0200182], [37.1842124, 56.0197214], [37.1852848, 56.0189154], [37.1836967, 56.0179985], [37.181474, 56.0167156], [37.1791187, 56.0160539], [37.1776115, 56.0151322], [37.1756931, 56.0149845], [37.1738175, 56.0148414], [37.1725194, 56.0147315], [37.1712529, 56.0146262], [37.1691855, 56.0142185], [37.1686676, 56.014106], [37.1677441, 56.0138908], [37.1675739, 56.0138961], [37.1659503, 56.0139468], [37.1646152, 56.0142329], [37.1642138, 56.0140692], [37.1638245, 56.0135953], [37.1626553, 56.0139375], [37.1617301, 56.0132212], [37.1605066, 56.0134251], [37.1588625, 56.0137002], [37.1586609, 56.014142], [37.1599625, 56.0144412], [37.1591857, 56.0153355], [37.1597779, 56.0158978], [37.1597543, 56.0163625], [37.1589699, 56.017214], [37.1582559, 56.0179977], [37.1570177, 56.0178995], [37.1550519, 56.017639], [37.1519424, 56.0168306], [37.1505202, 56.0164989], [37.1500947, 56.0172227], [37.1491693, 56.0173914], [37.147467, 56.0176997], [37.1467165, 56.0178363], [37.1452353, 56.0180924], [37.1447668, 56.0179679], [37.1441841, 56.0176922], [37.1433485, 56.0176918], [37.1407364, 56.0180745], [37.1387535, 56.0183722], [37.1388403, 56.018132], [37.1389269, 56.017892], [37.1384533, 56.0181091], [37.137433, 56.0185768], [37.1360906, 56.0191079], [37.1358213, 56.0189341], [37.1350934, 56.0184064], [37.134024, 56.0177327], [37.1326591, 56.016777], [37.131602, 56.0164459]]]]}}, {"id": "0", "type": "Feature", "properties": {"name": "\u0421\u0435\u0432\u0435\u0440\u043e-\u0412\u043e\u0441\u0442\u043e\u0447\u043d\u044b\u0439 \u0430\u0434\u043c\u0438\u043d\u0438\u0441\u0442\u0440\u0430\u0442\u0438\u0432\u043d\u044b\u0439 \u043e\u043a\u0440\u0443\u0433"}, "geometry": {"type": "MultiPolygon", "coordinates": [[[[37.5192348, 55.9419381], [37.5199801, 55.9402942], [37.5200183, 55.9401805], [37.5200286, 55.9400859], [37.5211561, 55.9379628], [37.5233421, 55.9336289], [37.5287425, 55.9229671], [37.5357167, 55.908694], [37.5359884, 55.9081509], [37.5363206, 55.9075673], [37.5368342, 55.9071172], [37.5376117, 55.9054753], [37.5378582, 55.9050619], [37.5380601, 55.9047557], [37.5383126, 55.9044282], [37.5386925, 55.9039985], [37.5392272, 55.9034996], [37.5399434, 55.9028844], [37.5405773, 55.9024308], [37.5411696, 55.9020266], [37.5416646, 55.901731], [37.542371, 55.9013678], [37.5428854, 55.9011424], [37.5441185, 55.9006656], [37.5442395, 55.900621], [37.5519785, 55.8977748], [37.5528556, 55.897461], [37.5590425, 55.8952338], [37.5622276, 55.8940408], [37.563069, 55.8936976], [37.5640581, 55.8932732], [37.5647478, 55.892842], [37.5653705, 55.8923855], [37.5658968, 55.8919341], [37.5663586, 55.8914168], [37.5667552, 55.8908373], [37.5670561, 55.8901632], [37.5671989, 55.8892787], [37.5674047, 55.8873022], [37.5674995, 55.8845481], [37.5676753, 55.8826443], [37.5681621, 55.8782822], [37.5682909, 55.8775903], [37.5684672, 55.8769883], [37.5692874, 55.8749889], [37.5699988, 55.8733054], [37.5704746, 55.8721765], [37.571371, 55.8701817], [37.5726182, 55.8671063], [37.5731862, 55.8657867], [37.5739179, 55.8640117], [37.574328, 55.8630022], [37.5746003, 55.8621169], [37.5746814, 55.8611375], [37.5746315, 55.860457], [37.5745464, 55.859893], [37.5743515, 55.8592176], [37.5741499, 55.8586016], [37.573442, 55.8568734], [37.5729126, 55.8555198], [37.5727958, 55.8551452], [37.5727074, 55.8547347], [37.5726431, 55.8541581], [37.5726782, 55.8532061], [37.5727664, 55.8523125], [37.5729058, 55.8514198], [37.5730897, 55.8506243], [37.5733094, 55.8498402], [37.573671, 55.848794], [37.5737717, 55.8484763], [37.5738961, 55.848099], [37.5744414, 55.8465657], [37.5749493, 55.8450937], [37.5751612, 55.8444973], [37.5752619, 55.8442231], [37.5753902, 55.8439759], [37.575414, 55.8439302], [37.5756422, 55.843584], [37.5760527, 55.8430973], [37.5768959, 55.8422858], [37.5777068, 55.8414408], [37.5780233, 55.8410257], [37.5782717, 55.8406254], [37.5785127, 55.8400345], [37.5786726, 55.8394438], [37.5787192, 55.8390322], [37.5787395, 55.8386144], [37.5786411, 55.8379066], [37.5785402, 55.8375885], [37.5783617, 55.8371429], [37.5781537, 55.8367858], [37.5777739, 55.8363055], [37.5773996, 55.8359018], [37.5767786, 55.8353579], [37.5762939, 55.8349497], [37.5761106, 55.8348039], [37.5759672, 55.8346974], [37.5754979, 55.8343665], [37.5750563, 55.8339972], [37.5746772, 55.8336306], [37.574409, 55.8333122], [37.5741054, 55.832865], [37.5738693, 55.8323964], [37.5737615, 55.8320855], [37.573685, 55.8318439], [37.5735936, 55.8314728], [37.5735659, 55.8310887], [37.5735756, 55.830584], [37.5736424, 55.8291452], [37.5739482, 55.8227968], [37.5740221, 55.8223928], [37.5741424, 55.8219591], [37.5743079, 55.8215329], [37.5745532, 55.8211161], [37.5756899, 55.8195945], [37.5775357, 55.8171248], [37.5778185, 55.8166406], [37.5780554, 55.8160549], [37.5786805, 55.8131389], [37.5788313, 55.8126213], [37.5790441, 55.8121915], [37.5791446, 55.8120186], [37.5793077, 55.8118077], [37.5796069, 55.8114784], [37.5804261, 55.8108524], [37.5810542, 55.8105065], [37.5836423, 55.809306], [37.5844019, 55.8088932], [37.58473, 55.8086823], [37.5843355, 55.8086854], [37.5831368, 55.8086214], [37.5806522, 55.8082874], [37.581197, 55.8073741], [37.5817843, 55.8064254], [37.5823396, 55.805521], [37.5828408, 55.8037216], [37.5831873, 55.8023779], [37.5835067, 55.8010217], [37.5837205, 55.799932], [37.5839686, 55.7984942], [37.5841136, 55.7972083], [37.5842021, 55.7962622], [37.5842473, 55.7958514], [37.5842913, 55.7955017], [37.5843177, 55.7953225], [37.5843884, 55.7950828], [37.5844248, 55.7949955], [37.5844709, 55.794903], [37.5845314, 55.7948086], [37.5845992, 55.7947214], [37.5846713, 55.7946372], [37.5847379, 55.7945681], [37.5848158, 55.7944985], [37.5850046, 55.7943694], [37.5857332, 55.7939602], [37.5865301, 55.7934375], [37.5877996, 55.7926366], [37.5881085, 55.7925924], [37.5882178, 55.7925738], [37.5882843, 55.7925624], [37.5889043, 55.7924632], [37.5891654, 55.7924205], [37.5892442, 55.7924116], [37.589328, 55.7924067], [37.5894237, 55.792407], [37.5897623, 55.7924261], [37.589934, 55.7924333], [37.5899695, 55.7924329], [37.590176, 55.7924365], [37.590289, 55.7924367], [37.5917312, 55.792439], [37.5922392, 55.792437], [37.5927828, 55.7924349], [37.5933114, 55.7924291], [37.5934651, 55.7924211], [37.5944086, 55.7923317], [37.5954127, 55.7922483], [37.5956567, 55.7922329], [37.5958899, 55.7922256], [37.5961382, 55.7922329], [37.5963844, 55.7922463], [37.5972547, 55.7923076], [37.5982911, 55.7923959], [37.5992957, 55.7924817], [37.5993139, 55.7924048], [37.5993452, 55.792275], [37.5994982, 55.791695], [37.5995172, 55.7916172], [37.5995383, 55.7915493], [37.5996239, 55.7912733], [37.5996499, 55.79119], [37.5997258, 55.7909328], [37.5997617, 55.7908111], [37.5998997, 55.7903208], [37.5999028, 55.7903093], [37.600139, 55.789477], [37.6001621, 55.7893978], [37.6002011, 55.7892748], [37.600396, 55.7886025], [37.6005689, 55.7880253], [37.6006396, 55.7878018], [37.6008318, 55.7873143], [37.6010966, 55.7867111], [37.6011558, 55.7865723], [37.6013356, 55.7861464], [37.6015258, 55.7856961], [37.6015517, 55.7856259], [37.601638, 55.7853899], [37.6016871, 55.7852602], [37.6017035, 55.7852132], [37.6017199, 55.7851689], [37.6018463, 55.7851794], [37.6019387, 55.7851856], [37.6026849, 55.7852387], [37.6028574, 55.7852512], [37.6035816, 55.7853005], [37.6037257, 55.7853079], [37.6039062, 55.7853206], [37.6043484, 55.785337], [37.6045341, 55.7853269], [37.6046803, 55.7852888], [37.6047906, 55.7852377], [37.6056838, 55.7848252], [37.6057307, 55.7848056], [37.6058516, 55.7847536], [37.6060179, 55.7846873], [37.6061407, 55.7846396], [37.6062204, 55.7846087], [37.606254, 55.784595], [37.6063181, 55.7845707], [37.606754, 55.7844048], [37.6067939, 55.7843892], [37.6072704, 55.784232], [37.6079072, 55.7840132], [37.6080578, 55.7839617], [37.6093395, 55.7835245], [37.6097475, 55.7833937], [37.6103665, 55.7831968], [37.6109297, 55.7830248], [37.6112969, 55.7829048], [37.6113854, 55.7828758], [37.6114274, 55.7828621], [37.6119029, 55.7827058], [37.6123149, 55.7825885], [37.6124491, 55.782548], [37.6125554, 55.7826518], [37.6127055, 55.7828259], [37.6127667, 55.7829063], [37.6128099, 55.7829856], [37.6129368, 55.7833023], [37.6129803, 55.7833557], [37.6130598, 55.783394], [37.6131469, 55.7834164], [37.6132351, 55.7834256], [37.6146295, 55.7835], [37.6146955, 55.7834993], [37.6147653, 55.7834914], [37.6148355, 55.7834787], [37.6149102, 55.7834494], [37.6149611, 55.7834162], [37.6150049, 55.7833767], [37.6152183, 55.7830401], [37.6153517, 55.7828366], [37.6153, 55.7830486], [37.6152666, 55.7832852], [37.6152687, 55.7833851], [37.6152868, 55.7834989], [37.6154776, 55.7838834], [37.6155075, 55.7839673], [37.6155274, 55.7840752], [37.6156164, 55.7842953], [37.6158553, 55.7846847], [37.6159444, 55.7848297], [37.6161339, 55.7851499], [37.6162142, 55.7852876], [37.6162701, 55.7853819], [37.6167219, 55.7861465], [37.6168201, 55.7864317], [37.6168144, 55.7865337], [37.6167978, 55.7868238], [37.6167847, 55.7869586], [37.6167551, 55.7872616], [37.6167485, 55.7873371], [37.6167078, 55.7877944], [37.6167002, 55.7878526], [37.6166848, 55.7880673], [37.6166499, 55.7884091], [37.6166361, 55.7885002], [37.6166342, 55.7885136], [37.6166325, 55.788527], [37.6166213, 55.7886126], [37.6165649, 55.7893713], [37.6165546, 55.7895144], [37.6165235, 55.7899443], [37.6164658, 55.790761], [37.6164298, 55.7912739], [37.6164262, 55.7913337], [37.6164237, 55.7913765], [37.6164115, 55.7915779], [37.6163843, 55.7919212], [37.6163541, 55.7923006], [37.6163495, 55.7923664], [37.6163109, 55.7929034], [37.6163097, 55.793116], [37.6163715, 55.7931155], [37.6166832, 55.7931115], [37.6169901, 55.7931057], [37.6175803, 55.7930833], [37.6181579, 55.7930569], [37.6193742, 55.7929887], [37.6213641, 55.7928551], [37.6223632, 55.7927975], [37.6234441, 55.7927467], [37.6246204, 55.7926871], [37.6279594, 55.7925078], [37.6282281, 55.7924844], [37.6285189, 55.7924501], [37.6289407, 55.7923807], [37.6297353, 55.7922408], [37.6298757, 55.792215], [37.630125, 55.7921692], [37.6306133, 55.7920795], [37.6310794, 55.7920005], [37.631313, 55.7919657], [37.6315367, 55.791937], [37.6318893, 55.7919011], [37.6324313, 55.7918625], [37.6326465, 55.7918521], [37.632883, 55.7918449], [37.6331512, 55.7918425], [37.6334136, 55.7918429], [37.6335944, 55.7918471], [37.6337763, 55.7918528], [37.6340869, 55.7918661], [37.6346376, 55.7918923], [37.6346046, 55.7922807], [37.6345055, 55.7933062], [37.6344647, 55.7938023], [37.634432, 55.7943], [37.6344312, 55.7944611], [37.6344483, 55.7946121], [37.6347473, 55.7959956], [37.634957, 55.7969453], [37.635, 55.7971703], [37.635676, 55.796732], [37.6360476, 55.7965691], [37.636271, 55.7964655], [37.6365433, 55.7963601], [37.6368303, 55.7962192], [37.6372258, 55.7960716], [37.6376888, 55.7959116], [37.6377114, 55.7959289], [37.6385285, 55.7955981], [37.6388081, 55.7954812], [37.6393584, 55.7952104], [37.6395907, 55.795105], [37.6395737, 55.7950918], [37.6395822, 55.795069], [37.6396206, 55.7950834], [37.6401683, 55.7947911], [37.6404859, 55.7946125], [37.6412787, 55.7941057], [37.6418542, 55.7937295], [37.6427046, 55.7931716], [37.642957, 55.7930115], [37.6432477, 55.7928271], [37.6461192, 55.7909534], [37.646997, 55.7906045], [37.647731, 55.7903806], [37.6482277, 55.790238], [37.6487562, 55.7901072], [37.6500628, 55.7897144], [37.6503409, 55.7896478], [37.651542, 55.78936], [37.6507092, 55.7909339], [37.6504514, 55.7916395], [37.6501162, 55.7927927], [37.650136, 55.7932139], [37.6501578, 55.7940082], [37.6503576, 55.796136], [37.6503617, 55.7972106], [37.6504697, 55.7980169], [37.6504891, 55.7987596], [37.65072, 55.7994188], [37.651284, 55.8004205], [37.6525991, 55.8021111], [37.6538241, 55.8038637], [37.6548995, 55.8051109], [37.6578185, 55.8080219], [37.6581186, 55.8083604], [37.659441, 55.8098593], [37.6600552, 55.8105554], [37.6627618, 55.8136658], [37.6631078, 55.8140457], [37.6636629, 55.8147035], [37.6680768, 55.819874], [37.6680637, 55.8199145], [37.6682997, 55.8201784], [37.6690882, 55.8213356], [37.6695228, 55.822153], [37.6704285, 55.824076], [37.6704689, 55.824192], [37.6706941, 55.8243936], [37.6707973, 55.8248211], [37.6708388, 55.8249572], [37.6710217, 55.8256718], [37.6712823, 55.8266039], [37.67152, 55.8273625], [37.6715749, 55.8290255], [37.6715397, 55.8292742], [37.6714319, 55.8300367], [37.671274, 55.8308872], [37.6710663, 55.8322989], [37.6710273, 55.8325648], [37.6708873, 55.833602], [37.6707673, 55.8345082], [37.6706272, 55.8356501], [37.6705206, 55.8365487], [37.6703805, 55.8376758], [37.6702253, 55.8386456], [37.6702103, 55.8387395], [37.6707205, 55.8386349], [37.6721513, 55.8384431], [37.6728571, 55.8383528], [37.6734162, 55.8383395], [37.6735678, 55.8383359], [37.6742599, 55.8383702], [37.6746471, 55.8384076], [37.6750964, 55.8384732], [37.6751816, 55.8384923], [37.6754746, 55.838559], [37.6756893, 55.838614], [37.6763165, 55.8388216], [37.676898, 55.8390942], [37.6773835, 55.8393897], [37.6777381, 55.8396758], [37.6780198, 55.8399352], [37.6782686, 55.8403445], [37.6784034, 55.8407005], [37.6784553, 55.8410173], [37.6784626, 55.8412338], [37.6784482, 55.8414271], [37.6784116, 55.8416314], [37.6783464, 55.8418159], [37.6802575, 55.8424747], [37.6813889, 55.8432124], [37.6853622, 55.8452913], [37.6856774, 55.8454549], [37.6858622, 55.8455547], [37.6860296, 55.8456452], [37.6861631, 55.8457172], [37.6866191, 55.8459631], [37.6888898, 55.8472], [37.6890677, 55.8472882], [37.6891152, 55.8473165], [37.6903182, 55.8480055], [37.6903038, 55.8481063], [37.690215, 55.8481906], [37.6912759, 55.8493461], [37.6922263, 55.8503066], [37.6899703, 55.851223], [37.6913965, 55.8522582], [37.6922843, 55.8529088], [37.6883278, 55.8539259], [37.6867678, 55.8545128], [37.6867899, 55.8547733], [37.6878597, 55.8554915], [37.6879812, 55.8555163], [37.6886033, 55.8552848], [37.6894095, 55.8559565], [37.6902429, 55.8558957], [37.6905982, 55.8560843], [37.6907471, 55.8561773], [37.6916306, 55.8560298], [37.6925214, 55.8561332], [37.6931331, 55.8557965], [37.6930691, 55.8556986], [37.6928954, 55.8555677], [37.6926339, 55.8555097], [37.6924302, 55.8553302], [37.6927736, 55.8551669], [37.6938021, 55.8540104], [37.6947455, 55.8533753], [37.6937646, 55.8520726], [37.6968228, 55.8481608], [37.7035866, 55.8487732], [37.7052438, 55.8480435], [37.7056434, 55.8479445], [37.7068677, 55.8478345], [37.7104244, 55.8475046], [37.7105938, 55.8474372], [37.7107057, 55.8473926], [37.7107732, 55.8473869], [37.7109999, 55.8473814], [37.7120984, 55.8473548], [37.7123876, 55.8474329], [37.712503, 55.8475275], [37.7127062, 55.8474396], [37.714075, 55.8469148], [37.7171277, 55.8490573], [37.7177561, 55.8493449], [37.7179781, 55.8494465], [37.7193496, 55.8500088], [37.7201692, 55.8505716], [37.7197732, 55.8511819], [37.719405, 55.8514226], [37.7210049, 55.8522056], [37.7216393, 55.8529241], [37.7214562, 55.8533644], [37.7187936, 55.858975], [37.7187853, 55.8589926], [37.7182989, 55.8600171], [37.7180172, 55.8606072], [37.7176294, 55.8606215], [37.7153282, 55.8607056], [37.7094382, 55.8609111], [37.7093251, 55.8625665], [37.7091864, 55.8629558], [37.7077052, 55.8639354], [37.7068678, 55.864348], [37.7068126, 55.8644903], [37.7072119, 55.8647584], [37.7073468, 55.8648575], [37.7078356, 55.8652652], [37.7079241, 55.8653369], [37.7076994, 55.8655185], [37.709035, 55.8662523], [37.7111427, 55.867432], [37.715232, 55.8698021], [37.7158133, 55.8701542], [37.719053, 55.8722455], [37.7200444, 55.8725989], [37.7210817, 55.8732214], [37.7218127, 55.873875], [37.7227584, 55.8735577], [37.7229899, 55.8734709], [37.7237328, 55.8732719], [37.7242556, 55.873008], [37.7253004, 55.8733524], [37.7265802, 55.8737555], [37.7270818, 55.873855], [37.72734, 55.8739218], [37.7279264, 55.8739004], [37.728542, 55.874259], [37.7290471, 55.8746469], [37.7298325, 55.8746654], [37.7318196, 55.8749451], [37.7310769, 55.875716], [37.7310813, 55.87596], [37.7310234, 55.876804], [37.7310102, 55.8768929], [37.7312514, 55.8769952], [37.7324971, 55.8777126], [37.7327664, 55.877921], [37.7328953, 55.8780489], [37.7333987, 55.8781054], [37.7337763, 55.877913], [37.7347837, 55.8784053], [37.7323696, 55.8795229], [37.730375, 55.8806066], [37.7297017, 55.8810571], [37.7294495, 55.8815686], [37.7292909, 55.8820463], [37.7294533, 55.8826172], [37.7295603, 55.8829031], [37.7296648, 55.8830906], [37.7300042, 55.883556], [37.730193, 55.8837838], [37.7303817, 55.8840118], [37.7308793, 55.8843957], [37.7312592, 55.8847739], [37.7320995, 55.8853157], [37.7315551, 55.8856185], [37.7300654, 55.8850152], [37.7275238, 55.883951], [37.7243624, 55.8838018], [37.721481, 55.8850378], [37.7202076, 55.8856611], [37.7197072, 55.8859102], [37.7192694, 55.8861279], [37.7112059, 55.8901494], [37.7075818, 55.891766], [37.7075862, 55.8921463], [37.7073434, 55.8922591], [37.7071883, 55.892331], [37.7064346, 55.8922583], [37.7030517, 55.8934115], [37.6987201, 55.8943359], [37.6942879, 55.8948747], [37.6889088, 55.8950884], [37.6851244, 55.8951998], [37.6823388, 55.8952989], [37.6808014, 55.8954342], [37.6788505, 55.8954198], [37.6769548, 55.8954621], [37.6763235, 55.8956091], [37.6745497, 55.8964873], [37.6741514, 55.8966305], [37.6731528, 55.8970331], [37.6730408, 55.8971129], [37.6728378, 55.897412], [37.6726694, 55.8978366], [37.6718407, 55.8977268], [37.6718818, 55.8974764], [37.6718619, 55.8972361], [37.6715637, 55.8969056], [37.6701035, 55.8960146], [37.6695557, 55.8957757], [37.6691833, 55.8956783], [37.6661917, 55.8957933], [37.6632928, 55.8959169], [37.6608621, 55.8960826], [37.6566763, 55.8963845], [37.6522571, 55.8967786], [37.6473691, 55.8972854], [37.6440665, 55.8976995], [37.6394855, 55.898346], [37.6373524, 55.8986083], [37.6337227, 55.8991984], [37.6306941, 55.8997019], [37.6294644, 55.8999334], [37.6292696, 55.8999288], [37.6275168, 55.900313], [37.625554, 55.9006864], [37.6213486, 55.9015145], [37.6195224, 55.9019202], [37.6175125, 55.9024202], [37.6156066, 55.9029266], [37.6092529, 55.9045604], [37.6069708, 55.9051729], [37.5991292, 55.9072771], [37.5976623, 55.9076893], [37.5949836, 55.9084547], [37.5931529, 55.9089478], [37.5926593, 55.9093426], [37.5910769, 55.9107421], [37.5905033, 55.9112915], [37.5903936, 55.9115315], [37.5903786, 55.9118397], [37.5905113, 55.91209], [37.5907549, 55.9124545], [37.5910586, 55.9132925], [37.5912017, 55.9135941], [37.5909767, 55.913624], [37.5907353, 55.913656], [37.5902506, 55.9129616], [37.5898758, 55.9123896], [37.5895143, 55.9121478], [37.5887127, 55.9119307], [37.5882787, 55.9115971], [37.5873513, 55.9103685], [37.5843617, 55.9108777], [37.5838922, 55.9109576], [37.5810267, 55.9111874], [37.5803508, 55.9112917], [37.5786006, 55.9114342], [37.5741491, 55.9112731], [37.5705367, 55.9110168], [37.5630309, 55.9101269], [37.5559156, 55.9092831], [37.5563917, 55.9111895], [37.5572923, 55.9141726], [37.55759, 55.9149671], [37.5587806, 55.9191662], [37.5588318, 55.9194579], [37.5589465, 55.9197844], [37.5593629, 55.9207161], [37.5598374, 55.9227198], [37.5606921, 55.9258616], [37.5607803, 55.926139], [37.5610442, 55.9269686], [37.5612318, 55.9275458], [37.5613115, 55.927769], [37.5613846, 55.9280588], [37.5613247, 55.9285098], [37.5612693, 55.9292968], [37.5611906, 55.9300904], [37.5611259, 55.9306245], [37.5610861, 55.9311573], [37.5609557, 55.9322714], [37.5616348, 55.9324247], [37.56272, 55.9326546], [37.564887, 55.9331281], [37.5659213, 55.933349], [37.5662035, 55.9348216], [37.5665274, 55.9364735], [37.5675951, 55.9364643], [37.568582, 55.9365271], [37.5695548, 55.9366232], [37.5702148, 55.9364521], [37.5702739, 55.9373108], [37.5700906, 55.9409267], [37.5685892, 55.9408117], [37.5675405, 55.9407314], [37.5668332, 55.9410952], [37.5666955, 55.9411361], [37.5662934, 55.941155], [37.5649565, 55.9413384], [37.5645841, 55.9414006], [37.5645334, 55.9416337], [37.5643523, 55.9423498], [37.5640848, 55.9435494], [37.5637113, 55.9450632], [37.5628076, 55.9476678], [37.56252, 55.9508629], [37.5624642, 55.9510735], [37.562706, 55.9510451], [37.5631765, 55.9510158], [37.5642523, 55.9509318], [37.565495, 55.9508373], [37.5678601, 55.9506606], [37.5680985, 55.9504261], [37.5685539, 55.9504469], [37.5690514, 55.9504656], [37.5694878, 55.9504635], [37.5696953, 55.9504469], [37.5698584, 55.9504501], [37.5701114, 55.9504186], [37.5709718, 55.9503367], [37.5721751, 55.950214], [37.5746098, 55.9499652], [37.5794222, 55.9494679], [37.5796143, 55.9503525], [37.5799038, 55.9514937], [37.5800379, 55.9520246], [37.5794776, 55.9530188], [37.5791196, 55.9536733], [37.580707, 55.9539887], [37.5798167, 55.9545962], [37.5787014, 55.9553906], [37.5784053, 55.9555753], [37.5766622, 55.9558712], [37.5747378, 55.9561865], [37.5744299, 55.9577717], [37.5705388, 55.9564346], [37.5666748, 55.9552007], [37.561826, 55.9536455], [37.5551537, 55.951529], [37.5550694, 55.9526196], [37.555104, 55.9535347], [37.5534475, 55.9536188], [37.5527164, 55.9536258], [37.5516576, 55.953631], [37.5516873, 55.9534586], [37.5516206, 55.9519655], [37.5518367, 55.9517077], [37.5518757, 55.9513749], [37.5518937, 55.951221], [37.5518046, 55.9512215], [37.5516988, 55.9511956], [37.5516654, 55.9512206], [37.5505504, 55.9511994], [37.5497615, 55.9512202], [37.5489944, 55.9512185], [37.5485507, 55.9511581], [37.5472812, 55.9536522], [37.5470062, 55.9542041], [37.5469335, 55.9542956], [37.5468615, 55.9542805], [37.5468604, 55.9542783], [37.5460228, 55.954178], [37.5441924, 55.9539247], [37.5431943, 55.9536991], [37.5422139, 55.9535017], [37.5412404, 55.9532779], [37.5408667, 55.953196], [37.5401635, 55.9530348], [37.5392968, 55.9528379], [37.5376977, 55.9525195], [37.5398085, 55.9493534], [37.5415439, 55.9465475], [37.543041, 55.9439037], [37.5423663, 55.9437836], [37.5417258, 55.9436626], [37.5413185, 55.9437373], [37.5408692, 55.9438128], [37.5402703, 55.9438206], [37.539365, 55.9438254], [37.5377796, 55.9438367], [37.5375832, 55.9443811], [37.5356275, 55.9440888], [37.5342323, 55.9440224], [37.5305549, 55.9435748], [37.530433, 55.9435017], [37.5271969, 55.9430948], [37.5239627, 55.9426832], [37.5238228, 55.9426631], [37.5230753, 55.9425453], [37.5219732, 55.9423737], [37.5201963, 55.9420833], [37.5192348, 55.9419381]]], [[[37.700741, 55.8609178], [37.7026948, 55.8609608], [37.7036283, 55.860981], [37.7037101, 55.8610299], [37.7043267, 55.8610437], [37.7044557, 55.8609291], [37.7051995, 55.8609183], [37.7027048, 55.8625186], [37.7020301, 55.8621725], [37.7019839, 55.8621475], [37.700717, 55.8615056], [37.7005055, 55.8611563], [37.7005613, 55.8610135], [37.700741, 55.8609178]]]]}}]}